1,2001-08-06,313
314,2002-09-15,165
479,2004-08-14,7
486,2006-03-08,20
506,2006-04-20,155
661,2005-02-24,61
722,2003-03-25,989
1711,2002-12-06,271
1982,2006-07-07,8
1990,2005-01-03,155
2145,2004-10-20,283
2428,2002-11-21,938
3366,2005-06-14,204
3570,2003-07-15,296
3866,2002-11-19,1348
5214,2004-10-18,184
5398,2002-09-12,282
5680,2004-08-13,62
5742,2006-04-18,238
5980,2001-08-01,132
6112,2005-06-13,221
6333,2003-07-12,148
6481,2005-01-04,417
6898,2004-10-27,281
7179,2002-11-26,1198
8377,2005-02-23,348
8725,2003-03-22,228
8953,2002-12-01,859
9812,2006-04-27,91
9903,2006-03-30,609
10512,2002-12-08,783
11295,2002-09-24,310
11605,2001-10-03,394
11999,2003-07-24,502
12501,2005-06-25,206
12707,2002-11-10,442
13149,2004-10-11,517
13666,2006-04-11,26
13692,2006-03-06,159
13851,2003-04-03,522
14373,2005-05-02,130
14503,2001-08-08,826
15329,2003-03-14,294
15623,2005-02-15,524
16147,2006-04-29,4
16151,2002-09-23,567
16718,2001-08-30,1297
18015,2004-10-29,58
18073,2002-11-28,438
18511,2003-03-13,445
18956,2002-12-30,657
19613,2005-02-12,222
19835,2003-04-04,140
19975,2005-05-05,21
19996,2006-03-01,63
20059,2006-04-16,3
20062,2002-11-17,1033
21095,2004-10-16,1
21096,2003-07-23,171
21267,2005-06-22,70
21337,2001-10-04,1100
22437,2006-07-31,141
22578,2002-01-17,607
23185,2004-07-01,171
23356,2005-12-12,6
23362,2004-03-31,404
23766,2004-04-26,229
23995,2002-05-27,204
24199,2002-01-28,1611
25810,2002-05-18,143
25953,2004-04-19,286
26239,2005-09-01,12
26251,2004-04-21,345
26596,2002-05-20,678
27274,2005-12-15,4
27278,2004-07-06,195
27473,2002-06-07,1264
28737,2002-01-10,1514
30251,2003-08-07,273
30524,2005-09-06,42
30566,2002-02-08,370
30936,2006-08-15,27
30963,2004-03-09,34
30997,2002-05-16,255
31252,2004-04-17,5
31257,2002-02-01,1025
32282,2005-12-23,20
32302,2001-07-22,105
32407,2004-07-30,368
32775,2003-10-05,759
33534,2002-01-26,108
33642,2005-11-04,73
33715,2004-04-28,364
34079,2002-05-29,1426
35505,2005-09-30,27
35532,2003-08-31,24
35556,2002-01-19,700
36256,2003-10-02,428
36684,2002-01-21,850
37534,2005-11-03,59
37593,2001-07-25,542
38135,2002-02-06,330
38465,2005-12-24,4
38469,2004-03-07,355
38824,2002-05-11,818
39642,2004-04-10,180
39822,2003-08-09,351
40173,2005-09-08,17
40190,2004-07-08,265
40455,2002-06-09,293
40748,2004-10-28,308
41056,2002-11-29,572
41628,2004-08-23,16
41644,2002-09-22,264
41908,2006-04-28,16
41924,2001-08-31,275
42199,2003-07-22,125
42324,2005-06-23,217
42541,2002-11-16,882
43423,2004-10-17,15
43438,2006-07-30,7
43445,2001-10-05,298
43743,2003-04-05,360
44103,2005-05-04,513
44616,2002-12-31,400
45016,2003-03-12,167
45183,2005-02-13,100
45283,2002-12-09,905
46188,2002-09-25,138
46326,2006-03-07,191
46517,2006-04-10,8
46525,2001-08-09,1060
47585,2003-03-15,119
47704,2005-02-14,162
47866,2003-04-02,786
48652,2005-05-03,47
48699,2001-10-02,296
48995,2002-11-11,1307
50302,2004-10-10,14
50316,2003-07-25,235
50551,2005-06-24,163
50714,2006-04-19,471
51185,2002-09-13,67
51252,2004-08-12,189
51441,2002-11-18,882
52323,2004-10-19,576
52899,2005-02-22,224
53123,2003-03-23,176
53299,2006-03-31,261
53560,2006-04-26,29
53589,2004-10-26,126
53715,2005-01-05,641
54356,2002-11-27,864
55220,2003-07-13,137
55357,2001-08-07,978
56335,2002-09-14,414
56749,2004-08-15,11
56760,2006-03-09,70
56830,2006-07-06,162
56992,2005-06-15,44
57036,2003-07-14,137
57173,2004-10-21,176
57349,2005-01-02,3
57352,2002-11-20,540
57892,2006-04-21,33
57925,2005-02-25,509
58434,2002-12-07,150
58584,2003-03-24,689
59273,2002-05-10,895
60168,2004-04-11,9
60177,2002-02-07,1092
61269,2004-03-06,177
61446,2003-08-08,126
61572,2005-09-09,417
61989,2002-01-20,986
62975,2003-10-03,188
63163,2005-11-02,5
63168,2001-07-24,823
63991,2004-07-09,19
64010,2002-06-08,459
64469,2001-07-23,501
64970,2002-01-27,647
65617,2003-10-04,784
66401,2002-06-30,425
66826,2004-07-31,98
66924,2004-03-01,604
67528,2005-12-22,13
67541,2002-05-17,461
68002,2004-04-16,749
68751,2002-01-18,909
69660,2004-04-29,121
69781,2002-05-28,537
70318,2003-08-30,492
70810,2002-01-11,1547
72357,2004-07-07,128
72485,2002-06-06,1118
73603,2005-12-14,2
73605,2004-04-20,625
74230,2002-05-21,970
75200,2003-08-06,450
75650,2005-09-07,43
75693,2002-02-09,923
76616,2006-08-14,18
76634,2004-03-08,448
77082,2004-04-27,281
77363,2002-05-26,231
77594,2004-03-30,1099
78693,2005-12-13,3
78696,2002-06-01,380
79076,2002-01-16,368
79444,2002-05-19,406
79850,2004-04-18,297
80147,2003-08-01,441
80588,2002-01-29,840
81428,2006-01-18,92
81520,2002-10-29,1235
82755,2004-11-28,25
82780,2006-05-28,7
82787,2002-08-22,199
82986,2004-09-23,832
83818,2004-11-17,334
84152,2002-10-16,922
85074,2003-06-22,84
85158,2006-01-27,192
85350,2001-11-05,2295
87645,2006-06-30,9
87654,2005-03-13,109
87763,2004-12-30,150
87913,2003-02-12,914
88827,2005-04-04,154
88981,2003-05-05,90
89071,2001-12-22,12
89083,2006-05-17,41
89124,2004-12-08,149
89273,2002-08-25,120
89393,2004-09-24,406
89799,2006-06-08,3
89802,2006-05-10,371
90173,2006-02-07,34
90207,2001-12-25,26
90233,2005-04-03,13
90246,2003-05-02,424
90670,2005-03-14,27
90697,2003-02-15,680
91377,2001-09-09,816
92193,2006-01-20,55
92248,2001-11-02,163
92411,2005-07-24,1
92412,2003-06-25,80
92492,2004-11-10,340
92832,2002-10-11,429
93261,2002-08-13,248
93509,2006-05-19,8
93517,2006-01-29,8
93525,2004-11-19,171
93696,2002-10-18,293
93989,2003-02-23,406
94395,2005-03-22,393
94788,2004-12-01,429
95217,2006-05-26,2
95219,2001-12-13,1846
97065,2003-06-13,431
97496,2005-07-12,47
97543,2003-01-04,347
97890,2002-10-27,318
98208,2004-11-26,197
98405,2006-06-01,4
98409,2006-01-16,161
98570,2001-09-07,1167
99737,2006-02-09,316
100053,2004-09-15,575
100628,2002-08-14,223
100851,2006-01-11,287
101138,2006-06-06,45
101183,2003-01-03,936
102119,2002-10-20,388
102507,2003-06-14,243
102750,2005-07-15,45
102795,2001-12-14,1183
103978,2003-02-24,659
104637,2005-03-25,228
104865,2004-12-06,101
104966,2004-02-06,438
105404,2003-12-24,32
105436,2002-03-07,483
105919,2004-05-11,75
105994,2002-04-10,878
106872,2005-08-09,121
106993,2003-09-08,249
107242,2005-10-02,23
107265,2004-01-21,143
107408,2003-11-03,654
108062,2006-09-25,52
108114,2002-07-08,756
108870,2004-06-09,1132
110002,2002-07-30,804
110806,2005-10-05,23
110829,2004-01-26,150
110979,2003-11-04,415
111394,2004-05-16,6
111400,2002-04-17,1113
112513,2004-02-01,435
112948,2003-12-23,215
113163,2004-01-19,62
113225,2006-09-22,203
113428,2002-04-28,230
113658,2004-05-29,2
113660,2003-09-30,284
113944,2005-08-31,44
113988,2002-07-06,82
114070,2004-06-07,1112
115182,2004-01-10,6
115188,2002-04-21,1277
116465,2004-05-20,162
116627,2003-12-15,592
117219,2005-08-07,46
117265,2003-09-06,172
117437,2006-09-14,329
117766,2002-03-09,461
118227,2003-12-12,587
118814,2002-03-31,996
119810,2002-04-26,762
120572,2004-05-27,447
121019,2004-01-17,35
121054,2002-07-01,1234
122288,2004-05-18,292
122580,2002-04-19,114
122694,2006-09-13,224
122918,2003-09-01,693
123611,2004-01-28,49
123660,2001-09-06,2494
126154,2006-02-08,3
126157,2004-09-14,367
126524,2002-08-15,173
126697,2001-12-15,842
127539,2003-02-25,473
128012,2004-12-07,268
128280,2005-03-24,531
128811,2006-06-07,23
128834,2006-01-10,21
128855,2003-06-15,111
128966,2005-07-14,102
129068,2002-10-21,1013
130081,2003-01-02,763
130844,2004-11-20,4
130848,2006-01-28,3
130851,2004-11-18,273
131124,2002-10-19,303
131427,2006-05-18,53
131480,2004-09-13,388
131868,2002-08-12,217
132085,2001-09-01,1058
133143,2002-10-26,850
133993,2003-01-05,265
134258,2004-11-27,31
134289,2003-06-12,224
134513,2005-07-13,390
134903,2006-01-17,23
134926,2003-02-22,323
135249,2005-03-23,125
135374,2001-12-12,887
136261,2006-06-09,195
136456,2004-12-09,278
136734,2002-08-24,163
136897,2004-09-25,701
137598,2001-11-03,347
137945,2004-11-11,70
138015,2002-10-10,432
138447,2005-07-25,14
138461,2003-06-24,104
138565,2006-02-06,155
138720,2001-12-24,143
138863,2006-05-11,47
138910,2005-03-15,287
139197,2003-02-14,211
139408,2001-09-08,493
139901,2005-04-02,28
139929,2003-05-03,49
139978,2002-08-23,168
140146,2004-09-22,415
140561,2006-05-29,1
140562,2001-09-30,11
140573,2006-01-19,210
140783,2002-10-28,592
141375,2004-11-29,475
141850,2005-04-05,103
141953,2003-05-04,44
141997,2004-12-31,90
142087,2005-03-12,4
142091,2003-02-13,741
142832,2006-05-16,111
142943,2006-02-01,229
143172,2001-12-23,132
143304,2005-07-22,16
143320,2003-06-23,30
143350,2004-11-16,494
143844,2002-10-17,114
143958,2006-01-26,122
144080,2001-11-04,846
144926,2004-06-01,470
145396,2004-01-16,42
145438,2002-04-27,1218
146656,2004-05-26,719
147375,2002-03-30,437
147812,2003-12-13,83
147895,2004-01-29,167
148062,2006-09-12,11
148073,2004-05-19,119
148192,2002-04-18,769
148961,2005-08-01,60
149021,2003-12-14,147
149168,2002-04-20,16
149184,2004-05-21,139
149323,2004-01-11,4
149327,2002-07-07,732
150059,2004-06-06,430
150489,2005-08-06,1
150490,2003-09-07,18
150508,2004-02-09,202
150710,2006-09-15,19
150729,2002-03-08,1308
152037,2002-03-01,683
152720,2003-12-22,319
153039,2004-05-17,383
153422,2002-04-16,1362
154784,2004-01-27,293
155077,2005-10-04,134
155211,2003-11-05,465
155676,2002-07-31,774
156450,2002-04-29,748
157198,2004-05-28,290
157488,2006-09-23,1
157489,2005-08-30,30
157519,2004-01-18,24
157543,2004-01-20,153
157696,2005-10-03,168
157864,2003-11-02,462
158326,2004-05-10,12
158338,2002-04-11,1004
159342,2004-02-07,54
159396,2002-03-06,669
160065,2005-08-08,85
160150,2003-09-09,133
160283,2002-07-09,737
161020,2004-06-08,715
161735,2006-09-24,1
161736,2006-09-06,9
161745,2003-09-14,321
162066,2004-01-02,86
162152,2005-10-21,37
162189,2003-11-20,225
162414,2002-07-14,548
162962,2004-02-25,177
163139,2002-03-24,504
163643,2003-12-07,226
163869,2003-09-13,462
164331,2005-08-12,126
164457,2006-09-01,2
164459,2003-11-18,406
164865,2005-10-19,201
165066,2004-02-22,367
165433,2002-03-23,738
166171,2002-07-13,193
166364,2004-01-05,153
166517,2005-10-26,101
166618,2003-11-27,679
167297,2003-12-09,418
167715,2005-08-24,252
167967,2003-09-25,500
168467,2002-04-02,780
169247,2004-05-03,216
169463,2002-03-15,614
170077,2006-09-08,2
170079,2002-07-25,924
171003,2003-11-11,221
171224,2005-10-10,144
171368,2005-10-28,54
171422,2003-11-29,51
171473,2005-08-23,147
171620,2003-09-22,453
172073,2006-09-30,7
172080,2003-11-16,253
172333,2005-10-17,103
172436,2002-07-22,648
173084,2004-06-23,324
173408,2002-03-12,1906
175314,2003-12-31,341
175655,2004-02-13,24
175679,2002-04-05,639
176318,2004-05-04,144
176462,2006-02-23,69
176531,2004-12-13,94
176625,2005-03-30,63
176688,2005-04-27,257
176945,2003-05-26,277
177222,2006-01-04,15
177237,2001-11-26,2093
179330,2006-06-13,3
179333,2003-01-16,621
179954,2003-06-01,118
180072,2003-05-19,279
180351,2005-04-18,241
180592,2001-09-12,469
181061,2002-08-01,814
181875,2003-01-29,344
182219,2001-11-19,1276
183495,2005-07-07,352
183847,2003-06-06,118
183965,2003-01-11,401
184366,2006-06-14,76
184442,2006-01-03,40
184482,2001-11-21,1205
185687,2005-04-20,261
185948,2003-05-21,583
186531,2004-12-14,79
186610,2006-02-24,28
186638,2001-12-06,684
187322,2002-08-06,355
187677,2004-09-07,224
187901,2003-02-09,790
188691,2001-09-15,746
189437,2005-03-08,307
189744,2006-06-22,4
189748,2001-11-17,1259
191007,2003-06-30,215
191222,2005-07-31,69
191291,2002-10-04,341
191632,2003-01-27,438
192070,2004-11-05,319
192389,2006-05-05,9
192398,2001-12-30,96
192494,2006-02-12,2
192496,2003-05-17,100
192596,2005-04-16,25
192621,2004-12-22,106
192727,2005-03-01,47
192774,2003-01-18,711
193485,2001-11-28,181
193666,2001-09-23,196
193862,2005-04-29,265
194127,2003-05-28,140
194267,2002-08-30,389
194656,2003-02-07,196
194852,2005-03-06,38
194890,2003-05-10,121
195011,2005-04-11,197
195208,2002-08-08,424
195632,2006-02-15,37
195669,2004-09-09,20
195689,2006-05-02,187
195876,2002-10-03,489
196365,2003-01-20,537
196902,2004-11-02,79
196981,2001-11-10,439
197420,2001-12-08,384
197804,2001-09-24,926
198730,2003-06-08,264
198994,2005-08-22,139
199133,2003-09-23,218
199351,2003-11-28,131
199482,2002-04-04,1920
201402,2004-05-05,267
201669,2003-12-30,18
201687,2002-03-13,1124
202811,2004-02-12,84
202895,2002-07-23,712
203607,2004-06-22,1455
205062,2003-11-17,608
205670,2005-10-16,2
205672,2001-06-30,518
206190,2003-12-08,132
206322,2005-08-25,67
206389,2003-09-24,117
206506,2003-11-10,366
206872,2005-10-11,214
207086,2002-07-24,775
207861,2002-03-14,268
208129,2004-02-15,78
208207,2002-04-03,896
209103,2003-11-19,237
209340,2005-10-18,57
209397,2003-09-12,393
209790,2005-08-13,163
209953,2005-10-27,54
210007,2004-01-04,98
210105,2003-11-26,534
210639,2002-07-12,507
211146,2004-02-23,217
211363,2003-12-01,486
211849,2002-03-22,1042
212891,2006-09-07,2
212893,2003-09-15,67
212960,2005-08-14,46
213006,2004-02-24,642
213648,2003-12-06,124
213772,2002-03-25,762
214534,2002-07-15,402
214936,2005-10-20,77
215013,2004-01-03,72
215085,2003-11-21,569
215654,2003-01-21,628
216282,2002-10-02,222
216504,2004-11-03,57
216561,2001-11-11,448
217009,2003-05-11,33
217042,2005-04-10,157
217199,2003-02-06,572
217771,2005-03-07,376
218147,2004-12-24,5
218152,2006-05-03,146
218298,2002-08-09,427
218725,2006-02-14,22
218747,2004-09-08,110
218857,2005-07-08,112
218969,2003-06-09,402
219371,2001-12-09,446
219817,2001-09-25,1176
220993,2001-12-31,583
221576,2006-02-13,49
221625,2006-05-04,4
221629,2003-02-01,525
222154,2004-12-23,314
222468,2003-05-16,305
222773,2005-04-17,9
222782,2001-11-16,1132
223914,2006-06-23,21
223935,2003-01-26,12
223947,2002-10-05,466
224413,2004-11-04,437
224850,2005-07-30,1
224851,2005-04-28,112
224963,2003-05-29,479
225442,2001-09-22,540
225982,2004-09-30,396
226378,2002-08-31,598
226976,2003-01-19,110
227086,2001-11-29,1179
228265,2004-12-15,197
228462,2005-04-21,321
228783,2003-05-20,209
228992,2006-02-25,52
229044,2001-12-07,1252
230296,2003-01-10,756
231052,2005-07-06,145
231197,2003-06-07,191
231388,2006-01-02,38
231426,2001-11-20,1107
232533,2006-06-15,18
232551,2002-08-07,322
232873,2004-09-06,153
233026,2003-02-08,209
233235,2001-09-14,674
233909,2005-03-09,130
234039,2006-06-12,115
234154,2006-01-05,78
234232,2001-11-27,984
235216,2005-07-01,4
235220,2003-01-17,311
235531,2006-02-22,33
235564,2005-04-26,109
235673,2003-05-27,412
236085,2005-03-31,214
236299,2003-01-28,140
236439,2001-11-18,255
236694,2001-09-13,181
236875,2003-05-18,354
237229,2005-04-19,449
237678,2004-09-01,2260
239938,2003-08-23,425
240363,2005-09-22,156
240519,2006-08-31,14
240533,2003-10-28,452
240985,2005-11-29,10
240995,2004-03-12,535
241530,2005-12-31,8
241538,2002-02-13,1096
242634,2004-04-05,932
243566,2002-05-04,963
244529,2005-11-16,7
244536,2003-10-17,671
245207,2004-07-22,285
245492,2002-06-23,210
245702,2006-10-05,3
245705,2001-07-30,365
246070,2005-12-09,140
246210,2003-08-24,48
246258,2005-09-25,37
246295,2006-10-02,6
246301,2004-07-25,112
246413,2002-06-24,740
247153,2005-11-11,30
247183,2003-10-10,414
247597,2004-04-02,961
248558,2002-05-03,1364
249922,2006-08-09,4
249926,2004-03-15,247
250173,2002-02-14,409
250582,2005-11-18,6
250588,2003-10-19,531
251119,2005-09-13,134
251253,2003-08-12,259
251512,2002-06-12,886
252398,2004-07-13,38
252436,2002-01-05,926
253362,2003-10-26,86
253448,2005-11-27,2
253450,2002-02-22,1012
254462,2004-03-23,1228
255690,2006-08-07,38
255728,2005-09-14,188
255916,2003-08-15,502
256418,2002-02-25,769
257187,2004-03-24,858
258045,2005-12-07,2
258047,2002-01-02,707
258754,2003-10-21,424
259178,2005-11-20,15
259193,2002-06-15,214
259407,2004-07-14,83
259490,2004-10-03,378
259868,2005-01-20,90
259958,2002-11-02,560
260518,2001-10-11,773
261291,2006-07-24,2
261293,2005-02-07,833
262126,2002-12-25,24
262150,2003-03-06,996
263146,2005-05-10,164
263310,2003-04-11,157
263467,2004-08-08,96
263563,2006-03-14,75
263638,2002-09-09,975
264613,2006-04-03,120
264733,2003-07-09,3
264736,2005-06-08,57
264793,2001-08-25,168
264961,2006-04-04,121
265082,2006-03-13,270
265352,2005-05-17,72
265424,2003-04-16,299
265723,2002-12-22,293
266016,2003-03-01,244
266260,2006-07-23,1
266261,2001-10-16,158
266419,2005-06-30,57
266476,2003-07-31,360
266836,2004-10-04,203
267039,2005-01-27,229
267268,2002-11-05,2215
269483,2001-08-22,494
269977,2003-04-29,274
270251,2005-01-18,469
270720,2001-10-29,481
271201,2003-04-20,5
271206,2005-05-21,68
271274,2002-12-14,625
271899,2006-03-25,9
271908,2003-07-07,13
271921,2005-06-06,74
271995,2005-01-11,318
272313,2001-10-20,220
272533,2004-08-06,212
272745,2002-09-07,240
272985,2005-02-09,157
273142,2001-08-14,985
274127,2003-03-08,70
274197,2001-10-27,653
274850,2006-07-12,1
274851,2005-01-16,79
274930,2005-06-01,239
275169,2006-03-22,250
275419,2002-12-13,732
276151,2003-03-30,39
276190,2003-04-27,92
276282,2005-05-26,95
276377,2001-10-18,407
276784,2005-05-19,299
277083,2003-04-18,187
277270,2001-08-13,2200
279470,2004-08-01,95
279565,2006-08-06,9
279574,2005-09-15,70
279644,2003-08-14,79
279723,2002-06-14,396
280119,2004-07-15,21
280140,2003-10-20,211
280351,2002-01-03,166
280517,2005-11-21,4
280521,2002-02-24,1146
281667,2005-12-06,60
281727,2004-03-25,837
282564,2005-09-12,145
282709,2003-08-13,539
283248,2006-08-01,81
283329,2005-11-19,6
283335,2003-10-18,131
283466,2002-02-23,1121
284587,2005-12-01,156
284743,2004-03-22,559
285302,2003-10-27,280
285582,2002-01-04,863
286445,2005-11-26,147
286592,2002-06-13,1329
287921,2004-07-12,96
288017,2003-08-25,490
288507,2005-09-24,19
288526,2006-08-08,6
288532,2004-03-14,340
288872,2002-02-15,106
288978,2004-04-03,26
289004,2002-05-02,534
289538,2006-10-03,7
289545,2005-11-10,98
289643,2003-10-11,946
290589,2004-07-24,142
290731,2002-06-25,964
291695,2003-10-29,210
291905,2005-11-28,12
291917,2003-08-22,588
292505,2005-09-23,262
292767,2006-08-30,47
292814,2004-07-23,442
293256,2002-06-22,9
293265,2003-10-16,398
293663,2001-07-31,415
294078,2006-10-04,4
294082,2004-04-04,367
294449,2002-05-05,457
294906,2005-12-30,6
294912,2004-03-13,529
295441,2002-02-12,1677
297118,2006-03-23,134
297252,2003-04-26,153
297405,2003-03-31,223
297628,2002-12-12,531
298159,2006-07-13,1
298160,2001-10-26,393
298553,2003-07-01,78
298631,2005-01-17,352
298983,2001-08-12,172
299155,2005-05-18,56
299211,2003-04-19,415
299626,2002-09-01,477
300103,2005-01-28,98
300201,2001-10-19,1162
301363,2005-01-10,1113
302476,2003-07-06,46
302522,2005-06-07,170
302692,2001-10-21,33
302725,2002-12-15,155
302880,2003-04-21,182
303062,2005-05-20,109
303171,2006-03-24,50
303221,2004-08-07,338
303559,2002-09-06,384
303943,2005-02-08,282
304225,2001-08-15,1336
305561,2003-03-09,446
306007,2001-10-17,641
306648,2005-01-26,133
306781,2004-10-05,69
306850,2002-11-04,1100
307950,2003-07-30,888
308838,2006-03-12,169
309007,2006-04-05,258
309265,2005-02-01,194
309459,2002-12-23,229
309688,2005-05-16,7
309695,2003-04-17,93
309788,2005-01-19,126
309914,2001-10-28,191
310105,2003-04-28,79
310184,2001-08-23,2923
313107,2002-09-30,278
313385,2005-05-11,421
313806,2003-04-10,249
314055,2005-02-06,142
314197,2003-03-07,375
314572,2002-12-24,496
315068,2006-04-02,24
315092,2004-08-09,175
315267,2006-03-15,137
315404,2002-09-08,177
315581,2005-01-21,76
315657,2004-10-02,139
315796,2002-11-03,1252
317048,2006-07-25,80
317128,2001-10-10,95
317223,2001-08-24,1942
319165,2003-07-08,63
319228,2005-06-09,254
319482,2005-12-16,132
319614,2004-04-22,46
319660,2002-05-23,895
320555,2003-10-30,375
320930,2002-01-13,1114
322044,2004-07-05,198
322242,2002-06-04,1658
323900,2003-08-04,255
324155,2005-12-29,20
324175,2006-08-16,7
324182,2001-07-28,591
324773,2004-07-02,38
324811,2002-06-03,1267
326078,2002-01-14,153
326231,2004-04-25,124
326355,2002-05-24,1399
327754,2003-10-08,643
328397,2005-11-09,21
328418,2006-08-11,8
328426,2003-08-03,104
328530,2005-09-02,1
328531,2003-10-01,558
329089,2002-01-22,414
329503,2001-07-26,1621
331124,2002-05-12,350
331474,2004-04-13,250
331724,2002-02-05,876
332600,2005-12-27,21
332621,2006-08-18,12
332633,2004-03-04,123
332756,2001-07-19,328
333084,2002-02-02,76
333160,2005-12-20,9
333169,2004-03-03,350
333519,2002-05-15,1104
334623,2004-04-14,585
335208,2001-07-21,518
335726,2003-10-06,620
336346,2002-01-25,782
337128,2005-11-07,46
337174,2006-08-20,1
337175,2001-10-09,552
337727,2002-09-11,572
338299,2004-08-10,348
338647,2003-04-09,91
338738,2001-08-02,488
339226,2005-01-07,334
339560,2004-10-24,3
339563,2002-11-25,1133
340696,2005-06-10,72
340768,2003-07-11,307
341075,2006-07-03,2
341077,2005-02-20,37
341114,2003-03-21,228
341342,2002-12-02,723
342065,2006-04-24,6
342071,2001-08-05,240
342311,2003-03-19,167
342478,2005-02-18,144
342622,2002-09-16,846
343468,2004-08-17,176
343644,2003-07-29,459
344103,2005-06-28,216
344319,2006-04-23,1
344320,2002-09-29,667
344987,2005-02-27,10
344997,2003-03-26,859
345856,2002-12-05,531
346387,2006-07-04,21
346408,2001-10-31,604
347012,2005-06-17,29
347041,2003-07-16,171
347212,2004-10-23,143
347355,2002-11-22,833
348188,2004-08-21,19
348207,2002-09-20,952
349159,2005-01-09,9
349168,2003-04-07,1151
350319,2005-05-06,76
350395,2003-03-10,759
351154,2005-02-11,422
351576,2006-04-15,13
351589,2006-03-02,98
351687,2003-07-20,196
351883,2005-06-21,160
352043,2002-11-14,1204
353247,2004-10-15,213
353460,2001-10-07,1
353461,2005-06-19,11
353472,2003-07-18,265
353737,2003-03-28,261
353998,2002-09-27,574
354572,2002-11-13,757
355329,2005-01-31,134
355463,2004-10-12,117
355580,2003-07-27,229
355809,2002-09-18,1069
356878,2004-08-19,119
356997,2006-03-05,4
357001,2006-04-12,163
357164,2003-03-17,417
357581,2005-02-16,466
358047,2005-05-01,130
358177,2001-07-20,736
358913,2002-01-24,796
359709,2003-10-07,1220
360929,2005-11-06,58
360987,2002-05-14,1637
362624,2004-04-15,382
363006,2002-02-03,1107
364113,2004-03-02,422
364535,2005-12-21,8
364543,2002-02-04,1095
365638,2004-03-05,1025
366663,2005-12-26,3
366666,2002-05-13,835
367501,2004-04-12,106
367607,2002-01-23,422
368029,2001-07-27,612
368641,2005-12-19,67
368708,2005-12-10,15
368723,2004-04-24,246
368969,2002-05-25,106
369075,2002-01-15,447
369522,2004-07-03,58
369580,2002-06-02,460
370040,2006-08-10,58
370098,2003-08-02,350
370448,2003-10-09,247
370695,2005-11-08,5
370700,2004-07-04,1
370701,2002-06-05,1193
371894,2005-11-30,4
371898,2002-01-12,544
372442,2003-10-31,607
373049,2004-04-23,294
373343,2002-05-22,197
373540,2001-07-29,325
373865,2003-08-05,685
374550,2006-08-17,6
374556,2005-02-28,234
374790,2003-03-29,128
374918,2002-09-26,124
375042,2005-06-18,37
375079,2003-07-19,160
375239,2006-04-13,354
375593,2002-09-19,722
376315,2004-08-18,537
376852,2006-03-04,191
377043,2003-04-01,493
377536,2003-03-16,17
377553,2005-02-17,143
377696,2001-10-01,1165
378861,2003-07-26,287
379148,2005-06-27,35
379183,2002-11-12,684
379867,2004-10-13,147
380014,2005-01-08,109
380123,2004-08-20,28
380151,2002-09-21,226
380377,2002-11-15,1533
381910,2004-10-14,44
381954,2003-07-21,227
382181,2005-06-20,154
382335,2001-10-06,796
383131,2003-03-11,547
383678,2005-02-10,902
384580,2003-04-06,108
384688,2005-05-07,3
384691,2006-03-03,337
385028,2006-04-14,248
385276,2003-07-28,133
385409,2005-06-29,283
385692,2001-08-04,23
385715,2003-03-18,307
386022,2005-02-19,4
386026,2002-09-17,737
386763,2004-08-16,5
386768,2001-10-30,220
386988,2006-07-05,39
387027,2004-10-22,369
387396,2005-01-01,1
387397,2002-11-23,231
387628,2005-06-16,119
387747,2003-07-17,253
388000,2002-09-28,513
388513,2006-04-22,20
388533,2005-02-26,51
388584,2002-12-04,1145
389729,2003-03-27,343
390072,2005-05-31,86
390158,2003-04-30,281
390439,2002-09-10,676
391115,2004-08-11,249
391364,2001-08-03,307
391671,2003-04-08,189
391860,2005-05-09,189
392049,2001-10-08,1404
393453,2005-02-21,219
393672,2002-12-03,1471
395143,2003-03-20,415
395558,2006-04-25,27
395585,2003-07-10,82
395667,2004-10-25,308
395975,2005-01-06,364
396339,2002-11-24,714
397053,2005-10-06,4
397057,2004-01-25,18
397075,2003-11-07,233
397308,2004-02-02,115
397423,2003-12-20,209
397632,2002-03-03,521
398153,2002-04-14,779
398932,2006-09-21,79
399011,2004-05-12,498
399509,2002-04-13,509
400018,2004-02-05,493
400511,2006-09-19,18
400529,2002-03-04,535
401064,2005-10-01,3
401067,2004-01-22,289
401356,2001-06-27,933
402289,2003-12-18,51
402340,2006-09-26,112
402452,2002-04-25,2002
404454,2004-05-24,326
404780,2003-12-11,344
405124,2002-07-02,588
405712,2004-06-03,656
406368,2004-01-14,124
406492,2005-08-03,244
406736,2003-09-02,248
406984,2005-10-08,65
407049,2003-11-09,692
407741,2005-10-30,3
407744,2004-01-13,22
407766,2002-07-05,322
408088,2004-06-04,438
408526,2003-12-16,261
408787,2006-09-28,61
408848,2002-04-22,1404
410252,2004-05-23,75
410327,2001-06-29,968
411295,2005-08-04,170
411465,2003-09-05,77
411542,2003-12-29,90
411632,2005-03-28,2
411634,2002-08-26,236
411870,2001-12-19,1023
412893,2004-09-27,440
413333,2003-06-19,624
413957,2005-07-18,6
413963,2006-02-04,11
413974,2004-09-18,141
414115,2002-08-19,79
414194,2001-12-26,207
414401,2005-03-17,88
414489,2003-02-16,282
414771,2003-05-01,206
414977,2006-01-23,6
414983,2001-11-01,893
415876,2003-01-31,1007
416883,2002-10-12,119
417002,2005-07-27,105
417107,2003-06-26,31
417138,2003-01-09,66
417204,2002-08-21,194
417398,2004-09-20,761
418159,2005-07-20,1
418160,2003-06-21,438
418598,2002-10-15,311
418909,2006-01-24,187
419096,2001-11-06,627
419723,2005-04-07,102
419825,2003-05-06,196
420021,2005-03-10,274
420295,2003-02-11,382
420677,2006-02-03,5
420682,2001-12-21,493
421175,2005-07-29,52
421227,2003-06-28,133
421360,2005-03-19,143
421503,2003-02-18,770
422273,2001-09-04,1276
423549,2004-09-16,787
424336,2002-08-17,162
424498,2001-12-28,403
424901,2001-11-30,156
425057,2006-01-12,17
425074,2003-06-17,80
425154,2005-07-16,7
425161,2002-10-23,343
425504,2004-11-22,93
425597,2006-05-22,83
425680,2002-08-28,506
426186,2001-12-17,995
427181,2004-09-29,322
427503,2003-05-30,295
427798,2003-02-27,529
428327,2005-03-26,317
428644,2004-12-05,79
428723,2004-09-11,6
428729,2002-08-10,261
428990,2005-04-09,82
429072,2003-05-08,64
429136,2001-09-03,1487
430623,2001-11-08,2043
432666,2003-02-20,693
433359,2005-03-21,441
433800,2004-12-02,88
433888,2001-12-10,898
434786,2006-05-25,7
434793,2003-01-07,512
435305,2002-10-24,551
435856,2004-11-25,223
436079,2003-06-10,341
436420,2005-07-11,5
436425,2006-01-15,17
436442,2006-06-02,8
436450,2002-04-23,611
437061,2004-05-22,18
437079,2003-12-17,324
437403,2006-09-29,5
437408,2002-07-04,141
437549,2004-06-05,6
437555,2003-11-30,197
437752,2004-01-12,133
437885,2005-10-31,18
437903,2005-08-05,571
438474,2003-09-04,109
438583,2003-12-28,3
438586,2001-06-28,2242
440828,2004-01-15,47
440875,2002-07-03,435
441310,2004-06-02,419
441729,2003-12-10,210
441939,2002-04-24,617
442556,2004-05-25,169
442725,2005-10-09,8
442733,2003-11-08,369
443102,2006-09-11,11
443113,2005-08-02,59
443172,2003-09-03,262
443434,2004-01-23,76
443510,2003-11-01,331
443841,2004-02-04,119
443960,2006-09-18,123
444083,2002-03-05,668
444751,2004-05-13,179
444930,2002-04-12,1198
446128,2003-12-19,72
446200,2006-09-27,10
446210,2004-05-14,160
446370,2002-04-15,647
447017,2004-02-03,54
447071,2002-03-02,2020
449091,2003-12-21,54
449145,2004-01-24,16
449161,2005-10-07,10
449171,2003-11-06,538
449709,2006-09-20,38
449747,2001-11-09,800
450547,2004-09-10,49
450596,2002-08-11,210
450806,2001-09-02,2270
453076,2005-04-08,246
453322,2003-05-09,187
453509,2003-06-11,866
454375,2005-07-10,24
454399,2002-10-25,919
455318,2003-01-06,1016
456334,2004-11-24,293
456627,2006-06-03,7
456634,2006-01-14,6
456640,2003-02-21,535
457175,2004-12-03,267
457442,2005-03-20,14
457456,2006-05-24,3
457459,2001-12-11,505
457964,2005-03-18,402
458366,2003-02-19,573
458939,2001-09-05,1799
460738,2004-09-17,597
461335,2001-12-29,388
461723,2002-08-16,598
462321,2005-07-28,189
462510,2003-06-29,24
462534,2001-12-16,797
463331,2002-08-29,293
463624,2004-09-28,970
464594,2006-05-23,189
464783,2003-02-26,508
465291,2005-03-27,4
465295,2003-05-31,78
465373,2005-04-30,487
465860,2006-01-13,65
465925,2002-10-22,599
466524,2003-01-01,228
466752,2004-11-23,262
467014,2003-06-16,676
467690,2005-07-17,10
467700,2002-08-20,748
468448,2004-09-21,611
469059,2003-01-08,764
469823,2005-03-11,345
470168,2003-02-10,1021
471189,2005-04-06,324
471513,2003-05-07,22
471535,2006-02-02,10
471545,2001-12-20,880
472425,2006-05-15,10
472435,2004-11-15,483
472918,2002-10-14,60
472978,2005-07-21,92
473070,2003-06-20,88
473158,2006-01-25,39
473197,2001-11-07,1990
475187,2003-06-18,24
475211,2005-07-19,1
475212,2003-02-28,682
475894,2005-03-29,298
476192,2001-12-18,1241
477433,2002-08-27,254
477687,2004-09-26,69
477756,2005-07-26,15
477771,2003-06-27,109
477880,2004-11-12,139
478019,2002-10-13,92
478111,2003-01-30,613
478724,2006-05-12,78
478802,2006-02-05,1
478803,2004-09-19,48
478851,2001-12-27,656
479507,2002-08-18,1346
480853,2005-04-01,371
481224,2005-03-16,96
481320,2003-02-17,186
481506,2004-11-30,197
481703,2002-10-31,628
482331,2003-01-12,75
482406,2005-07-04,119
482525,2003-06-05,246
482771,2001-11-22,151
482922,2006-06-17,2
482924,2004-12-17,93
483017,2001-09-29,157
483174,2005-04-23,61
483235,2003-05-22,57
483292,2006-02-27,271
483563,2001-12-05,452
484015,2006-05-30,35
484050,2006-06-28,46
484096,2002-08-05,760
484856,2006-02-18,4
484860,2004-09-04,150
485010,2001-09-16,862
485872,2004-12-28,388
486260,2006-02-20,182
486442,2001-12-02,724
487166,2005-04-24,220
487386,2003-05-25,172
487558,2004-12-10,205
487763,2001-11-25,338
488101,2005-07-03,65
488166,2003-06-02,67
488233,2003-01-15,416
488649,2001-09-11,1517
490166,2002-08-02,906
491072,2004-09-03,112
491184,2006-05-08,17
491201,2002-10-09,275
491476,2004-11-08,225
491701,2003-05-13,161
491862,2005-04-12,377
492239,2003-02-04,353
492592,2001-09-18,1693
494285,2004-12-26,28
494313,2005-03-05,32
494345,2006-05-01,3
494348,2006-02-16,102
494450,2003-01-23,610
495060,2004-11-01,54
495114,2006-06-26,61
495175,2001-11-13,1051
496226,2006-01-31,251
496477,2004-12-19,25
496502,2001-09-27,607
497109,2006-06-19,150
497259,2001-11-14,536
497795,2006-06-21,236
498031,2002-10-07,211
498242,2003-01-24,376
498618,2004-11-06,35
498653,2006-05-06,1
498654,2003-02-03,1148
499802,2004-12-21,249
500051,2005-03-02,202
500253,2003-05-14,19
500272,2005-04-15,230
500502,2006-01-09,116
500618,2001-09-20,1224
501842,2003-09-10,121
501963,2005-08-11,45
502008,2002-04-08,1649
503657,2004-05-09,7
503664,2006-09-02,1
503665,2004-02-21,190
503855,2002-03-20,1857
505712,2003-12-03,284
505996,2004-01-06,91
506087,2005-10-25,20
506107,2003-11-24,779
506886,2004-06-11,5
506891,2002-07-10,465
507356,2002-07-28,127
507483,2002-03-18,2240
509723,2004-02-19,332
510055,2006-09-05,14
510069,2003-09-17,1045
511114,2005-08-16,23
511137,2002-07-17,533
511670,2004-01-01,72
511742,2005-10-22,5
511747,2003-11-23,428
512175,2005-08-29,133
512308,2003-09-28,7
512315,2004-05-31,112
512427,2002-04-30,754
513181,2004-02-26,752
513933,2002-03-27,362
514295,2003-12-04,651
514946,2004-01-08,337
515283,2005-08-20,6
515289,2003-09-21,28
515317,2002-07-21,250
515567,2003-11-15,232
515799,2005-10-14,154
515953,2002-04-06,724
516677,2004-05-07,148
516825,2002-03-11,1166
517991,2004-02-10,98
518089,2004-02-28,121
518210,2002-03-29,1420
519630,2003-09-26,723
520353,2002-07-19,212
520565,2003-09-19,636
521201,2005-08-18,12
521213,2002-03-16,850
522063,2004-02-17,831
522894,2002-04-01,1429
524323,2003-11-12,137
524460,2004-01-30,305
524765,2005-10-13,72
524837,2002-07-26,184
525021,2006-05-07,55
525076,2006-02-10,194
525270,2003-05-15,135
525405,2005-04-14,410
525815,2003-02-02,67
525882,2005-03-03,165
526047,2004-12-20,191
526238,2006-06-20,69
526307,2001-11-15,1053
527360,2003-01-25,160
527520,2002-10-06,425
527945,2004-11-07,15
527960,2001-09-21,2778
530738,2003-01-22,353
531091,2002-10-01,536
531627,2001-11-12,1348
532975,2006-01-30,74
533049,2006-06-27,83
533132,2003-02-05,17
533149,2001-09-19,478
533627,2005-03-04,105
533732,2004-12-27,139
533871,2003-05-12,87
533958,2005-04-13,278
534236,2006-02-17,132
534368,2006-02-28,30
534398,2004-12-18,90
534488,2001-09-26,745
535233,2006-01-06,1
535234,2001-11-24,293
535527,2003-01-14,373
535900,2005-07-02,6
535906,2003-06-03,572
536478,2006-02-21,251
536729,2001-12-03,1030
537759,2004-12-11,11
537770,2005-04-25,273
538043,2003-05-24,483
538526,2002-10-08,579
539105,2004-11-09,102
539207,2001-09-10,3137
542344,2006-05-09,45
542389,2002-08-03,102
542491,2004-09-02,1031
543522,2005-04-22,333
543855,2003-05-23,304
544159,2004-12-16,85
544244,2001-09-28,511
544755,2006-05-31,55
544810,2006-02-26,31
544841,2001-12-04,1090
545931,2005-07-05,83
546014,2003-06-04,80
546094,2003-01-13,280
546374,2002-10-30,297
546671,2006-06-16,1
546672,2001-11-23,153
546825,2002-08-04,20
546845,2006-02-19,3
546848,2004-09-05,142
546990,2001-09-17,1401
548391,2004-12-29,21
548412,2006-06-29,61
548473,2002-07-18,641
549114,2004-02-29,230
549344,2002-03-28,1414
550758,2005-08-26,70
550828,2003-09-27,286
551114,2002-07-27,371
551485,2003-11-13,471
551956,2005-10-12,370
552326,2004-01-31,57
552383,2003-09-18,1097
553480,2005-08-19,62
553542,2004-05-01,14
553556,2002-03-17,756
554312,2004-02-16,459
554771,2005-08-21,2
554773,2003-09-20,145
554918,2004-01-09,235
555153,2002-03-10,1089
556242,2004-02-11,180
556422,2002-04-07,1118
557540,2004-05-06,309
557849,2003-11-14,321
558170,2005-10-15,19
558189,2002-07-20,272
558461,2002-03-19,1482
559943,2004-02-18,193
560136,2006-09-04,4
560140,2003-09-16,267
560407,2005-08-17,50
560457,2002-07-29,150
560607,2005-08-28,5
560612,2003-09-29,521
561133,2004-02-27,753
561886,2003-12-05,947
562833,2002-03-26,1715
564548,2004-05-30,144
564692,2003-11-22,766
565458,2002-07-16,219
565677,2003-09-11,838
566515,2005-08-10,302
566817,2002-04-09,935
567752,2004-05-08,10
567762,2004-06-10,185
567947,2002-07-11,279
568226,2005-10-24,5
568231,2004-01-07,345
568576,2003-11-25,325
568901,2004-02-20,168
569069,2003-12-02,163
569232,2002-03-21,1096
570328,2006-03-10,195
570523,2006-04-07,60
570583,2005-02-03,406
570989,2002-12-21,286
571275,2003-03-02,117
571392,2005-05-14,1
571393,2003-04-15,51
571444,2001-10-15,320
571764,2006-07-20,29
571793,2004-10-07,238
572031,2005-01-24,19
572050,2002-11-06,1221
573271,2001-08-21,1955
575226,2005-01-23,36
575262,2002-11-01,854
576116,2001-10-12,713
576829,2005-05-13,151
576980,2003-04-12,354
577334,2005-02-04,247
577581,2002-12-26,169
577750,2001-08-19,203
577953,2003-03-05,518
578471,2006-03-17,43
578514,2006-07-18,82
578596,2006-03-28,484
579080,2002-12-19,298
579378,2001-08-26,212
579590,2006-07-11,1
579591,2001-10-24,162
579753,2003-07-03,33
579786,2005-06-02,229
580015,2005-01-15,18
580033,2006-03-21,221
580254,2003-04-24,250
580504,2005-05-25,239
580743,2002-12-10,1075
581818,2004-10-09,4
581822,2002-11-08,819
582641,2001-08-10,388
583029,2004-08-02,99
583128,2002-09-03,446
583574,2006-04-09,1
583575,2002-12-17,345
583920,2001-08-28,818
584738,2003-04-23,718
585456,2005-05-22,3
585459,2006-03-26,52
585511,2002-11-30,365
585876,2004-10-31,22
585898,2005-01-12,232
586130,2003-07-04,75
586205,2005-06-05,1
586206,2001-10-23,165
586371,2006-07-16,9
586380,2004-08-05,114
586494,2006-03-19,80
586574,2002-09-04,414
586988,2002-12-28,540
587528,2001-08-17,169
587697,2006-07-29,8
587705,2002-06-18,483
588188,2004-07-19,233
588421,2002-02-28,1777
590198,2004-03-29,1432
591630,2003-08-27,420
592050,2005-09-26,198
592248,2005-11-12,2
592250,2002-01-30,1076
593326,2003-10-13,133
593459,2004-07-26,962
594421,2002-06-27,630
595051,2005-09-19,362
595413,2003-08-18,349
595762,2004-03-16,1353
597115,2002-02-17,245
597360,2004-04-01,818
598178,2003-08-20,118
598296,2005-09-21,557
598853,2002-01-08,1000
599853,2004-04-06,770
600623,2002-05-07,500
601123,2002-02-10,1198
602321,2004-07-21,853
603174,2002-06-20,400
603574,2005-11-15,34
603608,2003-10-14,332
603940,2006-10-06,28
603968,2006-08-04,3
603971,2002-02-19,146
604117,2005-09-17,15
604132,2003-08-16,77
604209,2004-07-28,567
604776,2002-06-29,265
605041,2003-08-29,168
605209,2005-09-28,124
605333,2002-05-31,1153
606486,2004-04-30,107
606593,2002-02-26,501
607094,2004-03-27,1064
608158,2002-06-16,77
608235,2004-07-17,87
608322,2002-01-01,692
609014,2003-10-22,925
609939,2005-11-23,14
609953,2003-08-11,38
609991,2004-04-08,493
610484,2002-05-09,1480
611964,2006-08-03,16
611980,2002-01-06,2014
613994,2003-10-25,228
614222,2005-11-24,236
614458,2002-06-11,902
615360,2002-02-21,1029
616389,2004-03-20,385
616774,2005-12-03,7
616781,2003-07-05,61
616842,2005-06-04,1
616843,2005-01-13,306
617149,2004-10-30,15
617164,2006-07-17,44
617208,2001-10-22,626
617834,2003-04-22,658
618492,2005-05-23,65
618557,2001-08-29,688
619245,2002-12-16,1105
620350,2006-04-30,1
620351,2006-03-27,699
621050,2006-07-28,5
621055,2004-08-04,106
621161,2002-09-05,386
621547,2001-08-16,218
621765,2002-12-29,304
622069,2006-03-20,281
622350,2002-12-11,501
622851,2003-04-25,514
623365,2005-05-24,319
623684,2001-10-25,321
624005,2005-01-14,243
624248,2003-07-02,106
624354,2005-06-03,54
624408,2001-08-11,530
624938,2004-08-03,115
625053,2002-09-02,527
625580,2004-10-08,343
625923,2002-11-09,797
626720,2005-02-05,123
626843,2001-08-18,78
626921,2003-03-04,392
627313,2002-12-27,99
627412,2005-05-12,78
627490,2003-04-13,55
627545,2006-03-16,209
627754,2006-04-01,4
627758,2005-01-22,14
627772,2004-10-01,201
627973,2001-10-13,367
628340,2006-07-26,85
628425,2006-03-29,970
629395,2001-08-27,137
629532,2002-12-18,205
629737,2006-07-19,27
629764,2006-07-21,34
629798,2001-10-14,75
629873,2005-01-25,147
630020,2004-10-06,227
630247,2002-11-07,1267
631514,2006-04-06,228
631742,2006-03-11,551
632293,2003-04-14,298
632591,2005-02-02,355
632946,2003-03-03,860
633806,2002-12-20,656
634462,2001-08-20,1910
636372,2005-09-11,153
636525,2003-08-10,39
636564,2006-08-02,89
636653,2004-04-09,186
636839,2002-05-08,977
637816,2002-02-20,304
638120,2004-03-21,623
638743,2002-06-10,1029
639772,2003-10-24,201
639973,2002-01-07,576
640549,2005-11-25,73
640622,2004-07-29,104
640726,2002-06-28,614
641340,2004-03-19,524
641864,2002-02-18,571
642435,2005-09-16,83
642518,2003-08-17,75
642593,2003-10-23,254
642847,2005-11-22,112
642959,2002-06-17,257
643216,2004-07-16,251
643467,2003-08-28,108
643575,2005-09-29,80
643655,2002-02-27,372
644027,2005-12-05,75
644102,2004-03-26,1019
645121,2002-05-30,1276
646397,2002-01-09,1060
647457,2003-08-21,317
647774,2005-09-20,213
647987,2005-11-14,77
648064,2003-10-15,221
648285,2004-07-20,493
648778,2002-06-21,185
648963,2004-03-10,135
649098,2002-02-11,1512
650610,2004-04-07,1059
651669,2002-05-06,1041
652710,2004-03-28,440
653150,2003-08-26,305
653455,2005-09-27,372
653827,2002-06-19,183
654010,2004-07-18,4
654014,2005-09-18,124
654138,2003-08-19,425
654563,2002-05-01,1245
655808,2004-03-17,309
656117,2002-02-16,826
656943,2004-07-27,508
657451,2002-06-26,1222
658673,2005-11-13,12
658685,2003-10-12,144
658829,2002-01-31,337
