<?xml version="1.0" ?>

<script src="//archive.org/includes/analytics.js?v=cf34f82" type="text/javascript"></script>
<script type="text/javascript">window.addEventListener('DOMContentLoaded',function(){var v=archive_analytics.values;v.service='wb';v.server_name='wwwb-app40.us.archive.org';v.server_ms=199;archive_analytics.send_pageview({});});</script>
<script type="text/javascript" src="/static/js/ait-client-rewrite.js?v=1543384230.0" charset="utf-8"></script>
<script type="text/javascript">
WB_wombat_Init('https://web.archive.org/web', '20071111055408', 'www.kerneltraffic.org');
</script>
<script type="text/javascript" src="/static/js/wbhack.js?v=1543384230.0" charset="utf-8"></script>
<script type="text/javascript">
__wbhack.init('https://web.archive.org/web');
</script>
<link rel="stylesheet" type="text/css" href="/static/css/banner-styles.css?v=1543384230.0" />
<link rel="stylesheet" type="text/css" href="/static/css/iconochive.css?v=1543384230.0" />
<!-- End Wayback Rewrite JS Include -->
<!-- BEGIN WAYBACK TOOLBAR INSERT -->
<script type="text/javascript" src="/static/js/timestamp.js?v=1543384230.0" charset="utf-8"></script>
<script type="text/javascript" src="/static/js/graph-calc.js?v=1543384230.0" charset="utf-8"></script>
<script type="text/javascript" src="/static/js/auto-complete.js?v=1543384230.0" charset="utf-8"></script>
<script type="text/javascript" src="/static/js/toolbar.js?v=1543384230.0" charset="utf-8"></script>
<style type="text/css">
body {
  margin-top:0 !important;
  padding-top:0 !important;
  /*min-width:800px !important;*/
}
.wb-autocomplete-suggestions {
    text-align: left; cursor: default; border: 1px solid #ccc; border-top: 0; background: #fff; box-shadow: -1px 1px 3px rgba(0,0,0,.1);
    position: absolute; display: none; z-index: 2147483647; max-height: 254px; overflow: hidden; overflow-y: auto; box-sizing: border-box;
}
.wb-autocomplete-suggestion { position: relative; padding: 0 .6em; line-height: 23px; white-space: nowrap; overflow: hidden; text-overflow: ellipsis; font-size: 1.02em; color: #333; }
.wb-autocomplete-suggestion b { font-weight: bold; }
.wb-autocomplete-suggestion.selected { background: #f0f0f0; }
</style>
<div id="wm-ipp" lang="en" style="display:none;direction:ltr;">
<div style="position:fixed;left:0;top:0;right:0;">
<div id="wm-ipp-inside">
  <div style="position:relative;">
    <div id="wm-logo" style="float:left;width:130px;padding-top:10px;">
      <a href="/web/" title="Wayback Machine home page"><img src="/static/images/toolbar/wayback-toolbar-logo.png" alt="Wayback Machine" width="110" height="39" border="0" /></a>
    </div>
    <div class="r" style="float:right;">
      <div id="wm-btns" style="text-align:right;height:25px;">
                  <div id="wm-save-snapshot-success">success</div>
          <div id="wm-save-snapshot-fail">fail</div>
          <a href="#"
             onclick="__wm.saveSnapshot('http://www.kerneltraffic.org/GNUe/gnue20030125_65.xml', '20071111055408')"
             title="Share via My Web Archive"
             id="wm-save-snapshot-open"
          >
            <span class="iconochive-web"></span>
          </a>
          <a href="https://archive.org/account/login.php"
             title="Sign In"
             id="wm-sign-in"
          >
            <span class="iconochive-person"></span>
          </a>
          <span id="wm-save-snapshot-in-progress" class="iconochive-web"></span>
        	<a href="http://faq.web.archive.org/" title="Get some help using the Wayback Machine" style="top:-6px;"><span class="iconochive-question" style="color:rgb(87,186,244);font-size:160%;"></span></a>
	<a id="wm-tb-close" href="#close" onclick="__wm.h(event);return false;" style="top:-2px;" title="Close the toolbar"><span class="iconochive-remove-circle" style="color:#888888;font-size:240%;"></span></a>
      </div>
      <div id="wm-share" style="text-align:right;">
	<a href="#" onclick="window.open('https://www.facebook.com/sharer/sharer.php?u=https://web.archive.org/web/20071111055408/http://www.kerneltraffic.org/GNUe/gnue20030125_65.xml', '', 'height=400,width=600'); return false;" title="Share on Facebook" style="margin-right:5px;" target="_blank"><span class="iconochive-facebook" style="color:#3b5998;font-size:160%;"></span></a>
	<a href="#" onclick="window.open('https://twitter.com/intent/tweet?text=https://web.archive.org/web/20071111055408/http://www.kerneltraffic.org/GNUe/gnue20030125_65.xml&amp;via=internetarchive', '', 'height=400,width=600'); return false;" title="Share on Twitter" style="margin-right:5px;" target="_blank"><span class="iconochive-twitter" style="color:#1dcaff;font-size:160%;"></span></a>
      </div>
    </div>
    <table class="c" style="">
      <tbody>
	<tr>
	  <td class="u" colspan="2">
	    <form target="_top" method="get" action="/web/submit" name="wmtb" id="wmtb"><input type="text" name="url" id="wmtbURL" value="http://www.kerneltraffic.org/GNUe/gnue20030125_65.xml" onfocus="this.focus();this.select();" /><input type="hidden" name="type" value="replay" /><input type="hidden" name="date" value="20071111055408" /><input type="submit" value="Go" /></form>
	  </td>
	  <td class="n" rowspan="2" style="width:110px;">
	    <table>
	      <tbody>
		<!-- NEXT/PREV MONTH NAV AND MONTH INDICATOR -->
		<tr class="m">
		  <td class="b" nowrap="nowrap"><a href="https://web.archive.org/web/20060118070751/http://www.kerneltraffic.org:80/GNUe/gnue20030125_65.xml" title="18 Jan 2006"><strong>Jan</strong></a></td>
		  <td class="c" id="displayMonthEl" title="You are here: 05:54:08 Nov 11, 2007">NOV</td>
		  <td class="f" nowrap="nowrap">Dec</td>
		</tr>
		<!-- NEXT/PREV CAPTURE NAV AND DAY OF MONTH INDICATOR -->
		<tr class="d">
		  <td class="b" nowrap="nowrap"><a href="https://web.archive.org/web/20060118070751/http://www.kerneltraffic.org:80/GNUe/gnue20030125_65.xml" title="07:07:51 Jan 18, 2006"><img src="/static/images/toolbar/wm_tb_prv_on.png" alt="Previous capture" width="14" height="16" border="0" /></a></td>
		  <td class="c" id="displayDayEl" style="width:34px;font-size:24px;white-space:nowrap;" title="You are here: 05:54:08 Nov 11, 2007">11</td>
		  <td class="f" nowrap="nowrap"><img src="/static/images/toolbar/wm_tb_nxt_off.png" alt="Next capture" width="14" height="16" border="0" /></td>
		</tr>
		<!-- NEXT/PREV YEAR NAV AND YEAR INDICATOR -->
		<tr class="y">
		  <td class="b" nowrap="nowrap"><a href="https://web.archive.org/web/20060118070751/http://www.kerneltraffic.org:80/GNUe/gnue20030125_65.xml" title="18 Jan 2006"><strong>2006</strong></a></td>
		  <td class="c" id="displayYearEl" title="You are here: 05:54:08 Nov 11, 2007">2007</td>
		  <td class="f" nowrap="nowrap">2008</td>
		</tr>
	      </tbody>
	    </table>
	  </td>
	</tr>
	<tr>
	  <td class="s">
	    	    <div id="wm-nav-captures">
	      	      <a class="t" href="/web/20071111055408*/http://www.kerneltraffic.org/GNUe/gnue20030125_65.xml" title="See a list of every capture for this URL">7 captures</a>
	      <div class="r" title="Timespan for captures of this URL">19 May 2003 - 11 Nov 2007</div>
	      </div>
	  </td>
	  <td class="k">
	    <a href="" id="wm-graph-anchor">
	      <div id="wm-ipp-sparkline" title="Explore captures for this URL" style="position: relative">
		<canvas id="wm-sparkline-canvas" width="575" height="27" border="0"></canvas>
	      </div>
	    </a>
	  </td>
	</tr>
      </tbody>
    </table>
    <div style="position:absolute;bottom:0;right:2px;text-align:right;">
      <a id="wm-expand" class="wm-btn wm-closed" href="#expand" onclick="__wm.ex(event);return false;"><span id="wm-expand-icon" class="iconochive-down-solid"></span> <span style="font-size:80%">About this capture</span></a>
    </div>
  </div>
    <div id="wm-capinfo" style="border-top:1px solid #777;display:none; overflow: hidden">
            <div style="background-color:#666;color:#fff;font-weight:bold;text-align:center">COLLECTED BY</div>
    <div style="padding:3px;position:relative" id="wm-collected-by-content">
            <div style="display:inline-block;vertical-align:top;width:50%;">
			<span class="c-logo" style="background-image:url(https://archive.org/services/img/webwidecrawl);"></span>
		Organization: <a style="color:#33f;" href="https://archive.org/details/webwidecrawl" target="_new"><span class="wm-title">Internet Archive</span></a>
		<div style="max-height:75px;overflow:hidden;position:relative;">
	  <div style="position:absolute;top:0;left:0;width:100%;height:75px;background:linear-gradient(to bottom,rgba(255,255,255,0) 0%,rgba(255,255,255,0) 90%,rgba(255,255,255,255) 100%);"></div>
	  The Internet Archive discovers and captures web pages through many different web crawls.

At any given time several distinct crawls are running, some for months, and some every day or longer.

View the web archive through the <a href="http://archive.org/web/web.php">Wayback Machine</a>.
	</div>
	      </div>
      <div style="display:inline-block;vertical-align:top;width:49%;">
			<span class="c-logo" style="background-image:url(https://archive.org/services/img/aroundtheworldcrawl)"></span>
		<div>Collection: <a style="color:#33f;" href="https://archive.org/details/aroundtheworldcrawl" target="_new"><span class="wm-title">Around The World Crawl</span></a></div>
		<div style="max-height:75px;overflow:hidden;position:relative;">
	  <div style="position:absolute;top:0;left:0;width:100%;height:75px;background:linear-gradient(to bottom,rgba(255,255,255,0) 0%,rgba(255,255,255,0) 90%,rgba(255,255,255,255) 100%);"></div>
	  Data crawled by Sloan Foundation on behalf of Internet Archive
<br /><br />
	</div>
	      </div>
    </div>
    <div style="background-color:#666;color:#fff;font-weight:bold;text-align:center" title="Timestamps for the elements of this page">TIMESTAMPS</div>
    <div>
      <div id="wm-capresources" style="margin:0 5px 5px 5px;max-height:250px;overflow-y:scroll !important"></div>
      <div id="wm-capresources-loading" style="text-align:left;margin:0 20px 5px 5px;display:none"><img src="/static/images/loading.gif" alt="loading" /></div>
    </div>
  </div></div></div></div><script type="text/javascript">
__wm.bt(575,27,25,2,"web","http://www.kerneltraffic.org/GNUe/gnue20030125_65.xml","2007-11-11",1996);
</script>
<!-- END WAYBACK TOOLBAR INSERT --><kc>

<title>GNUe Traffic</title>

<editor contact="mailto:psu@burdonvale.co.uk">Peter Sullivan</editor>

<issue num="65" date="25 Jan 2003 00:00:00 -0800"/>

<headquote>
"<cite>I live the way I type: fast, with a lot of mistakes</cite>"
</headquote>

<intro>
<p>This Cousin covers the three main mailing lists for the
<a href="https://web.archive.org/web/20071111055408/http://www.gnuenterprise.org/">GNU Enterprise</a>  
project, plus the #gnuenterprise IRC channel.
Kernel Cousins GNUe is now group-authored: if you'd like 
to join the team, <a href="https://web.archive.org/web/20071111055408/mailto:psu@burdonvale.co.uk">let 
us know</a>.</p>
</intro>


<section title="Tracability and mapping of data with AppServer" subject="Re: [Gnue-dev] New Architecture Drawing based on Whitepaper." author="Peter Sullivan" contact="mailto:psu@burdonvale.co.uk" archive="http://mail.gnu.org/archive/html/gnue-dev/2003-01/msg00007.html" posts="6" startdate="16 Jan 2003 11:32:41 -0800" endate="17 Jan 2003 11:27:02 -0800">

<topic>Application Server</topic>

<p>Further to 
<kcref title="GNUe Architecture Diagram" subject="[Gnue-dev] New Architecture Drawing based on Whitepaper." archive="http://mail.gnu.org/pipermail/gnue-dev/2002-November/000359.html"/>, 
Daniel Baumann said that he felt Application Server should support 
object orientated (OO) data models, but this needed to be kept simple, 
unlike the OO in the original GEAS (GNU Enterprise Application 
Server). He felt that <a href="https://web.archive.org/web/20071111055408/http://www.odmg.org/">ODMG</a>, as
proposed by the Object Data Modelling Group, was about the right 
level of complexity and would become a standard. However, 
Application Server should be able to work with a relational data
model as well, as that was sometimes more appropriate for 
small, quick to develop, solutions. <quote who="Daniel Baumann">Things
like access control and security should be done in common</quote> 
with input from the authors of all the GNUe tools that would need 
to use them, to avoid duplication.</p>

<p>Stan Klein was concerned about tracability of data if AppServer 
used an OO data model. This was important for security and 
assurance. GNUe itself was likely to be a low-assurance system by 
itself, but needed to have 'hooks' to allow particular combinations 
of GNUe, database and operating system security to work together 
to provide higher levels of assuranace where necessary. Using 
a relational model on one side of AppServer and an OO model on 
the other might make tracability and mapping difficult, especially 
as the business rules became more complex. 
<quote who="Stan Klein">The implication would be that medium or 
high assurance could not be obtained with GNUe in a multi-tier 
system.</quote> Daniel said <quote who="Daniel Baumann">If the 
mapping is laid out then you should be able to bypass the
server altogether if you want. I don't see how this effects
'assurance', it is a side effect of wanting to be able to develop
business applications using objects. There is a slight impedance
mismatch, but there are several ways to go about the 
mapping.</quote> Stan said this was important 
for audit and regulatory purposes. For AppServer, this included 
<quote who="Stan Klein">the ability of the user to know 
exactly what data items in Appserver correspond to exactly
what data items in the application</quote> so that data could 
be protected consistantly on both the OO and relational 'sides'
of the AppServer.</p>

</section>


<section title="Relational and Object-Orientated data models in AppServer" subject="[Gnue-dev] Object-Relational Mapping" author="Peter Sullivan" contact="mailto:psu@burdonvale.co.uk" archive="http://mail.gnu.org/archive/html/gnue-dev/2003-01/msg00008.html" posts="18" startdate="16 Jan 2003 11:33:08 -0800" endate="18 Jan 2003 07:44:15 -0800">

<topic>Application Server</topic>

<p>Daniel Baumann pointed to <quote who="Daniel Baumann">an interesting 
<a href="http;//www.libertyetech.com/mappingObjects.pdf">paper</a>
</quote>. Jason Cater countered with an
<a href="https://web.archive.org/web/20071111055408/http://searchdatabase.techtarget.com/tip/1,289483,sid13_gci769023,00.html?FromTaxonomy=%2Fpr%2F284872">article</a> 
on <quote who="Jason Cater">OO for application development, not 
database management</quote>. He noted that <quote who="Jason Cater">the 
integrity guarantees offered by relational database theory is based on 
solid mathematical principles -- OODBMS are not; they are just built on 
supposed market forces.  And relational data models are only as limited 
in functionality as you make them</quote> and could do anything 
<quote who="Jason Cater">that can be done in an OODBMS-paradigm</quote>.
Daniel emphasised that he was not talking about Object-Orientated 
Database Management Systems with AppServer, but rather using AppServer 
as <quote who="Daniel Baumann">an object-relational layer</quote> 
to present an OO view of an underlying relational database. 
<quote who="Daniel Baumann">This is not an object v. relational war 
or something, but a way to bridge the worlds together.</quote> 
Jason felt that there was a fine line between this and 
<quote who="Jason Cater">trying to emulate an OODBMS.</quote> 
Neil Tiffin said that the point of using objects was to provide 
<quote who="Neil Tiffin">a simple to understand method of modifying 
the system behavior by non information systems professionals</quote>, 
and he felt that <quote who="Neil Tiffin">An object model (implemented 
well)</quote> was easier to comprehend than a relational one. But he 
was not sure that the <a href="https://web.archive.org/web/20071111055408/http://www.odmg.org/">ODMG</a> model 
was helpful here, as <quote who="Neil Tiffin">You really need to be 
technically savvy to use it.</quote></p>

<p>Leandro Dutra said that the relational model had originally  
been designed with non-professionals in mind. Objects were easy 
to explain initially, <quote who="Leandro Dutra">but very hard to 
unsderstand the details and operate.</quote> He did not think that 
normalisation was a problem, as it could be mostly hidden from 
end-users - erorrs that could not be hidden (such as trying to enter 
an undefined parent against a child) were problems they needed to 
know about anyway. He felt that the complexity of the ODMG standard 
was not the fault of the standard per se, but implicit in OO 
itself. All business data could be better handled with a relational 
model.</p>

<p>Reinhard M&#252;ller clarified that 
<quote who="Reinhard Müller">Appserver builds upon a 
straightforward relational database</quote> to provide 
<quote who="Reinhard Müller">access to the fields in the database,
based on user permissions.</quote> It would also present calculated 
fields <quote who="Reinhard Müller">not stored
in the database, but calculated at runtime</quote>, and provide 
<quote who="Reinhard Müller">procedures that can be called
automatically on specific events or manually.</quote> 
This combination of database table(s), calculated fields and 
procedures was what the Application Server developers meant by 
an "object." <quote who="Reinhard Müller">When we say
"object" we're not talking about die-hard OOP with inheritance or
polyphormism. We just mean the combination of data and 
code.</quote> However, <quote who="Reinhard Müller">there 
is a language interface on it's way that maps appserver objects
into Python objects.</quote></p>

<p>Neil re-emphasised that the key issue was to have some level of 
abstraction above the basic data model (whether relational or OO). 
<quote who="Neil Tiffin">The abstraction needs to make it easy to 
modify supplementary information for each business object, 
security for the system (may be business object level or higher), 
and modify workflow (including approvals).  The abstraction is for 
the user or owner and also benefits the implementor because he or 
she can bring applications on-line faster without having to deal 
with all of the complexity.</quote></p>

</section>


<section title="Bayonne and GNUe" subject="[IRC] 16 Jan 2003" author="Arturas Kriukovas" contact="mailto:arturas@gsk.vtu.lt" archive="http://www.gnuenterprise.org/irc-logs/gnue-public.log.16Jan2003" startdate="16 Jan 2003 04:00:00 -0800" enddate="16 Jan 2003 04:00:00 -0800">

<topic>Bayonne</topic>

<p>According to Bayonne documentation, <quote who="Jason Cater">In the 1.0 source tree, we have
chosen to support a new TCP mechanism for IPC and control. One can telnet to a running GNU Bayonne
1.0 server and manipulate it live and interactively. This new mechanism was modified so that it
could support http requests alongside interactive telenet sessions and so now GNU Bayonne can
respond to http requests directly as well.</quote>), Jason Cater (jcater) asked David Sugar
(dyfet) whether this is still valid. David explained that this was a feature of BayonneNG, 
<quote who="David Sugar">but BayonneNG died out</quote>. <quote who="David Sugar">There was 
going to be a new telephony driver model written by some other people under gstreamer which 
never got done by them, so we went back to bayonne "classic" and moved most of bayonneng 
into it</quote>. However, http monitoring was in the current Bayonne as of time of 
writing.</p> 

<p>Jason was also interested whether <quote who="Jason Cater">bayonne have some sort of sandbox
driver? i.e., acts like it's doing something but isn't really?</quote> David explained there 
was <quote who="David Sugar">a soundcard driver, uses the keyboard</quote>. Jason got a
segmentation fault on bayonne_setup. Daniel Baumann (chillywilly) mentioned: 
<quote who="Daniel Baumann">I am having some issues with libstdc++5. The serialecho 
program in common c++ segfaults for me</quote>. David suggested reading the install guide 
from the doc directory.</p>

</section>


<section title="New version of wxpython and GNUe" subject="[IRC] 16 Jan 2003" author="Arturas Kriukovas" contact="mailto:arturas@gsk.vtu.lt" archive="http://www.gnuenterprise.org/irc-logs/gnue-public.log.16Jan2003" startdate="16 Jan 2003 04:00:00 -0800" enddate="16 Jan 2003 04:00:00 -0800">

<topic>Designer</topic>
<topic>Forms</topic>

<mention>Jason Cater</mention>

<p>Further to 
<kcref title="Problems opening forms in Designer" subject="[IRC] 14 Dec 2002"/>, 
Ariel Cal&#0242; (ariel) said he had some problems with designer, that were 
related to wx (ver. 2.3.2.1), so he upgraded to 4.0.1. However, the 
<quote who="Ariel Calò">designer seems to work fine but forms crashes 
on startup. Since on the wxPython site there is only the latest version for 
download, is it possiblle to point to a 'reccomended' version and to upload a 
tarball on our site in the dependencies section?</quote> Jason Cater (jcater) 
admitted he hadn't tested against 2.4.0 yet, but promised to take a look at 
this.</p>

</section>


<section title="Object and Relational models in real life" subject="[Gnue-dev] Why the Object metaphor? (Was: Object-Relational Mapping?)" author="Peter Sullivan" contact="mailto:psu@burdonvale.co.uk" archive="http://mail.gnu.org/archive/html/gnue-dev/2003-01/msg00030.html" posts="10" startdate="18 Jan 2003 10:17:02 -0800" enddate="19 Jan 2003 22:03:02 -0800">

<topic>Application Server</topic>

<p>Warming to his theme from 
<kcref subject="[Gnue-dev] Object-Relational Mapping" startdate="16 Jan 2003 11:33:08 -0800"/>, 
Jason Cater challenged why <quote who="Jason Cater">an object 
model will be easier to follow than some other model, such as 
relational?</quote> He agreed that <quote who="Jason Cater">an 
abstraction above the low-level storage is needed</quote> but 
was not convinced that "objects" were an intuitive metaphor. 
There was still a learning curve, so <quote who="Jason Cater">Why 
not let them learn something that will benefit them more in
the long run?</quote> Any "queries" that mapped across several 
different objects in an OO model could only be done by 
<quote who="Jason Cater">doing a quick procedural program that 
loops through these objects</quote>, as opposed to a simple 
SQL select with joins in the relational model. In his experience, 
business people (especially accountants) had little trouble 
picking up the basic concepts of a relational database, as they 
could map it to their experience of using spreadsheets, and could 
even start to build their own SQL queries (with joins) without 
too much training.</p>

<p>Neil Tiffin emphasised that he was only interested in objects 
as a metaphor/abstraction level concept, not as an underlying 
method of storage. The important thing was to have a level of 
abstraction that lead to <quote who="Neil Tiffin">a 
system that is simple to implement.</quote> - 
<quote who="Neil Tiffin">After having been paid to implement 
50 to 80% of the same thing over and over again there has to be 
a better way.  This common element could be built into the 
abstraction layer because it can be reused. I believe there 
should be a way to express this common stuff in a way 
that more non-technical users can have access to it.</quote></p>

<p>Daniel Baumann felt that <quote who="Daniel Baumann">the gist 
of what your saying has nothing to do with the unerlying 
technology, right? However to design such a system that is "user 
friendly" it is a lot easier to do UI in objects. In fact, I have 
no idea whateversoever how anyone would design a user inteface 
using the 'relational' model.</quote></p>

<p>Jason said that he was not saying that 
<quote who="Jason Cater">one model is better than another</quote>
but just wanted to <quote who="Jason Cater">ask is WHY it is more 
intuitive</quote> to use an object-based conceptual model. He 
thought that <quote who="Jason Cater">the object metaphor will 
quickly fail outside of the most mundane customizations</quote>
He could see how custom business rules (e.g. not allowing Purchase 
Orders to be raised on non-business days) could be done easily, but 
<quote who="Jason Cater">Business reporting, in my opinion, is 
another equally important part of the equation</quote>
and he did not see how the object model would help with developing 
customised reports or queries. Daniel said that thinking of the 
relational model as "like spreadsheets" would only get people so 
far. <quote who="Daniel Baumann">I think objects are more intuitive 
because people like to categorize things. We create type hierarchies 
in everyday life. These objects have 'relations' too. However the 
relation model breaks encapsulation so it has that drawback.</quote> 
On reporting, <quote who="Daniel Baumann">Why would you not
have a UI or something like a report builder that would inspect the
business objects and, based on constraints the user types in then they
select what they want on their reports? Doesn't matter if its business
objects or relational data though.</quote> He felt that 
<quote who="Daniel Baumann">Object terminology is no more complex 
than relational terminology and thet are added benefits in using 
objects; modularity, reusablility, encapsulation (high cohesion, low 
coupling), polymorphism (creating your own types), inheritance, 
etc.</quote></p>

<p>Stan Klein felt this was <quote who="Stan Klein">a very 
important discussion</quote> as <quote who="Stan Klein">I don't 
think you can find an other project/product, commercial or free 
software, that is attempting to serve as wide a range of uses 
and OS/database platforms as GNUe.</quote> One problem was that 
<quote who="Stan Klein">"Object" is a word that gets 
overused</quote> for many different concepts. Also, 
<quote who="Stan Klein">we seem to be 
mixing up the deep infrastructure and the user-viewable 
infrastructure in our discussions.</quote> He suggested using the 
<quote who="Stan Klein">old ANSI-SPARC three-layer model of a 
database system</quote> as a way of keeping the concepts distinct.
<quote who="Stan Klein">The layers are the physical layer, the 
enterprise layer and the application layer.</quote> He personally 
would <quote who="Stan Klein">lean to the relational model, but
I think the object model may also have its uses</quote>, and he 
discussed the benefits of each. He emphasised that 
<quote who="Stan Klein">from the perspective of the security 
framework</quote> the important things were traceability and 
mapping of the object and non-object data.</p>

<p>He had also recently attended a workshop 
<quote who="Stan Klein">exploring issues in e-government</quote>, 
where a speaker had <quote who="Stan Klein">talked about web 
services as</quote> a <quote who="Stan Klein">replacement for 
the (he implied legacy) tightly coupled concept of multi-tiered 
systems.</quote> <quote who="Stan Klein">Many of the things he 
mentioned I recognized as being present in GNUe, and I'm sure 
that GNUe can be a useful component in the kind of system he was
talking about.  Should we keep the "web services" concept in mind, 
even as we are discussing the key building block of a multi-tiered 
system?</quote> Daniel felt <quote who="Daniel Baumann">that the 
RPC abstraction that is in GNUe Common adds "web service" support 
to our infratstructure as we define them. Most here 
are not so hot about web applications because we think of this meaning
a stateless html presentation of things. In reality, we support web
serives right now thanks to the great work of Jason and Jan. However,
anything beyond this wrt specific 'services' it is wide open. However,
when DotGNU does nail down certain interfaces/services that
components/tools should expose GNUe could easily adapt with minimal
effort *if* there is a desire to. In short, I think it is probably
fair to say we leave those things to the DotGNU project 
:).</quote></p>

</section>


<section title="Connecting to a database in GNUe" subject="[IRC] 18 Jan 2003" author="Peter Sullivan" contact="mailto:psu@burdonvale.co.uk" archive="http://www.gnuenterprise.org/irc-logs/gnue-public.log.18Jan2003" startdate="18 Jan 2003 04:00:00 -0800" enddate="18 Jan 2003 04:00:00 -0800">

<topic>Common</topic>
<topic>Designer</topic>

<p>It was asked how to define a connection in Designer. Andrew Mitchell (ajmitch) 
said <quote who="Andrew Mitchell">ah, you need to edit connections.conf - 
/me recalls that there was even a form that could be used to hack up 
connections.conf - on windows, at least</quote>. Daniel Baumann (chillywilly) 
said <quote who="Daniel Baumann">set provider t the driver you want to use. 
for postgres... I would use psycopg. Then host is the host the db server is 
running on - the dbname set to the name of the database - that's about 
it</quote>. He modified his connections.conf just using a text editor - he 
had not seen the form Andrew mentioned. Andrew also suggested 
<quote who="Andrew Mitchell">you may want to copy 
/etc/gnue/sample.connections.conf to the connections.conf :)</quote> as a 
starter.</p>

</section>


<section title="Field width and other features of Forms" subject="[IRC] 20 Jan 2003" author="Arturas Kriukovas" contact="mailto:arturas@gsk.vtu.lt" archive="http://www.gnuenterprise.org/irc-logs/gnue-public.log.20Jan2003" startdate="20 Jan 2003 04:00:00 -0800" enddate="20 Jan 2003 04:00:00 -0800">

<topic>Forms</topic>

<mention>ra3vat</mention>

<p>Bajusz Tam&#0225;s (btami) asked for a bit of help in forms - he was 
fixing <quote who="Bajusz Tamás">"Entry Field Width Not Accurate" 
bug (DCL #28)</quote> - <quote who="Bajusz Tamás">if the width of 
the field is =1, is the all shape of typed character viewable?</quote> - 
but was not sure whether this was a general bug or just for him. Later, 
Dmitry Sorokin (ra3vat) confirmed - <quote who="Dmitry Sorokin">i 
started one form with entry having width 1, the place is too short to 
see anything there</quote>. After some fixes things got better. Tam&#0225;s
thought <quote who="Bajusz Tamás">the problem is that item.Width 
is calculated as width of 1 char(reported by wx) * entry width, but wx 
uses some space before and after in the wxTextCtrl</quote></p>

<p>Tam&#0225;s tried to run forms on WindowsXP and, additionally to 
existing problem that <quote who="Dmitry Sorokin">python interpreter that 
is called for thigger performing does not know about our i18n tricks at 
all, so if you have ascii in site.py and put something non-ascii in 
trigger code (even in comments) the form will fail</quote>, another 
problem appeared: <quote who="Bajusz Tamás">UnicodeError: 
Latin-1 encoding error: ordinal not in range(256)</quote>. Tam&#0225;s 
said that <quote who="Bajusz Tamás">it works if i set 
formFontEncodig to xxx-2 (its my hu)</quote>, but the default value 
(xxx-1) conflicts with current system value (xxx-2).</p>

</section>


<section title="Case-Insensitive LIKE in GNUe" subject="[IRC] 20 Dec 2002" author="Arturas Kriukovas" contact="mailto:arturas@gsk.vtu.lt" archive="http://www.gnuenterprise.org/irc-logs/gnue-public.log.20Jan2003" startdate="20 Jan 2003 04:00:00 -0800" enddate="20 Jan 2003 04:00:00 -0800"> 

<topic>Common</topic> 

<p>John Lenton (Chipaca) said there was <quote who="John Lenton">a slight 
misrepresentation in</quote> 
<kcref title="Case-Insensitive LIKE in GNUe" subject="[IRC] 13 Dec 2002"/>. 
He had <quote who="John Lenton">got 'like' GCondition working via 
ILIKE on postgres, and was wondering if NOT ILIKE made any sense. 
Obviously it does, so I did that one too. All I had to do in the end, 
to get the like -&gt; ILIKE thing, is copy the condition name -&gt; sql dict 
into _pgsql. For some reason the first time I tried it it didn't work 
(where that 'some reason' is that I copied the dict in odbc which is 
incomplete), but with the right dict it works fine :)</quote></p>

</section>


<section title="Blocks and Pages in new GNUe Forms Definition (.gfd) format" subject="[IRC] 20 Dec 2002" author="Peter Sullivan" contact="mailto:psu@burdonvale.co.uk" archive="http://www.gnuenterprise.org/irc-logs/gnue-public.log.20Jan2003" startdate="20 Jan 2003 04:00:00 -0800" enddate="20 Jan 2003 04:00:00 -0800"> 

<topic>Forms</topic>

<p>Bajusz Tam&#0225;s (btami) asked <quote who="Bajusz Tamás">is there 
any relation between blocks and pages</quote> in the new GNUe Forms 
Definition (.gfd) format, which split logic and layout - as discussed in 
<kcref title="Old format .gfds do not work with CVS head" subject="XML Changes for Forms 0.5.x"/>
Jason Cater confirmed <quote who="Jason Cater">no - blocks can span 
multiple pages - and there can be multiple blocks per page. Note that 
the former isn't well tested yet</quote>. Tam&#0225;s confirmed that this 
meant there was <quote who="Bajusz Tamás">no need for 2 blocks in 
intro.gfd</quote>, the basic sample/demo form. However, using the 
PageDown/PageUp key to move between tabs no longer worked - 
<quote who="Bajusz Tamás">we have PgDn/PgUp for blocks, and nothing 
for pages - anyhow, i think we need som keys for changing pages, if 
there is only one block</quote>.</p>

</section>


<section title="Resizing Forms in Designer" subject="[IRC] 20 Dec 2002" author="Peter Sullivan" contact="mailto:psu@burdonvale.co.uk" archive="http://www.gnuenterprise.org/irc-logs/gnue-public.log.20Jan2003" startdate="20 Jan 2003 04:00:00 -0800" enddate="20 Jan 2003 04:00:00 -0800"> 

<topic>Designer</topic>

<p>Andrew Mitchell (ajmitch) asked <quote who="Andrew Mitchell">how do 
i resize a form in cvs designer?</quote> Bajusz Tam&#0225;s (btami) said 
<quote who="Bajusz Tamás">you can't</quote>. Andrew suggested 
<quote who="Andrew Mitchell">unless i edit the generated xml</quote> in 
a text editor. Tam&#0225;s noted <quote who="Bajusz Tamás">the layout's 
width/height are missing from property inspector tab</quote>. Jason Cater
(jcater) said <quote who="Jason Cater">the height and width are on the 
&lt;layout&gt; tag now</quote> but admitted <quote who="Jason Cater">one 
of my near-term goals is to get a better way to resize a form - /me 
is thinking of making the edge of the grid draggable</quote>. Andrew 
thought this would <quote who="Andrew Mitchell">be nice</quote>.</p>

</section>


<section title="Migrating from Microsoft Access to GNUe" subject="[IRC] 20 Dec 2002" author="Peter Sullivan" contact="mailto:psu@burdonvale.co.uk" archive="http://www.gnuenterprise.org/irc-logs/gnue-public.log.20Jan2003" startdate="20 Jan 2003 04:00:00 -0800" enddate="20 Jan 2003 04:00:00 -0800"> 

<topic>Common</topic>

<mention>ra3vat</mention>

<p>Derek Neighbors (derek) asked <quote who="Derek Neighbors">anyone know 
if there is an ms access driver for linux? - er nevermind i suppose windows 
woudl be sufficient</quote>. Dmitry Sorokin (ra3vat) said 
<quote who="Dmitry Sorokin">there is 
<a href="https://web.archive.org/web/20071111055408/http://mdbtools.sourceforge.net/">mdbtools</a> project</quote> - 
<quote who="Dmitry Sorokin">not sure it is what you need</quote>. 
Jason Cater (jcater) felt that <quote who="Jason Cater">/dev/null would be 
the best place for that mdb</quote>. Derek explained 
<quote who="Derek Neighbors">i would like an access driver (even if windows 
only) so that one could point gsd tool to it and have a</quote>
GNUe Schema Definition (.gsd) file created which 
<quote who="Derek Neighbors">they can create a postgres table from</quote>.
He realised <quote who="Derek Neighbors">i can do this today (and move 
data) with pgadmin II - but i would rather have a GNUe way to do this - 
as there are lots of things i dont like about pgadmin II</quote>. Jason 
noted that mdbtools looked promising - <quote who="Jason Cater">if it 
includes a library (and not just a stand-alone program) - we can probably 
swig it</quote>.</p>

</section>


<section title="Nola/acclite status" subject="[IRC] 21 Dec 2002" author="Peter Sullivan" contact="mailto:psu@burdonvale.co.uk" archive="http://www.gnuenterprise.org/irc-logs/gnue-public.log.21Jan2003" startdate="21 Jan 2003 04:00:00 -0800" enddate="21 Jan 2003 04:00:00 -0800"> 

<topic>Small Business</topic>

<p>Ryan Fox (larsu) <quote who="Ryan Fox">came in to see what 
gnue's current state with nola/acclite was</quote>, as previously 
discussed in 
<kcref title="Nola/acclite original author spotted in #gnuenterprise" subject="[IRC] 24 Nov 2002"/>. 
<quote who="Ryan Fox">the reason i'm asking is that 
I came across a project called <a href="https://web.archive.org/web/20071111055408/http://www.ossuite.org/">OSSuite</a>
that has taken nola and made the web interface prettier, and i think wrote 
some back-end code too.  anyhow, the project seems to have some parallels to 
gnue.</quote> Andrew Mitchell (ajmitch) noted <quote who="Andrew Mitchell">i 
haven't heard much of nola/acclite/gnue-sb's status lately, you'll need to 
wait for derek or jcater to be up &amp; about</quote>. Ryan said that 
OSSuite had <quote who="Ryan Fox">ended up running a cvs for their 
changes to nola as well.  I mentioned gnue and it's evaluation of nola with 
a project guy with ossuite, and got him interested in talking to gnue about 
collaborating on all those changes.</quote></p>

</section>

</kc>
<!--
     FILE ARCHIVED ON 05:54:08 Nov 11, 2007 AND RETRIEVED FROM THE
     INTERNET ARCHIVE ON 09:25:42 Dec 05, 2018.
     JAVASCRIPT APPENDED BY WAYBACK MACHINE, COPYRIGHT INTERNET ARCHIVE.

     ALL OTHER CONTENT MAY ALSO BE PROTECTED BY COPYRIGHT (17 U.S.C.
     SECTION 108(a)(3)).
-->
<!--
playback timings (ms):
  LoadShardBlock: 61.104 (3)
  esindex: 0.015
  captures_list: 84.434
  CDXLines.iter: 15.581 (3)
  PetaboxLoader3.datanode: 65.43 (4)
  exclusion.robots: 0.461
  exclusion.robots.policy: 0.44
  RedisCDXSource: 2.357
  PetaboxLoader3.resolve: 52.483
  load_resource: 82.012
-->