<?xml version="1.0" ?>

<script src="//archive.org/includes/analytics.js?v=cf34f82" type="text/javascript"></script>
<script type="text/javascript">window.addEventListener('DOMContentLoaded',function(){var v=archive_analytics.values;v.service='wb';v.server_name='wwwb-app23.us.archive.org';v.server_ms=301;archive_analytics.send_pageview({});});</script>
<script type="text/javascript" src="/static/js/ait-client-rewrite.js?v=1543384230.0" charset="utf-8"></script>
<script type="text/javascript">
WB_wombat_Init('https://web.archive.org/web', '20071111061334', 'www.kerneltraffic.org');
</script>
<script type="text/javascript" src="/static/js/wbhack.js?v=1543384230.0" charset="utf-8"></script>
<script type="text/javascript">
__wbhack.init('https://web.archive.org/web');
</script>
<link rel="stylesheet" type="text/css" href="/static/css/banner-styles.css?v=1543384230.0" />
<link rel="stylesheet" type="text/css" href="/static/css/iconochive.css?v=1543384230.0" />
<!-- End Wayback Rewrite JS Include -->
<!-- BEGIN WAYBACK TOOLBAR INSERT -->
<script type="text/javascript" src="/static/js/timestamp.js?v=1543384230.0" charset="utf-8"></script>
<script type="text/javascript" src="/static/js/graph-calc.js?v=1543384230.0" charset="utf-8"></script>
<script type="text/javascript" src="/static/js/auto-complete.js?v=1543384230.0" charset="utf-8"></script>
<script type="text/javascript" src="/static/js/toolbar.js?v=1543384230.0" charset="utf-8"></script>
<style type="text/css">
body {
  margin-top:0 !important;
  padding-top:0 !important;
  /*min-width:800px !important;*/
}
.wb-autocomplete-suggestions {
    text-align: left; cursor: default; border: 1px solid #ccc; border-top: 0; background: #fff; box-shadow: -1px 1px 3px rgba(0,0,0,.1);
    position: absolute; display: none; z-index: 2147483647; max-height: 254px; overflow: hidden; overflow-y: auto; box-sizing: border-box;
}
.wb-autocomplete-suggestion { position: relative; padding: 0 .6em; line-height: 23px; white-space: nowrap; overflow: hidden; text-overflow: ellipsis; font-size: 1.02em; color: #333; }
.wb-autocomplete-suggestion b { font-weight: bold; }
.wb-autocomplete-suggestion.selected { background: #f0f0f0; }
</style>
<div id="wm-ipp" lang="en" style="display:none;direction:ltr;">
<div style="position:fixed;left:0;top:0;right:0;">
<div id="wm-ipp-inside">
  <div style="position:relative;">
    <div id="wm-logo" style="float:left;width:130px;padding-top:10px;">
      <a href="/web/" title="Wayback Machine home page"><img src="/static/images/toolbar/wayback-toolbar-logo.png" alt="Wayback Machine" width="110" height="39" border="0" /></a>
    </div>
    <div class="r" style="float:right;">
      <div id="wm-btns" style="text-align:right;height:25px;">
                  <div id="wm-save-snapshot-success">success</div>
          <div id="wm-save-snapshot-fail">fail</div>
          <a href="#"
             onclick="__wm.saveSnapshot('http://www.kerneltraffic.org/GNUe/gnue20060522_117.xml', '20071111061334')"
             title="Share via My Web Archive"
             id="wm-save-snapshot-open"
          >
            <span class="iconochive-web"></span>
          </a>
          <a href="https://archive.org/account/login.php"
             title="Sign In"
             id="wm-sign-in"
          >
            <span class="iconochive-person"></span>
          </a>
          <span id="wm-save-snapshot-in-progress" class="iconochive-web"></span>
        	<a href="http://faq.web.archive.org/" title="Get some help using the Wayback Machine" style="top:-6px;"><span class="iconochive-question" style="color:rgb(87,186,244);font-size:160%;"></span></a>
	<a id="wm-tb-close" href="#close" onclick="__wm.h(event);return false;" style="top:-2px;" title="Close the toolbar"><span class="iconochive-remove-circle" style="color:#888888;font-size:240%;"></span></a>
      </div>
      <div id="wm-share" style="text-align:right;">
	<a href="#" onclick="window.open('https://www.facebook.com/sharer/sharer.php?u=https://web.archive.org/web/20071111061334/http://www.kerneltraffic.org/GNUe/gnue20060522_117.xml', '', 'height=400,width=600'); return false;" title="Share on Facebook" style="margin-right:5px;" target="_blank"><span class="iconochive-facebook" style="color:#3b5998;font-size:160%;"></span></a>
	<a href="#" onclick="window.open('https://twitter.com/intent/tweet?text=https://web.archive.org/web/20071111061334/http://www.kerneltraffic.org/GNUe/gnue20060522_117.xml&amp;via=internetarchive', '', 'height=400,width=600'); return false;" title="Share on Twitter" style="margin-right:5px;" target="_blank"><span class="iconochive-twitter" style="color:#1dcaff;font-size:160%;"></span></a>
      </div>
    </div>
    <table class="c" style="">
      <tbody>
	<tr>
	  <td class="u" colspan="2">
	    <form target="_top" method="get" action="/web/submit" name="wmtb" id="wmtb"><input type="text" name="url" id="wmtbURL" value="http://www.kerneltraffic.org/GNUe/gnue20060522_117.xml" onfocus="this.focus();this.select();" /><input type="hidden" name="type" value="replay" /><input type="hidden" name="date" value="20071111061334" /><input type="submit" value="Go" /></form>
	  </td>
	  <td class="n" rowspan="2" style="width:110px;">
	    <table>
	      <tbody>
		<!-- NEXT/PREV MONTH NAV AND MONTH INDICATOR -->
		<tr class="m">
		  <td class="b" nowrap="nowrap"><a href="https://web.archive.org/web/20070213163921/http://www.kerneltraffic.org:80/GNUe/gnue20060522_117.xml" title="13 Feb 2007"><strong>Feb</strong></a></td>
		  <td class="c" id="displayMonthEl" title="You are here: 06:13:34 Nov 11, 2007">NOV</td>
		  <td class="f" nowrap="nowrap"><a href="https://web.archive.org/web/20080517153812/http://www.kerneltraffic.org/GNUe/gnue20060522_117.xml" title="17 May 2008"><strong>May</strong></a></td>
		</tr>
		<!-- NEXT/PREV CAPTURE NAV AND DAY OF MONTH INDICATOR -->
		<tr class="d">
		  <td class="b" nowrap="nowrap"><a href="https://web.archive.org/web/20070213163921/http://www.kerneltraffic.org:80/GNUe/gnue20060522_117.xml" title="16:39:21 Feb 13, 2007"><img src="/static/images/toolbar/wm_tb_prv_on.png" alt="Previous capture" width="14" height="16" border="0" /></a></td>
		  <td class="c" id="displayDayEl" style="width:34px;font-size:24px;white-space:nowrap;" title="You are here: 06:13:34 Nov 11, 2007">11</td>
		  <td class="f" nowrap="nowrap"><a href="https://web.archive.org/web/20080517153812/http://www.kerneltraffic.org/GNUe/gnue20060522_117.xml" title="15:38:12 May 17, 2008"><img src="/static/images/toolbar/wm_tb_nxt_on.png" alt="Next capture" width="14" height="16" border="0" /></a></td>
		</tr>
		<!-- NEXT/PREV YEAR NAV AND YEAR INDICATOR -->
		<tr class="y">
		  <td class="b" nowrap="nowrap"><a href="https://web.archive.org/web/20061014092423/http://www.kerneltraffic.org/GNUe/gnue20060522_117.xml" title="14 Oct 2006"><strong>2006</strong></a></td>
		  <td class="c" id="displayYearEl" title="You are here: 06:13:34 Nov 11, 2007">2007</td>
		  <td class="f" nowrap="nowrap"><a href="https://web.archive.org/web/20170403222954/http://kerneltraffic.org/GNUe/gnue20060522_117.xml" title="03 Apr 2017"><strong>2017</strong></a></td>
		</tr>
	      </tbody>
	    </table>
	  </td>
	</tr>
	<tr>
	  <td class="s">
	    	    <div id="wm-nav-captures">
	      	      <a class="t" href="/web/20071111061334*/http://www.kerneltraffic.org/GNUe/gnue20060522_117.xml" title="See a list of every capture for this URL">6 captures</a>
	      <div class="r" title="Timespan for captures of this URL">14 Oct 2006 - 03 Apr 2017</div>
	      </div>
	  </td>
	  <td class="k">
	    <a href="" id="wm-graph-anchor">
	      <div id="wm-ipp-sparkline" title="Explore captures for this URL" style="position: relative">
		<canvas id="wm-sparkline-canvas" width="575" height="27" border="0"></canvas>
	      </div>
	    </a>
	  </td>
	</tr>
      </tbody>
    </table>
    <div style="position:absolute;bottom:0;right:2px;text-align:right;">
      <a id="wm-expand" class="wm-btn wm-closed" href="#expand" onclick="__wm.ex(event);return false;"><span id="wm-expand-icon" class="iconochive-down-solid"></span> <span style="font-size:80%">About this capture</span></a>
    </div>
  </div>
    <div id="wm-capinfo" style="border-top:1px solid #777;display:none; overflow: hidden">
            <div style="background-color:#666;color:#fff;font-weight:bold;text-align:center">COLLECTED BY</div>
    <div style="padding:3px;position:relative" id="wm-collected-by-content">
            <div style="display:inline-block;vertical-align:top;width:50%;">
			<span class="c-logo" style="background-image:url(https://archive.org/services/img/webwidecrawl);"></span>
		Organization: <a style="color:#33f;" href="https://archive.org/details/webwidecrawl" target="_new"><span class="wm-title">Internet Archive</span></a>
		<div style="max-height:75px;overflow:hidden;position:relative;">
	  <div style="position:absolute;top:0;left:0;width:100%;height:75px;background:linear-gradient(to bottom,rgba(255,255,255,0) 0%,rgba(255,255,255,0) 90%,rgba(255,255,255,255) 100%);"></div>
	  The Internet Archive discovers and captures web pages through many different web crawls.

At any given time several distinct crawls are running, some for months, and some every day or longer.

View the web archive through the <a href="http://archive.org/web/web.php">Wayback Machine</a>.
	</div>
	      </div>
      <div style="display:inline-block;vertical-align:top;width:49%;">
			<span class="c-logo" style="background-image:url(https://archive.org/services/img/aroundtheworldcrawl)"></span>
		<div>Collection: <a style="color:#33f;" href="https://archive.org/details/aroundtheworldcrawl" target="_new"><span class="wm-title">Around The World Crawl</span></a></div>
		<div style="max-height:75px;overflow:hidden;position:relative;">
	  <div style="position:absolute;top:0;left:0;width:100%;height:75px;background:linear-gradient(to bottom,rgba(255,255,255,0) 0%,rgba(255,255,255,0) 90%,rgba(255,255,255,255) 100%);"></div>
	  Data crawled by Sloan Foundation on behalf of Internet Archive
<br /><br />
	</div>
	      </div>
    </div>
    <div style="background-color:#666;color:#fff;font-weight:bold;text-align:center" title="Timestamps for the elements of this page">TIMESTAMPS</div>
    <div>
      <div id="wm-capresources" style="margin:0 5px 5px 5px;max-height:250px;overflow-y:scroll !important"></div>
      <div id="wm-capresources-loading" style="text-align:left;margin:0 20px 5px 5px;display:none"><img src="/static/images/loading.gif" alt="loading" /></div>
    </div>
  </div></div></div></div><script type="text/javascript">
__wm.bt(575,27,25,2,"web","http://www.kerneltraffic.org/GNUe/gnue20060522_117.xml","2007-11-11",1996);
</script>
<!-- END WAYBACK TOOLBAR INSERT --><kc>

<title>GNUe Traffic</title>

<editor contact="mailto:psu@burdonvale.co.uk">Peter Sullivan</editor>

<issue num="117" date="22 May 2006 12:00:00 -0800"/>

<headquote>&quot;<i>nah, I think the definition of &quot;programmer&quot; is pretty loose these days
- after all, jamest claims to be one</i>&quot;</headquote>

<intro>
  This newsletter mainly covers the the #gnuenterprise IRC channel, 
  with occasional coverage of the three main mailing lists 
  (gnue-announce, gnue and gnue-dev) for the 
  <a href="https://web.archive.org/web/20071111061334/http://www.gnuenterprise.org/">GNU Enterprise</a> 
  project.
</intro>

<section title="Performance tuning of Application Server" subject="[IRC] 16 May 2006" archive="http://www.gnuenterprise.org/irc-logs/gnue-public.log.2006-05-16" author="Peter Sullivan" contact="mailto:psu@burdonvale.co.uk" startdate="16 May 2006 12:00:00 -0800" enddate="18 May 2006 12:00:00 -0800">

<topic>Application Server</topic>

<p>Further to 
<kcref title="Performance issues with Application Server and XML-RPC" subject="[IRC] 10 May 2006"/>, 
Malek Hadj-Ali (lekma) reported <quote who="Malek Hadj-Ali">the script that 
use to take 4min+ is now</quote> under 2. There were still some
<quote who="Malek Hadj-Ali">strange bugs in http 1.1 with hessian</quote> 
and <quote who="Malek Hadj-Ali">the request still eats 300Meg of 
memory</quote>. But, as Reinhard M&#252;ller (reinhard) noted 
<quote who="Reinhard Müller">at least for speed we're not magnitudes 
away any more</quote>. Malek did further testing, and noted that a 
hessian dump run independantly took a fraction of a second - the 
same hessian dump via the GNUe Application Server took 26 seconds. 
Reinhard noted that it was not unusual to see odd results like this when 
profiling python code - <quote who="Reinhard Müller">I suspect 
all the hidden python magic like garbage collection and the like 
has a big impact on performance - and the decision when exactly 
python runs the garbage collection might depend on conditions that 
we as humans would regard as &quot;random&quot;</quote>. Jason Cater
(jcater) wondered if using unicode, or the presence of the python psyco 
module was making a difference, but neither of these proved to be the 
case. Both Jason and Reinhard volunteered to have a look at Malek's 
code to see if they could spot anything.</p>

<p><a href="https://web.archive.org/web/20071111061334/http://www.gnuenterprise.org/irc-logs/gnue-public.log.2006-05-17">The
next day</a>, Malek reported that he had 
<quote who="Malek Hadj-Ali">figured it out - a bug in hessianlib 
that shown itself when dumping instances</quote>. He did some 
more tests with various different combinations (using XML-RPC, 
hessian and direct database access, both with and without 
GNUe Application Server) and found that hessian was still 
<i>somewhat</i> faster than the original XML-RPC protocol 
that GNUe had been using previously, but felt a bit frustrated 
that it should be <i>significantly</i> faster - as 
<quote who="Malek Hadj-Ali">pure dumps/loads is around 3 times 
faster in hessian than xmlrpc</quote>.</p>

<p><a href="https://web.archive.org/web/20071111061334/http://www.gnuenterprise.org/irc-logs/gnue-public.log.2006-05-18">The 
next day</a>, Reinhard said he would apply Malik's patch 
<quote who="Reinhard Müller">so others can have a look and a try</quote>. 
Malek explained that his patch fixed <quote who="Malik Hadj-Ali">a 
bug withe the hessian lib - but that don't solve all performance 
issue</quote>. Jason noted that his profiling tests 
conmfirmed this - <quote who="Jason Cater">I wrapped the calls into the 
hotshot profiler the other day - and noticed that most of the wait was 
inside of the networking code of hessianlib.py</quote>. Malek pointed  
out that <quote who="Malek Hadj-Ali">appserver adds a non negligeabable 
overhead in ClientAdapter and ServerAdapter</quote>, regardless of 
whether hessian or XML-RPC was used, <quote who="Malek Hadj-Ali">but 
it tries hard to balance this overhead with agressive http 1.1 
connections - so all in all it's not that bad.</quote>.</p>

</section>

<section title="Layout in GNUe Forms with wx 2.6 driver" subject="[IRC] 22 May 2006" archive="http://www.gnuenterprise.org/irc-logs/gnue-public.log.2006-05-22" author="Peter Sullivan" contact="mailto:psu@burdonvale.co.uk" startdate="22 May 2006 12:00:00 -0800" enddate="22 May 2006 12:00:00 -0800">

<topic>Forms</topic>

<p>James Thompson (jamest) asked <quote who="James Thompson">how stable 
is forms head? and the wx driver in particular - 2.6</quote> as 
<quote who="James Thompson">the dropdowns in the old wx driver have 
started causing us lots of issues</quote>. Reinhard M&#252;ller (reinhard) 
replied <quote who="Reinhard Müller">head should be perfectly usable, 
and wx26 should be possibly the most stable driver of all</quote> 
(as previously discussed in 
<kcref title="Reducing the number of user interface drivers for GNUe" subject="[IRC] 16 Mar 2006"/>
and similar threads). But he cautioned that this did not mean 
<quote who="Reinhard Müller">that you *won't* hit bugs...</quote>. 
James tried it, and noted <quote who="James Thompson">2.6 computes 
spacing a bit different than 2.4 did doesn't it</quote>? Johannes Vetter 
(johannesV) explained <quote who="Johanes Vetter">spacing depends on the 
biggest control possible - depending on the platform used</quote>. 
Reinhard clarified <quote who="Reinhard Müller">it just takes standard 
entry size, standard button size, standard dropdown size - and takes the 
biggest of them - so no control will get chopped</quote>. James was concerned
that this <quote who="James Thompson">really increases the horizontal space 
usage though - like on a rows=10 - it looking like whitespace is 
doubled</quote>.</p>

<p>Reinhard wondered <quote who="Reinhard Müller">whether widgetWidth 
and widgetHeight point sizes could be a configuration option - and if 
set override the auto dectected widget sizes</quote>. Johannes said that 
this <quote who="Johannes Vetter">should be handled quite well if there 
are layoutmanagers ...</quote>. But James noted that this would also 
need to take account of what X themes the user was running - 
<quote who="James Thompson">as for whatever reason themes effect forms 
here - a form that fits on user A's screen doesn't on User B's</quote>.
Reinhard agreed <quote who="Reinhard Müller">that the only real solution 
is layout management - a button simply *isn't* of the same size as an 
entry</quote> for example.</p>

</section>


<section title="Allowable typecast attributes for GNUe Forms" subject="[IRC] 22 May 2006" archive="http://www.gnuenterprise.org/irc-logs/gnue-public.log.2006-05-22" author="Peter Sullivan" contact="mailto:psu@burdonvale.co.uk" startdate="22 May 2006 12:00:00 -0800" enddate="22 May 2006 12:00:00 -0800">

<topic>Forms</topic>

<p>James Thompson (jamest) noted that <quote who="James Thompson">the two 
biggest things stopping me from opening forms are</quote> lack of support 
for integer and boolean typecasts - the typecast-attribute only seemed to 
support date, text and number as of time of writing. He asked 
<quote who="James Thompson">is there a reason we don't don't support 
typecast= boolean or integer in</quote> GNUe Form Definitions? 
Reinhard M&#252;ller (reinhard) replied <quote who="Reinhard Müller">I 
have no idea, the set of possible values was defined ages ago - but it 
was never checked. I am not opposed at all to add any other values to 
the list as you see fit</quote>.</p>

</section>

</kc><!--
     FILE ARCHIVED ON 06:13:34 Nov 11, 2007 AND RETRIEVED FROM THE
     INTERNET ARCHIVE ON 09:22:15 Dec 05, 2018.
     JAVASCRIPT APPENDED BY WAYBACK MACHINE, COPYRIGHT INTERNET ARCHIVE.

     ALL OTHER CONTENT MAY ALSO BE PROTECTED BY COPYRIGHT (17 U.S.C.
     SECTION 108(a)(3)).
-->
<!--
playback timings (ms):
  LoadShardBlock: 151.006 (3)
  esindex: 0.007
  captures_list: 165.307
  CDXLines.iter: 10.73 (3)
  PetaboxLoader3.datanode: 200.617 (4)
  exclusion.robots: 0.313
  exclusion.robots.policy: 0.302
  RedisCDXSource: 0.916
  PetaboxLoader3.resolve: 20.493
  load_resource: 120.976
-->