<?xml version="1.0" ?>

<script src="//archive.org/includes/analytics.js?v=cf34f82" type="text/javascript"></script>
<script type="text/javascript">window.addEventListener('DOMContentLoaded',function(){var v=archive_analytics.values;v.service='wb';v.server_name='wwwb-app100.us.archive.org';v.server_ms=303;archive_analytics.send_pageview({});});</script>
<script type="text/javascript" src="/static/js/ait-client-rewrite.js?v=1543384230.0" charset="utf-8"></script>
<script type="text/javascript">
WB_wombat_Init('https://web.archive.org/web', '20071111034034', 'www.kerneltraffic.org');
</script>
<script type="text/javascript" src="/static/js/wbhack.js?v=1543384230.0" charset="utf-8"></script>
<script type="text/javascript">
__wbhack.init('https://web.archive.org/web');
</script>
<link rel="stylesheet" type="text/css" href="/static/css/banner-styles.css?v=1543384230.0" />
<link rel="stylesheet" type="text/css" href="/static/css/iconochive.css?v=1543384230.0" />
<!-- End Wayback Rewrite JS Include -->
<!-- BEGIN WAYBACK TOOLBAR INSERT -->
<script type="text/javascript" src="/static/js/timestamp.js?v=1543384230.0" charset="utf-8"></script>
<script type="text/javascript" src="/static/js/graph-calc.js?v=1543384230.0" charset="utf-8"></script>
<script type="text/javascript" src="/static/js/auto-complete.js?v=1543384230.0" charset="utf-8"></script>
<script type="text/javascript" src="/static/js/toolbar.js?v=1543384230.0" charset="utf-8"></script>
<style type="text/css">
body {
  margin-top:0 !important;
  padding-top:0 !important;
  /*min-width:800px !important;*/
}
.wb-autocomplete-suggestions {
    text-align: left; cursor: default; border: 1px solid #ccc; border-top: 0; background: #fff; box-shadow: -1px 1px 3px rgba(0,0,0,.1);
    position: absolute; display: none; z-index: 2147483647; max-height: 254px; overflow: hidden; overflow-y: auto; box-sizing: border-box;
}
.wb-autocomplete-suggestion { position: relative; padding: 0 .6em; line-height: 23px; white-space: nowrap; overflow: hidden; text-overflow: ellipsis; font-size: 1.02em; color: #333; }
.wb-autocomplete-suggestion b { font-weight: bold; }
.wb-autocomplete-suggestion.selected { background: #f0f0f0; }
</style>
<div id="wm-ipp" lang="en" style="display:none;direction:ltr;">
<div style="position:fixed;left:0;top:0;right:0;">
<div id="wm-ipp-inside">
  <div style="position:relative;">
    <div id="wm-logo" style="float:left;width:130px;padding-top:10px;">
      <a href="/web/" title="Wayback Machine home page"><img src="/static/images/toolbar/wayback-toolbar-logo.png" alt="Wayback Machine" width="110" height="39" border="0" /></a>
    </div>
    <div class="r" style="float:right;">
      <div id="wm-btns" style="text-align:right;height:25px;">
                  <div id="wm-save-snapshot-success">success</div>
          <div id="wm-save-snapshot-fail">fail</div>
          <a href="#"
             onclick="__wm.saveSnapshot('http://www.kerneltraffic.org/GNUe/gnue20020112_11.xml', '20071111034034')"
             title="Share via My Web Archive"
             id="wm-save-snapshot-open"
          >
            <span class="iconochive-web"></span>
          </a>
          <a href="https://archive.org/account/login.php"
             title="Sign In"
             id="wm-sign-in"
          >
            <span class="iconochive-person"></span>
          </a>
          <span id="wm-save-snapshot-in-progress" class="iconochive-web"></span>
        	<a href="http://faq.web.archive.org/" title="Get some help using the Wayback Machine" style="top:-6px;"><span class="iconochive-question" style="color:rgb(87,186,244);font-size:160%;"></span></a>
	<a id="wm-tb-close" href="#close" onclick="__wm.h(event);return false;" style="top:-2px;" title="Close the toolbar"><span class="iconochive-remove-circle" style="color:#888888;font-size:240%;"></span></a>
      </div>
      <div id="wm-share" style="text-align:right;">
	<a href="#" onclick="window.open('https://www.facebook.com/sharer/sharer.php?u=https://web.archive.org/web/20071111034034/http://www.kerneltraffic.org/GNUe/gnue20020112_11.xml', '', 'height=400,width=600'); return false;" title="Share on Facebook" style="margin-right:5px;" target="_blank"><span class="iconochive-facebook" style="color:#3b5998;font-size:160%;"></span></a>
	<a href="#" onclick="window.open('https://twitter.com/intent/tweet?text=https://web.archive.org/web/20071111034034/http://www.kerneltraffic.org/GNUe/gnue20020112_11.xml&amp;via=internetarchive', '', 'height=400,width=600'); return false;" title="Share on Twitter" style="margin-right:5px;" target="_blank"><span class="iconochive-twitter" style="color:#1dcaff;font-size:160%;"></span></a>
      </div>
    </div>
    <table class="c" style="">
      <tbody>
	<tr>
	  <td class="u" colspan="2">
	    <form target="_top" method="get" action="/web/submit" name="wmtb" id="wmtb"><input type="text" name="url" id="wmtbURL" value="http://www.kerneltraffic.org/GNUe/gnue20020112_11.xml" onfocus="this.focus();this.select();" /><input type="hidden" name="type" value="replay" /><input type="hidden" name="date" value="20071111034034" /><input type="submit" value="Go" /></form>
	  </td>
	  <td class="n" rowspan="2" style="width:110px;">
	    <table>
	      <tbody>
		<!-- NEXT/PREV MONTH NAV AND MONTH INDICATOR -->
		<tr class="m">
		  <td class="b" nowrap="nowrap"><a href="https://web.archive.org/web/20050913002813/http://www.kerneltraffic.org:80/GNUe/gnue20020112_11.xml" title="13 Sep 2005"><strong>Sep</strong></a></td>
		  <td class="c" id="displayMonthEl" title="You are here: 03:40:34 Nov 11, 2007">NOV</td>
		  <td class="f" nowrap="nowrap">Dec</td>
		</tr>
		<!-- NEXT/PREV CAPTURE NAV AND DAY OF MONTH INDICATOR -->
		<tr class="d">
		  <td class="b" nowrap="nowrap"><a href="https://web.archive.org/web/20050913002813/http://www.kerneltraffic.org:80/GNUe/gnue20020112_11.xml" title="00:28:13 Sep 13, 2005"><img src="/static/images/toolbar/wm_tb_prv_on.png" alt="Previous capture" width="14" height="16" border="0" /></a></td>
		  <td class="c" id="displayDayEl" style="width:34px;font-size:24px;white-space:nowrap;" title="You are here: 03:40:34 Nov 11, 2007">11</td>
		  <td class="f" nowrap="nowrap"><img src="/static/images/toolbar/wm_tb_nxt_off.png" alt="Next capture" width="14" height="16" border="0" /></td>
		</tr>
		<!-- NEXT/PREV YEAR NAV AND YEAR INDICATOR -->
		<tr class="y">
		  <td class="b" nowrap="nowrap"><a href="https://web.archive.org/web/20050913002813/http://www.kerneltraffic.org:80/GNUe/gnue20020112_11.xml" title="13 Sep 2005"><strong>2005</strong></a></td>
		  <td class="c" id="displayYearEl" title="You are here: 03:40:34 Nov 11, 2007">2007</td>
		  <td class="f" nowrap="nowrap">2008</td>
		</tr>
	      </tbody>
	    </table>
	  </td>
	</tr>
	<tr>
	  <td class="s">
	    	    <div id="wm-nav-captures">
	      	      <a class="t" href="/web/20071111034034*/http://www.kerneltraffic.org/GNUe/gnue20020112_11.xml" title="See a list of every capture for this URL">5 captures</a>
	      <div class="r" title="Timespan for captures of this URL">12 Jun 2003 - 11 Nov 2007</div>
	      </div>
	  </td>
	  <td class="k">
	    <a href="" id="wm-graph-anchor">
	      <div id="wm-ipp-sparkline" title="Explore captures for this URL" style="position: relative">
		<canvas id="wm-sparkline-canvas" width="575" height="27" border="0"></canvas>
	      </div>
	    </a>
	  </td>
	</tr>
      </tbody>
    </table>
    <div style="position:absolute;bottom:0;right:2px;text-align:right;">
      <a id="wm-expand" class="wm-btn wm-closed" href="#expand" onclick="__wm.ex(event);return false;"><span id="wm-expand-icon" class="iconochive-down-solid"></span> <span style="font-size:80%">About this capture</span></a>
    </div>
  </div>
    <div id="wm-capinfo" style="border-top:1px solid #777;display:none; overflow: hidden">
            <div style="background-color:#666;color:#fff;font-weight:bold;text-align:center">COLLECTED BY</div>
    <div style="padding:3px;position:relative" id="wm-collected-by-content">
            <div style="display:inline-block;vertical-align:top;width:50%;">
			<span class="c-logo" style="background-image:url(https://archive.org/services/img/webwidecrawl);"></span>
		Organization: <a style="color:#33f;" href="https://archive.org/details/webwidecrawl" target="_new"><span class="wm-title">Internet Archive</span></a>
		<div style="max-height:75px;overflow:hidden;position:relative;">
	  <div style="position:absolute;top:0;left:0;width:100%;height:75px;background:linear-gradient(to bottom,rgba(255,255,255,0) 0%,rgba(255,255,255,0) 90%,rgba(255,255,255,255) 100%);"></div>
	  The Internet Archive discovers and captures web pages through many different web crawls.

At any given time several distinct crawls are running, some for months, and some every day or longer.

View the web archive through the <a href="http://archive.org/web/web.php">Wayback Machine</a>.
	</div>
	      </div>
      <div style="display:inline-block;vertical-align:top;width:49%;">
			<span class="c-logo" style="background-image:url(https://archive.org/services/img/aroundtheworldcrawl)"></span>
		<div>Collection: <a style="color:#33f;" href="https://archive.org/details/aroundtheworldcrawl" target="_new"><span class="wm-title">Around The World Crawl</span></a></div>
		<div style="max-height:75px;overflow:hidden;position:relative;">
	  <div style="position:absolute;top:0;left:0;width:100%;height:75px;background:linear-gradient(to bottom,rgba(255,255,255,0) 0%,rgba(255,255,255,0) 90%,rgba(255,255,255,255) 100%);"></div>
	  Data crawled by Sloan Foundation on behalf of Internet Archive
<br /><br />
	</div>
	      </div>
    </div>
    <div style="background-color:#666;color:#fff;font-weight:bold;text-align:center" title="Timestamps for the elements of this page">TIMESTAMPS</div>
    <div>
      <div id="wm-capresources" style="margin:0 5px 5px 5px;max-height:250px;overflow-y:scroll !important"></div>
      <div id="wm-capresources-loading" style="text-align:left;margin:0 20px 5px 5px;display:none"><img src="/static/images/loading.gif" alt="loading" /></div>
    </div>
  </div></div></div></div><script type="text/javascript">
__wm.bt(575,27,25,2,"web","http://www.kerneltraffic.org/GNUe/gnue20020112_11.xml","2007-11-11",1996);
</script>
<!-- END WAYBACK TOOLBAR INSERT --><kc>

<title>GNUe Traffic</title>

<author contact="mailto:psu@manorcon.demon.co.uk">Peter Sullivan</author>

<issue num="11" date="12 Jan 2002 00:00:00 -0800"/>

<headquote>
&quot;The reason why GNUe is so IRC oriented - that has historical 
reasons. GNUe was a mailing-list project for 3 years with zero 
implemented code. Then we started irc and within 1 month we had some 
prototypes&quot;
</headquote>

<intro>

<p>This Cousin covers the three main mailing lists for the GNU 
Enterprise project, gnue, gnue-dev and gnue-announce. For more 
information about GNUe, see their home page at 
<a href="https://web.archive.org/web/20071111034034/http://www.gnuenterprise.org/">
http://www.gnuenterprise.org</a>. Details of the mailing lists 
can be found at 
<a href="https://web.archive.org/web/20071111034034/http://mail.gnu.org/mailman/listinfo/gnue">
http://mail.gnu.org/mailman/listinfo/gnue</a>, 
<a href="https://web.archive.org/web/20071111034034/http://mail.gnu.org/mailman/listinfo/gnue-dev">
http://mail.gnu.org/mailman/listinfo/gnue-dev</a>,
<a href="https://web.archive.org/web/20071111034034/http://mail.gnu.org/mailman/listinfo/gnue-announce">
http://mail.gnu.org/mailman/listinfo/gnue-announce</a>.</p>

<p>It also covers, on an intermittant basis (i.e. when I have 
time), the #gnuenterprise IRC channel. A great deal of 
development discussion is still going on in IRC. You can find 
#gnuenterprise on irc.openprojects.net:6667, or you can review 
the logs at <a href="https://web.archive.org/web/20071111034034/http://www.gnuenterprise.org/irc-logs/">
http://www.gnuenterprise.org/irc-logs/</a>.</p>

</intro>

<section title="Assertive marketing for GNUe?" subject="Top Ten Questions to ask your proprietary ERP salesman" archive="http://mail.gnu.org/pipermail/gnue/2002-January/002909.html" posts="5" startdate="01 Jan 2002 22:57:03 -0800" enddate="05 Jan 2002 15:30:35 -0800">
<topic>Why GNUe?</topic>


<p>Peter Sullivan noted that some ERP salesmen liked to suggest 
&quot;tricky&quot; questions to ask their competitors, and 
<quote who="Peter Sullivan">wondered what a GNU Enterprise 
equivalent might look like... Top Ten Questions to ask your 
proprietary ERP salesman</quote>, together with the answers
for GNU Enterprise.</p>

<quote who="Peter Sullivan">
<ol>
<li>I'm paying how much and I'm not allowed to know how it works?</li>
<li>Am I too small for your package?</li>
<li>What happens if my level of activity increases?</li>
<li>What standards do you support, and how are they licensed?</li>
<li>How does this work with the stuff I already have?</li>
<li>What level of support will I get?</li>
<li>What happens if I want to customise the package?</li>
<li>What happens if you go bust?</li>
<li>What happens if you get taken over?</li>
<li>What happens if we don't get on?</li>
<li>How often must I upgrade?</li>
</ol>
</quote>

<p>Stan Klein added an extra question - <quote who="Stan Klein">
What happens if the needs of my business don't match the features of 
your software?</quote>. He gave an example where one major manufacturer
had reviewed an ERP package <quote who="Stan Klein">and found that 
the package was based on their principal competitor's way of doing 
business.</quote>. This would have lost them their major competative 
advantege of a more effective business process. Under the GNU Public 
License, you could amend GNUe to reflect your own business processes, 
and keep them private if desired.</p>

<p>Derek Neighbors said <quote who="Derek Neighbors">This is good 
stuff, hopefully some of it will make it into our marketing campaign
</quote>, and in the meantime he suggested adding it to the FAQ. Neil 
Tiffin said the FAQ was quite large already, but 
<quote who="Neil Tiffin">A separate doc would be great.</quote>
An HTML document would <quote who="Neil Tiffin">get indexed by the 
search engines</quote>, which was important.</p>

</section>

<section title="Two passes in GNUe Class Defintions parser" subject="[IRC] 5th Jan 2002" archive="http://www.gnuenterprise.org/irc-logs/gnue-public.log.05Jan2002" startdate="05 Jan 2002 00:00:00 -0800" enddate="06 Jan 2002 00:00:00 -0800">
<topic>Application Server</topic>


<p>Daniel Baumann (chillywilly) said GNUe Application Server (GEAS) 
<quote who="Daniel Baumann">should use multiple buffers to do includes 
for the parser - then you only need one pass</quote> to parse a GNUe 
Class Definition (.gcd). He posted part of the current GEAS code - 
<quote who="Daniel Baumann">kind of a depth-first algorithm - jsut keep
following the includes</quote>. However, this meant it had to use two 
passes. He said he would <quote who="Daniel Baumann">fix it to use 
something similar</quote>, giving some alternative, shorter, code in
flex. He commented <quote who="Daniel Baumann">hmmm, I am liking this 
flex guy already ;P</quote>.</p>

<p><a href="https://web.archive.org/web/20071111034034/http://www.gnuenterprise.org/irc-logs/gnue-public.log.06Jan2002">
The next day</a>, Daniel wondered <quote who="Daniel Baumann">
why does reinhard count lines himself instead of using the yylineno 
option?</quote>. Later, Reinhard M&#252;ller (reinhard) explained that, 
according to the flex documentation, it was 
<quote who="Reinhard Müller">an undocumented feature of Lex that does 
not appear in Flex or POSIX.</quote></p>

<p>Daniel had also asked <quote who="Daniel Baumann">
I don;t get why he would define his own alphanum, etc. either when 
there's [:alphanum:], etc. classes that you can use</quote>. 
Later, Reinhard explained <quote who="Reinhard Müller">
it wasn't documented in my copy of the flex manual</quote> and in 
any case, <quote who="Reinhard Müller">i'm not sure if non-gnu lex 
does have this feature too</quote>. He would be keen to change it 
<quote who="Reinhard Müller">if you can give me a pointer whether 
std lex understands [:alphanum:] or not</quote>. He admitted 
<quote who="Reinhard Müller">i have a lex incompatibility somewhere 
anyway</quote>, as the parser would not work on Solaris lex. The 
person with the problem had just installed flex (GNU lex) instead, 
as that was quicker than trying to trace the error.</p>

<p>Earlier, Daniel said he had <quote who="Daniel Baumann">
got through reading the flex manual</quote>and referred to 
<quote who="Daniel Baumann">the part about multiple inputs streams 
and their little example about how you could process includes in a 
depth first fashion</quote>. He wondered if GEAS could use this to 
<quote who="Daniel Baumann">save a whole 2nd pass from having to 
happen</quote> at all. Reinhard M&#252;ller (reinhard) said 
<quote who="Reinhard Müller">we will not need includes at all - 
even if some gcd depend on others</quote> He explained 
<quote who="Reinhard Müller">some magic code in depend.c will decide 
in which order the gcd files should be processed</quote>. This was the 
reason for the two passes - <quote who="Reinhard Müller">first pass: 
register which symbols are defined in which file - then: find an order 
in which the files can be processed so that every symbol is defined 
before it is used - second pass: do the real parsing of the files, in 
the needed order</quote>. Daniel said <quote who="Daniel Baumann">
that seems to make things harder</quote> to code. Reinhard agreed, but 
said it would make writing .gcd files easier. All of the gcds would 
need recompiling every time anything changed in any case - 
<quote who="Reinhard Müller">for example you could delete an object 
from a gcd file - and other gcd files could reference that object - 
so those other gcd files would become syntactically wrong - which you 
wouldn't know if you didn't process all of them</quote>. It was 
important to make .gcd files maintainable by non-programmers, if only 
for <quote who="Reinhard Müller">minor changes like adding a field to 
a class or so</quote>. Daniel said that includes were part of the Object 
Definition Language (ODL) that GNUe wanted to use. Reinhard hadn't seen 
the specification, <quote who="Reinhard Müller">but i would say if we 
can be compilant to odl except that we have less constraints then it 
would be better than to be die-hard odl compilant</quote>.</p>

</section>

<section title="Old and new parser for GNUe Class Definitions" subject="[Gnue-dev] Adventures with geas: strange old parser?" archive="http://mail.gnu.org/pipermail/gnue-dev/2002-January/000012.html" posts="1" startdate="06 Jan 2002 12:20:05 -0800" enddate="06 Jan 2002 00:00:00 -0800">
<topic>Application Server</topic>


<p>Holger Schurig reported problems compiling the CVS version of GNUe 
Application Server. When running it, he was getting multiple 
errors for <quote who="Holger Schurig">Duplicate class name found
</quote>, and the load was aborting with too many errors.</p>

<p><a href="https://web.archive.org/web/20071111034034/http://www.gnuenterprise.org/irc-logs/gnue-public.log.06Jan2002">
On IRC</a>, Reinhard said that, at the moment 
<quote who="Reinhard Müller">parts of the code use the old parser 
and parts use the new parser :( as i am in the middle of the transition
</quote> However, the parsers themselves were independant of each 
other. He explained <quote who="Reinhard Müller">to <strong>start
</strong> geas you would only need the new parser but to do 
inserts/updates/selects etc. the info is taken from the old parser
</quote> as at the time of writing.</p>

<p>He explained that the old parser used a list of reserved words for 
each supported database to avoid conflicts. Since then, it had been 
<quote who="Reinhard Müller">decided to prefix every column name for 
the database with the modulename and a double underscore.</quote> A 
by-product of this was that <quote who="Reinhard Müller">because no 
reserved word of (IMHO) no db of the world contains a double 
underscore - we can be 100% sure that no column name of ours conflicts 
with a db reserved word</quote>. He added that 
<quote who="Reinhard Müller">this is not yet done to keep 
compatibility with the old parser as long as some part of the code uses 
the old parser- but is already marked as TODO in the new parser code
</quote>. However, the old check on reserved words had already been 
removed in anticipation of this.</p>

<p>Holger Schurig (holsch) said this meant <quote who="Holger Schurig">
that the current CVS geas-server cannot be used, not even for 
&quot;finding out what it is&quot;</quote>. Reinhard said 
<quote who="Reinhard Müller">it should run with the old and the new 
parser in parallel</quote>. Reinhard and Holger did some work 
on tracking down the problem Holger was having, and discovered that 
Reinhard's setup worked with <quote who="Reinhard Müller">GNU Bison 
version 1.25</quote>, but Holger's setup failed with 
<quote who="Holger Schurig">bison (GNU Bison) 1.30</quote>. It was 
also discovered that there was a <quote who="Reinhard Müller">Duplicate 
class name found</quote>, as the &quot;person&quot; class was being 
defined twice in different modules. Reinhard felt this vindicated the 
decision to prefix column names with module names - 
<quote who="Reinhard Müller">this problem is one of the main reasons 
i rewrote the parser</quote>. He also noted that 
<quote who="Reinhard Müller">the old parser relies on undocumented 
behaviour of bison and appearently doesn't work under bison 1.30
</quote>.</p>

</section>

<section title="Case insensitivity in GNUe Class Definitions" subject="[IRC] 06 Jan 2002" archive="http://www.gnuenterprise.org/irc-logs/gnue-public.log.06Jan2002" startdate="06 Jan 2002 00:00:00 -0800" enddate="06 Jan 2002 00:00:00 -0800">
<topic>Application Server</topic>


<p>Reinhard M&#252;ller (reinhard) said <quote who="Reinhard Müller">
i think it is better to be case insensitive in gcd files</quote>, 
saying <quote who="Reinhard Müller">it doesn't make sense IMHO to 
define a symbol foo and another symbol FOO and have different meanings 
for them</quote>. Daniel Baumann (chillywilly) said 
<quote who="Daniel Baumann">I always hated case-insensative systems
</quote>, noting that <quote who="Daniel Baumann">C and C++ don't 
seem to bug me to much with their case sensativity ;)</quote></p>

<p>Later, Holger Schurig (holsch) said <quote who="Holger Schurig">
Basically I like Turbo-Pascal and Delphi and they are both case-
insensitive. But then again I hate to look at other's source codes 
because they uppercase</quote>. Neil Tiffin (neilt) was more emphatic
- <quote who="Neil Tiffin">i hate upper case</quote>, and added
<quote who="Neil Tiffin">in direct marketing all upper case is 15% 
harder to read</quote>. Holger said <quote who="Holger Schurig">
I used mixed case for vars and uppercase for keywords in Pascal, 
that way the keywords did stand out, even without a syntax-highlithing 
editor</quote>. Neil asked <quote who="Neil Tiffin">do 
non-syntax-highlighting editors exist today</quote>? He thought 
<quote who="Neil Tiffin">the poor programmers that use those must feel 
like they live in the 18th century :)</quote></p>

</section>

<section title="Extending variable types" subject="[IRC] 06 Jan 2002" archive="http://www.gnuenterprise.org/irc-logs/gnue-public.log.06Jan2002" startdate="06 Jan 2002 00:00:00 -0800" enddate="06 Jan 2002 00:00:00 -0800">
<topic>Application Server</topic>
<topic>Forms</topic>


<p>Holger Schurig (holsch) asked if GNUe had considered creating 
variable types that included <quote who="Holger Schurig">not just the 
type &quot;char(64)&quot;, but also how the label should be named, 
what lookup-table to use and so on. Whenever you use this variable 
type in a table or form, it would inherit this</quote>. Neil Tiffin 
(neilt) said <quote who="Neil Tiffin">we have that but forms designers 
have not warmed up to it - we treat it as a data element</quote>. 
Holger gave an example of what he meant - <quote who="Holger Schurig">
Basically the possibility to define lots of properties.</quote>. Neil 
said GNUe <quote who="Neil Tiffin">used a different 
structure</quote>. Holger said he would investigate further.</p>

</section>

<section title="Load balancing for GNUe Application Server" subject="[IRC] 06 Jan 2002" archive="http://www.gnuenterprise.org/irc-logs/gnue-public.log.06Jan2002" startdate="06 Jan 2002 00:00:00 -0800" enddate="06 Jan 2002 00:00:00 -0800">
<topic>Application Server</topic>


<mention>Reinhard M&#252;ller</mention>

<p>Daniel Baumann (chillywilly) asked about 
<quote who="Daniel Baumann">replication an load balancing</quote> for 
GNUe Application Server (GEAS). Holger Schurig (holsch) said 
<quote who="Holger Schurig">load balancing is often done with 
transaction monitors ... even built in ones</quote>. Daniel explained 
that <quote who="Daniel Baumann">the dotGNU ppl want an application 
server but they were talking about writing it in C# to test out</quote>
their own complier. He said there was <quote who="Daniel Baumann">
<a href="https://web.archive.org/web/20071111034034/http://www-1.ibm.com/servers/esdd/articles/linux_clust/index.html?t=gr,p=AuthClusters">
a good link</a> about how IBM does load balancing with Open LDAP on 
the dotGNU developers list</quote>. Reinhard M&#252;ller (reinhard) said 
he wanted to get GEAS working first before thinking about load 
balancing! Holger said he had <quote who="Holger Schurig">seen a 
similar HA solution for SAP DB.</quote> He explained 
<quote who="Holger Schurig">It used NBD (Network Block Device) from 
linux to mirror the database and log of two computers and used also 
<a href="https://web.archive.org/web/20071111034034/http://www.linux-ha.org/">www.linux-ha.org</a>'s heartbeat 
for the take-over.</quote>.</p>

</section>

<section title="Python XML libraries for GNUe" subject="[IRC] 07 Jan 2002" archive="http://www.gnuenterprise.org/irc-logs/gnue-public.log.07Jan2002" startdate="07 Jan 2002 00:00:00 -0800" enddate="07 Jan 2002 00:00:00 -0800">
<topic>Forms</topic>
<topic>Designer</topic>


<p>Christian Selig (sledge_) reported problems installing GNUe - 
<quote who="Christian Selig">the programs (forms, designer) tell 
me that i don't have the python xml libs, but i certainly have them.
</quote> James Thompson (jamest) asked <quote who="James Thompson">
do you have the python xml or the python SIG PyXML installed
- you need the PyXML one</quote>. Christian said he had 
<quote who="Christian Selig">installed the debian package for &quot;
xml support for python 2.x&quot;</quote>. James confirmed that was 
correct. Christian <quote who="Christian Selig">was running from CVS, 
but my last cvs update was about two weeks ago, haven't tried again 
since then</quote>. James asked <quote who="James Thompson">do you 
still have python 1.5.x installed?</quote> Christian said 
<quote who="Christian Selig">no, that was my first guess, 1.5.x 
interfering with 2.1; i have uninstalled 1.5.x - didn't help</quote>,
but he wondered if there might be <quote who="Christian Selig">
some environment variable that points to the old libraries?</quote>
James said he had had to remove python 1.5.x, and hadn't had any problems.
Christian said the setup.py had failed - he had fixed this, but only by
commenting out <quote who="Christian Selig">the &quot;import&quot;s of 
the xml libs</quote>. James suggested <quote who="James Thompson">
to install pyxml from <a href="https://web.archive.org/web/20071111034034/http://sourceforge.net/projects/pyxml">
source</a></quote>. Christian agreed - <quote who="Christian Selig">
that should be the easiest way - though i don't like it on a system 
with usually clever package management :-)</quote>. James was still 
bemused why he hadn't had problems with a very similar set-up. 
Christian said <quote who="Christian Selig">if i find the error, i'll 
drop a mail to the list(s)</quote>.</p>

</section>

<section title="Current Status of GNU Enterprise" subject="[IRC] 07 Jan 2002" archive="http://www.gnuenterprise.org/irc-logs/gnue-public.log.07Jan2002" startdate="07 Jan 2002 00:00:00 -0800" enddate="07 Jan 2002 00:00:00 -0800">
<topic>Forms</topic>
<topic>Designer</topic>
<topic>Application Server</topic>
<topic>Common</topic>


<mention>Jason Cater</mention>

<p>Christian Selig (sledge_) noted that <quote who="Christian Selig">
forms seems to be quite good in 2-tier, how well off is geas and 
designer?</quote>. Reinhard M&#252;ller (reinhard) said 
<quote who="Reinhard Müller">geas is alpha state to be honest - 
we got an application server contributed by a company
and are in the process of adapting it to our needs</quote>. 
James Thompson (jamest) said <quote who="James Thompson">designer 
works ok</quote> although <quote who="James Thompson">
our mouse support is alpha quality at best wrt dragging widgets 
arround</quote>. He confirmed that python was the preferred/only
scripting language so far - <quote who="James Thompson">
we've talked about support other languages inside triggers
but we've put no effort into making it happen</quote>. Christian
siad <quote who="Christian Selig">don't worry about other languages; 
it's better to have one language supported well than having a dozen 
unmaintained. but you already know that. :)</quote>. He wondered 
<quote who="Christian Selig">btw, why have you choosen corba over 
xmlrpc or soap?</quote>. James said that Jason Cater was working 
on GNU-RPC as part of GNUe Common <quote who="James Thompson">
which should (when done) allow you to plug in comm systems like 
you do database drivers</quote>, so GNUe could ultimately support
all three and more.</p>

</section>

<section title="GNUe EWOK and GNU Comm" subject="[IRC] 07 Jan 2002" archive="http://www.gnuenterprise.org/irc-logs/gnue-public.log.07Jan2002" startdate="07 Jan 2002 00:00:00 -0800" enddate="07 Jan 2002 00:00:00 -0800">
<topic>Bayonne</topic>
<topic>Integrator</topic>


<p>Derek Neighbors reported an attempted posting to the 
now-defunct GNUe EWOK mailing list asking 
<quote who="Derek Neighbors">where or how to buy ewoks 
stuffed animals from the 1980s.</quote> EWOK had actually 
been <quote who="Derek Neighbors">enterprise wide office 
kommunication</quote>, which had been dropped in favour 
of working with GNU Comm/Bayonne. Nick Rusnov (nickr) 
asked <quote who="Nick Rusnov">is this supposed to be like 
jabber?</quote> Derek said it was a 
<quote who="Derek Neighbors">generic protocol for phone 
type devices - specifically fax - though jabber could have 
been used too</quote>. He was looking forward to some more 
co-operation with GNU Comm/Bayonne soon, but nothing had 
been oficially agreed yet.</p>

<p>Derek also noted <quote who="Derek Neighbors">
at one time we had gedi - gnu enterprise data interchange/
interface</quote>, but this had evolved into GNUe Integrator. 
Later, Daniel Baumann (chillywilly) lobbied for the 
<quote who="Daniel Baumann">return of the gedi</quote>
- <quote who="Daniel Baumann">you guys had cool star 
wars-like names back in da day</quote>.</p>

</section>

<section title="Menus for GNUe Forms" subject="[IRC] 08 Jan 2002" archive="http://www.gnuenterprise.org/irc-logs/gnue-public.log.08Jan2002" startdate="08 Jan 2002 00:00:00 -0800" enddate="08 Jan 2002 00:00:00 -0800">
<topic>Navigator</topic>
<topic>Forms</topic>
<topic>Designer</topic>


<p>Holger Schurig (holsch) asked <quote who="Holger Schurig">
Is there any means for calling other forms?</quote>. 
Derek Neighbors (derek) said <quote who="Derek Neighbors">
i know we are doing it in forms itself - but whether easy way 
to make it in gfd file im not so certain</quote>. Holger asked 
if there were any sample forms in CVS that demonstrated this.
Derek said no, but <quote who="Derek Neighbors">
i might have a personal one around here that does
- its a fairly simple python call</quote>. 
Holger asked if <quote who="Holger Schurig">
That means that basically you have to program menus on your own
</quote>? Derek said <quote who="Derek Neighbors">
currently what we have been doing is creating 'speed bars'
i.e. make a form that has buttons on it</quote> but 
<quote who="Derek Neighbors">we are starting to make real 
applicaitons now and MENUS are a MUST</quote>.</p>

<p>Later, James Thompson (jamest) also said <quote who="James Thompson">
we need a forms browser - I'm getting too many forms for users to 
remember names of them</quote>. Jason Cater (jcater) asked
<quote who="Jason Cater">What do you think of the process idea we 
had <a href="https://web.archive.org/web/20071111034034/http://lists.gnue.org/pipermail/gnue-discuss/2001-July/000211.html">
earlier</a></quote>? He could <quote who="Jason Cater">
I can get my guy inhouse to do a quick menu based on this xml markup
- it wouldn't be hard w/gnue-common</quote>. He needed 
<quote who="Jason Cater">something like this soon as well</quote>, 
as did Derek (dneighbo), who also referred to the earlier discussion.</p>

<p>Holger said <quote who="Holger Schurig">For small projects a static 
menu would be fine, but for a full-blown ERP you need some access 
restritions</quote> in <quote who="Holger Schurig">a database-driven menu
</quote>. Nick Rusnov (nickr) suggested GNUe could <quote who="Nick Rusnov">
have a cgi script that generates the list in the form of an xml file</quote>
dynamically for the Forms client. Holger though this would make 
<quote who="Holger Schurig">installation more and more cumbersome.</quote> 
He preferred <quote who="Holger Schurig">Having this inside the CORBA 
datastream</quote>.</p>

<p>Jason Cater suggested <quote who="Jason Cater">let's slow down a bit :)
I think the current plan of attach is having an XML process definition 
to send to the navigator/menuing system</quote>. This would eventually 
include Role Based Access Control, but to start with the XML files would 
need to be generated manually, or <quote who="Jason Cater">with designer 
when it supports it :)</quote> He confirmed the XML would be a fairly 
abstract list of forms, without physical mark-up - it would be up to the 
client to work out how to display it. Derek agreed - 
<quote who="Derek Neighbors">we can get more complex as we go
</quote>.</p>

<p>Not much later, Jason Cater reported <quote who="Jason Cater">
first draft of GNUe Navigator is in cvs - currently wx only - it's 
butt-ugly, but functional :)</quote> Derek had a vision that  
<quote who="Derek Neighbors">i could see this go from menu to 
supporting roles in a workflow like capacity to tying to a 'real' 
workflow engine - but for now its simply an application container 
to launch other forms and reports and such</quote>. He asked if 
it could be made to do actions other than just 
<quote who="Derek Neighbors">calling runForm or runReport</quote>,
such as <quote who="Derek Neighbors">export data or import data or 
launch application x</quote>? Jason said <quote who="Jason Cater">
right now it supports forms and reports but if you look at the XML 
markup, you can see that can be extended to other things</quote>.
</p>

</section>

<section title="Next release of GNU Enterprise" subject="[IRC] 08 Jan 2002" archive="http://www.gnuenterprise.org/irc-logs/gnue-public.log.08Jan2002" startdate="08 Jan 2002 00:00:00 -0800" enddate="08 Jan 2002 00:00:00 -0800">
<topic>Forms</topic>
<topic>Designer</topic>


<p>Charles Rouzer (Mr_You) asked <quote who="Charles Rouzer">
anyone know if a working web Forms client will be included in 
next release?</quote> Derek Neighbors (dneighbo) said 
<quote who="Derek Neighbors">probably not</quote>, as he wanted 
to do another <quote who="Derek Neighbors">release before the ui 
cleanup</quote>. This interim release would be 
<quote who="Derek Neighbors">based on the things that have started 
to be added - masks/auth/navigation</quote>. Jason Cater (jcater) 
said <quote who="Jason Cater">I think jamest and I are ready</quote>
but that masks would have to be excluded, as <quote who="Jason Cater">
to get them to work w/0.1.x will require a butt-load of hacks</quote>
Derek said he was confused, and had thought the next release would 
be from head, numbered 0.2.0 or 0.3.0. Jason said the next release 
would be 0.1.1 - <quote who="Jason Cater">we have been so busy fixing 
problems that we haven't make HEAD incompatable w/0.1</quote> yet. 
He added <quote who="Jason Cater">we'll rebranch as soon as we are 
ready to break head - which I'm ready now</quote>.</p>

</section>

<section title="SAP-DB and GNU Enterprise" subject="[IRC] 09 Jan 2002" archive="http://www.gnuenterprise.org/irc-logs/gnue-public.log.09Jan2002" startdate="09 Jan 2002 00:00:00 -0800" enddate="09 Jan 2002 00:00:00 -0800">


<p>Leading on from 
<kcref title="SAP database driver for GNUe" startdate="10 Dec 2001 00:00:00 -0800"></kcref>,
Derek Neighbors (dneighbo) asked <quote who="Derek Neighbors">has 
anyone here installed sap db?</quote> Jason Cater (jcater) said 
<quote who="Jason Cater">I've installed it, but not actually used it
</quote>. He added <quote who="Jason Cater">of course, if SAP R/3 can 
run on it, I suppose I can ;)</quote> Derek said he was thinking much 
the same. The licensing was a mixture of GNU Public License and GNU 
Lesser Public License, and it <quote who="Derek Neighbors">looks like 
they readily support php/python/C/C++</quote>. He felt that 
<quote who="Derek Neighbors">for some enterprises that are a little 
larger it might be easier to sell sap db over postgres - as there is a 
'company' behind it</quote>. He thought that GNUe should still prefer 
postgres, <quote who="Derek Neighbors">but i think it might be worth 
testing waters with sapdb</quote> as well.</p>

</section>

</kc>
<!--
     FILE ARCHIVED ON 03:40:34 Nov 11, 2007 AND RETRIEVED FROM THE
     INTERNET ARCHIVE ON 09:29:44 Dec 05, 2018.
     JAVASCRIPT APPENDED BY WAYBACK MACHINE, COPYRIGHT INTERNET ARCHIVE.

     ALL OTHER CONTENT MAY ALSO BE PROTECTED BY COPYRIGHT (17 U.S.C.
     SECTION 108(a)(3)).
-->
<!--
playback timings (ms):
  LoadShardBlock: 126.882 (3)
  esindex: 0.007
  captures_list: 154.643
  CDXLines.iter: 15.336 (3)
  PetaboxLoader3.datanode: 166.061 (4)
  exclusion.robots: 0.329
  exclusion.robots.policy: 0.319
  RedisCDXSource: 9.29
  PetaboxLoader3.resolve: 58.013
  load_resource: 129.661
-->