<?xml version="1.0" ?>

<script src="//archive.org/includes/analytics.js?v=cf34f82" type="text/javascript"></script>
<script type="text/javascript">window.addEventListener('DOMContentLoaded',function(){var v=archive_analytics.values;v.service='wb';v.server_name='wwwb-app102.us.archive.org';v.server_ms=285;archive_analytics.send_pageview({});});</script>
<script type="text/javascript" src="/static/js/ait-client-rewrite.js?v=1543384230.0" charset="utf-8"></script>
<script type="text/javascript">
WB_wombat_Init('https://web.archive.org/web', '20071111040951', 'www.kerneltraffic.org');
</script>
<script type="text/javascript" src="/static/js/wbhack.js?v=1543384230.0" charset="utf-8"></script>
<script type="text/javascript">
__wbhack.init('https://web.archive.org/web');
</script>
<link rel="stylesheet" type="text/css" href="/static/css/banner-styles.css?v=1543384230.0" />
<link rel="stylesheet" type="text/css" href="/static/css/iconochive.css?v=1543384230.0" />
<!-- End Wayback Rewrite JS Include -->
<!-- BEGIN WAYBACK TOOLBAR INSERT -->
<script type="text/javascript" src="/static/js/timestamp.js?v=1543384230.0" charset="utf-8"></script>
<script type="text/javascript" src="/static/js/graph-calc.js?v=1543384230.0" charset="utf-8"></script>
<script type="text/javascript" src="/static/js/auto-complete.js?v=1543384230.0" charset="utf-8"></script>
<script type="text/javascript" src="/static/js/toolbar.js?v=1543384230.0" charset="utf-8"></script>
<style type="text/css">
body {
  margin-top:0 !important;
  padding-top:0 !important;
  /*min-width:800px !important;*/
}
.wb-autocomplete-suggestions {
    text-align: left; cursor: default; border: 1px solid #ccc; border-top: 0; background: #fff; box-shadow: -1px 1px 3px rgba(0,0,0,.1);
    position: absolute; display: none; z-index: 2147483647; max-height: 254px; overflow: hidden; overflow-y: auto; box-sizing: border-box;
}
.wb-autocomplete-suggestion { position: relative; padding: 0 .6em; line-height: 23px; white-space: nowrap; overflow: hidden; text-overflow: ellipsis; font-size: 1.02em; color: #333; }
.wb-autocomplete-suggestion b { font-weight: bold; }
.wb-autocomplete-suggestion.selected { background: #f0f0f0; }
</style>
<div id="wm-ipp" lang="en" style="display:none;direction:ltr;">
<div style="position:fixed;left:0;top:0;right:0;">
<div id="wm-ipp-inside">
  <div style="position:relative;">
    <div id="wm-logo" style="float:left;width:130px;padding-top:10px;">
      <a href="/web/" title="Wayback Machine home page"><img src="/static/images/toolbar/wayback-toolbar-logo.png" alt="Wayback Machine" width="110" height="39" border="0" /></a>
    </div>
    <div class="r" style="float:right;">
      <div id="wm-btns" style="text-align:right;height:25px;">
                  <div id="wm-save-snapshot-success">success</div>
          <div id="wm-save-snapshot-fail">fail</div>
          <a href="#"
             onclick="__wm.saveSnapshot('http://www.kerneltraffic.org/GNUe/gnue20021221_60.xml', '20071111040951')"
             title="Share via My Web Archive"
             id="wm-save-snapshot-open"
          >
            <span class="iconochive-web"></span>
          </a>
          <a href="https://archive.org/account/login.php"
             title="Sign In"
             id="wm-sign-in"
          >
            <span class="iconochive-person"></span>
          </a>
          <span id="wm-save-snapshot-in-progress" class="iconochive-web"></span>
        	<a href="http://faq.web.archive.org/" title="Get some help using the Wayback Machine" style="top:-6px;"><span class="iconochive-question" style="color:rgb(87,186,244);font-size:160%;"></span></a>
	<a id="wm-tb-close" href="#close" onclick="__wm.h(event);return false;" style="top:-2px;" title="Close the toolbar"><span class="iconochive-remove-circle" style="color:#888888;font-size:240%;"></span></a>
      </div>
      <div id="wm-share" style="text-align:right;">
	<a href="#" onclick="window.open('https://www.facebook.com/sharer/sharer.php?u=https://web.archive.org/web/20071111040951/http://www.kerneltraffic.org/GNUe/gnue20021221_60.xml', '', 'height=400,width=600'); return false;" title="Share on Facebook" style="margin-right:5px;" target="_blank"><span class="iconochive-facebook" style="color:#3b5998;font-size:160%;"></span></a>
	<a href="#" onclick="window.open('https://twitter.com/intent/tweet?text=https://web.archive.org/web/20071111040951/http://www.kerneltraffic.org/GNUe/gnue20021221_60.xml&amp;via=internetarchive', '', 'height=400,width=600'); return false;" title="Share on Twitter" style="margin-right:5px;" target="_blank"><span class="iconochive-twitter" style="color:#1dcaff;font-size:160%;"></span></a>
      </div>
    </div>
    <table class="c" style="">
      <tbody>
	<tr>
	  <td class="u" colspan="2">
	    <form target="_top" method="get" action="/web/submit" name="wmtb" id="wmtb"><input type="text" name="url" id="wmtbURL" value="http://www.kerneltraffic.org/GNUe/gnue20021221_60.xml" onfocus="this.focus();this.select();" /><input type="hidden" name="type" value="replay" /><input type="hidden" name="date" value="20071111040951" /><input type="submit" value="Go" /></form>
	  </td>
	  <td class="n" rowspan="2" style="width:110px;">
	    <table>
	      <tbody>
		<!-- NEXT/PREV MONTH NAV AND MONTH INDICATOR -->
		<tr class="m">
		  <td class="b" nowrap="nowrap"><a href="https://web.archive.org/web/20050212040014/http://www.kerneltraffic.org:80/GNUe/gnue20021221_60.xml" title="12 Feb 2005"><strong>Feb</strong></a></td>
		  <td class="c" id="displayMonthEl" title="You are here: 04:09:51 Nov 11, 2007">NOV</td>
		  <td class="f" nowrap="nowrap">Dec</td>
		</tr>
		<!-- NEXT/PREV CAPTURE NAV AND DAY OF MONTH INDICATOR -->
		<tr class="d">
		  <td class="b" nowrap="nowrap"><a href="https://web.archive.org/web/20050212040014/http://www.kerneltraffic.org:80/GNUe/gnue20021221_60.xml" title="04:00:14 Feb 12, 2005"><img src="/static/images/toolbar/wm_tb_prv_on.png" alt="Previous capture" width="14" height="16" border="0" /></a></td>
		  <td class="c" id="displayDayEl" style="width:34px;font-size:24px;white-space:nowrap;" title="You are here: 04:09:51 Nov 11, 2007">11</td>
		  <td class="f" nowrap="nowrap"><img src="/static/images/toolbar/wm_tb_nxt_off.png" alt="Next capture" width="14" height="16" border="0" /></td>
		</tr>
		<!-- NEXT/PREV YEAR NAV AND YEAR INDICATOR -->
		<tr class="y">
		  <td class="b" nowrap="nowrap"><a href="https://web.archive.org/web/20050212040014/http://www.kerneltraffic.org:80/GNUe/gnue20021221_60.xml" title="12 Feb 2005"><strong>2005</strong></a></td>
		  <td class="c" id="displayYearEl" title="You are here: 04:09:51 Nov 11, 2007">2007</td>
		  <td class="f" nowrap="nowrap">2008</td>
		</tr>
	      </tbody>
	    </table>
	  </td>
	</tr>
	<tr>
	  <td class="s">
	    	    <div id="wm-nav-captures">
	      	      <a class="t" href="/web/20071111040951*/http://www.kerneltraffic.org/GNUe/gnue20021221_60.xml" title="See a list of every capture for this URL">3 captures</a>
	      <div class="r" title="Timespan for captures of this URL">18 May 2003 - 11 Nov 2007</div>
	      </div>
	  </td>
	  <td class="k">
	    <a href="" id="wm-graph-anchor">
	      <div id="wm-ipp-sparkline" title="Explore captures for this URL" style="position: relative">
		<canvas id="wm-sparkline-canvas" width="575" height="27" border="0"></canvas>
	      </div>
	    </a>
	  </td>
	</tr>
      </tbody>
    </table>
    <div style="position:absolute;bottom:0;right:2px;text-align:right;">
      <a id="wm-expand" class="wm-btn wm-closed" href="#expand" onclick="__wm.ex(event);return false;"><span id="wm-expand-icon" class="iconochive-down-solid"></span> <span style="font-size:80%">About this capture</span></a>
    </div>
  </div>
    <div id="wm-capinfo" style="border-top:1px solid #777;display:none; overflow: hidden">
            <div style="background-color:#666;color:#fff;font-weight:bold;text-align:center">COLLECTED BY</div>
    <div style="padding:3px;position:relative" id="wm-collected-by-content">
            <div style="display:inline-block;vertical-align:top;width:50%;">
			<span class="c-logo" style="background-image:url(https://archive.org/services/img/webwidecrawl);"></span>
		Organization: <a style="color:#33f;" href="https://archive.org/details/webwidecrawl" target="_new"><span class="wm-title">Internet Archive</span></a>
		<div style="max-height:75px;overflow:hidden;position:relative;">
	  <div style="position:absolute;top:0;left:0;width:100%;height:75px;background:linear-gradient(to bottom,rgba(255,255,255,0) 0%,rgba(255,255,255,0) 90%,rgba(255,255,255,255) 100%);"></div>
	  The Internet Archive discovers and captures web pages through many different web crawls.

At any given time several distinct crawls are running, some for months, and some every day or longer.

View the web archive through the <a href="http://archive.org/web/web.php">Wayback Machine</a>.
	</div>
	      </div>
      <div style="display:inline-block;vertical-align:top;width:49%;">
			<span class="c-logo" style="background-image:url(https://archive.org/services/img/aroundtheworldcrawl)"></span>
		<div>Collection: <a style="color:#33f;" href="https://archive.org/details/aroundtheworldcrawl" target="_new"><span class="wm-title">Around The World Crawl</span></a></div>
		<div style="max-height:75px;overflow:hidden;position:relative;">
	  <div style="position:absolute;top:0;left:0;width:100%;height:75px;background:linear-gradient(to bottom,rgba(255,255,255,0) 0%,rgba(255,255,255,0) 90%,rgba(255,255,255,255) 100%);"></div>
	  Data crawled by Sloan Foundation on behalf of Internet Archive
<br /><br />
	</div>
	      </div>
    </div>
    <div style="background-color:#666;color:#fff;font-weight:bold;text-align:center" title="Timestamps for the elements of this page">TIMESTAMPS</div>
    <div>
      <div id="wm-capresources" style="margin:0 5px 5px 5px;max-height:250px;overflow-y:scroll !important"></div>
      <div id="wm-capresources-loading" style="text-align:left;margin:0 20px 5px 5px;display:none"><img src="/static/images/loading.gif" alt="loading" /></div>
    </div>
  </div></div></div></div><script type="text/javascript">
__wm.bt(575,27,25,2,"web","http://www.kerneltraffic.org/GNUe/gnue20021221_60.xml","2007-11-11",1996);
</script>
<!-- END WAYBACK TOOLBAR INSERT --><kc>

<title>GNUe Traffic</title>

<editor contact="mailto:psu@burdonvale.co.uk">Peter Sullivan</editor>

<issue num="60" date="21 Dec 2002 00:00:00 -0800"/>

<headquote>
text</headquote>

<intro>
<p>This Cousin covers the three main mailing lists for the
<a href="https://web.archive.org/web/20071111040951/http://www.gnuenterprise.org/">GNU Enterprise</a>  
project, plus the #gnuenterprise IRC channel.</p>

<p>Kernel Cousins GNUe is now group-authored: if you'd like 
to join the team, <a href="https://web.archive.org/web/20071111040951/mailto:psu@burdonvale.co.uk">let 
us know</a>.</p>
</intro>


<section title="0.4.3 releases of GNUe Tools" subject="[Gnue-announce] Pre-releases for 0.4.3 available for testing" author="Peter Sullivan" contact="mailto:psu@burdonvale.co.uk" archive="http://mail.gnu.org/pipermail/gnue-announce/2002-December/thread.html" posts="3" startdate="12 Dec 2002 14:04:02 -0800" enddate="16 Dec 2002 13:48:39 -0800">

<topic>Forms</topic>
<topic>Common</topic>

<p>Peter Sullivan announced <quote who="Peter Sullivan">We will shortly 
be doing an interim (0.4.3) release of GNUe
Forms and GNUe Common. This is a bug-fix release on the stable (0.4.x)
branch, before the big push for the 0.5.0 releases. As usual, we have
pre-releases available for testing on the website</quote>. Later, 
Jason Cater announced the release - the main changes from 0.4.2 were 
<quote who="Jason Cater">Reintroduced runform() to form's 
trigger namespace</quote> and some fixes to the 
MySQL and PostgreSQL drivers, as well as <quote who="Jason Cater">Improved 
support for the schema scripter</quote>, and other misc. bug fixes. 
Some days later, Peter also announced <quote who="Peter Sullivan">The 
0.4.3 release of Forms, Designer and Common and the 0.1.0 release of 
Reports are now available as a single setup.exe for Microsoft Windows, 
including many of the supported database drivers.</quote></p>

</section>


<section title="0.4.3 release for Forms and Common" subject="[IRC] 12 Dec 2002" author="Peter Sullivan" contact="mailto:psu@burdonvale.co.uk" archive="http://www.gnuenterprise.org/irc-logs/gnue-public.log.12Dec2002" startdate="11 Dec 2002 16:00:00 -0800" enddate="11 Dec 2002 16:00:00 -0800">

<p>Jason Cater (jcater) asked <quote who="Jason Cater">any one tried out 
the 0.4.3 stuff? or have any objections to doing an actual release tonight?
0.5.0 is practically ready too - but would like to see it get some heavy 
pounding in the next week or two</quote>. Jeff Bailey (jbailey) said he 
could do Debian packages for the new releases - 
<quote who="Jeff Bailey">Does the release have man pages?</quote> Jason 
said <quote who="Jason Cater">they should - of course, that's why I post 
prereleases - so others will help me verify everything is included 
&gt;:)</quote> Jeff said he had previously done packages from CVS 
<quote who="Jeff Bailey">generating my own tarballs with sdist, and that
doesn't make man pages, so just checking. Someone - /me glares at derek - 
filed a bug because the Debian packages didn't have man pages.</quote> 
Jason said the setup-cvs.py script would automatically create man pages.</p>

<p>Later, Jason said <quote who="Jason Cater">we are officially released - 
source on website - announcement has gone out - and most importantly....
topic has been changed</quote> for the #gnuenterprise IRC channel.
<quote who="Jason Cater">Now that 0.4.3 is out the door and 0.5.0 has 
stabilized - I'd like to see people start pounding against CVS 
head</quote> to test it.</p>

</section>


<section title="Non-free equivalents to GNUe Reports" subject="[IRC] 12 Dec 2002" author="Arturas Kriukovas" contact="mailto:arturas@gsk.vtu.lt" archive="http://www.gnuenterprise.org/irc-logs/gnue-public.log.12Dec2002" startdate="11 Dec 2002 16:00:00 -0800" enddate="11 Dec 2002 16:00:00 -0800">

<topic>Reports</topic>

<p>Jeff Bailey (jbailey) asked whether anyone was familiar with reports - 
<quote who="Jeff Bailey">It occurs to me that for one of my projects it 
would be interesting to have an on-the-fly web-based create-a-report type 
of system. I'm wondering how much work it would be to adapt reports to 
that type of thing.</quote>Jason Cater (jcater) thought this was not hard 
at all: <quote who="Jason Cater">your create-a-report builds the actual 
report xml, and runs reports, and takes the resulting html and displays 
it</quote>. Jeff noted it was almost like a "reports designer" with an 
html ui. He was interested whether the goal was basically to replace 
something like Crystal reports? Jason confirmed that and said, that GNUe 
Forms goal is <quote who="Jason Cater">much more than that :)</quote></p>

</section>


<section title="Debian packages for 0.4.3" subject="[IRC] 13 Dec 2002" author="Peter Sullivan" contact="mailto:psu@burdonvale.co.uk" archive="http://www.gnuenterprise.org/irc-logs/gnue-public.log.13Dec2002" startdate="12 Dec 2002 16:00:00 -0800" enddate="12 Dec 2002 16:00:00 -0800">

<topic>Small Business</topic>

<p>Jeff Bailey (jbailey) said <quote who="Jeff Bailey">I'm about to do 
the final packaging for the 0.4 branch for Debian based on the 0.4.3 
packages</quote> unless there were any objections. He asked 
<quote who="Jeff Bailey">Why is designer still 0.4.2?  No changes?</quote>
Jason Cater (jcater) said <quote who="Jason Cater">the 0.4.3 stuff was 
for specific bug fixes - not a general release cycle</quote>. 
Derek Neighbors (revDeke) said <quote who="Derek Neighbors">at some point 
we will need to decide if we want to 'always' synch release of like items 
or not - i.e. release a designer 0.4.3 even if it has no changes from 0.4.2
except a version number - /me doesnt care one way or another - just its a 
matter if we tell people forms/designer/common should all be same version 
number or not</quote> Jason said <quote who="Jason Cater">in the past
we've tried to say any 0.1.x was compat w/any other 0.1.x api wise - 
/me thinks the 0.x part should try to stay in synch - but that's just 
mho</quote>.</p>

<p>Derek asked Jeff <quote who="Derek Neighbors">you willing to package 
gnue-sb too? ;)</quote> Jeff replied <quote who="Jeff Bailey">Probably, 
but after glibc is feeling a bit better.</quote> Derek had
<quote who="Derek Neighbors">been meaning to look at deb packaging and try 
to get gist of it - and try to get maintainer status</quote>. Jeff said 
<quote who="Jeff Bailey">Debian packaging is really simple - The hard part 
is complying with all the policies.</quote> Jason agreed - he 
<quote who="Jason Cater">did packaging for our tools in an afternoon</quote>
but <quote who="Jason Cater">wouldn't venture a guess as to how many policies 
I broke ;)</quote> Jeff said it <quote who="Jeff Bailey">Wasn't too bad, 
but it was a couple of hours to get the important ones, I think.</quote>
Jason warned Jeff against letting Derek work <quote who="Jason Cater">w/deb 
packaging - he already reports enough bugs w/the end-user packages - you 
really want him reporting bug after bug for debhelper and 
friends?</quote></p>

</section>



<section title="Raw SQL in GNUe Reports" subject="[IRC] 13 Dec 2002" author="Arturas Kriukovas" contact="mailto:arturas@gsk.vtu.lt" archive="http://www.gnuenterprise.org/irc-logs/gnue-public.log.13Dec2002" startdate="12 Dec 2002 16:00:00 -0800" enddate="12 Dec 2002 16:00:00 -0800">

<topic>Reports</topic>

<p>It was asked whether it was possible to put a raw sql query as a 
datasource for reports. Bajusz Tam&#0225;s (btami) said no - he 
suggested <quote who="Bajusz Tamás">use them as views in the 
db</quote>. Derek Neighbors (revDeke) said 
<quote who="Derek Neighbors">im pretty certain at 'one time' raw 
queriers were supported in both forms and reports</quote>. Derek 
suggested translating queries into views and then using report 
parameters to filter - that way it should be much easier. He typed 
in some sample code.</p>

</section>


<section title="HTML User Interface for Forms" author="Peter Sullivan" contact="mailto:psu@burdonvale.co.uk" subject="[IRC] 14 Dec 2002" archive="http://www.gnuenterprise.org/irc-logs/gnue-public.log.14Dec2002" startdate="13 Dec 2002 16:00:00 -0800" enddate="13 Dec 2002 16:00:00 -0800">

<topic>Forms</topic>

<mention>Jan Ischebeck</mention>

<p>James Thompson (jamest) asked Jeff Bailey (jbailey) 
<quote who="James Thompson">how goes the html</quote>
user interface being written for GNUe Forms. 
Jeff replied <quote who="Jeff Bailey">I wanted to chat 
with you to see how important perfect representation is.
I can't seem to get a perfect grid. I think the problem 
is that all of the functions assume variable width fonts, 
so there's no reasonable way to get the information I 
need to do it</quote>, pointing to a sample page. 
James asked <quote who="James Thompson">right now you're 
doing direct placement right along the lines of 
pseudocode like - <code>print label 1 at  
x*whatTheBrowserThinksIsASingleCharWidth and 
y*yadaYadaCharHeight</code> - is that correct?
so how hard would it to seperate this renderer (i guess 
I'll call it that) from the logic dealing w/ passing data 
back and form state - then the renderer would basically 
build the html and a single call like render.publish() 
would spit out the html - you could then use a different 
html table based renderer in place of this for the time 
being</quote>. He was not sure how the existing phpForms 
client did it. Jeff said <quote who="Jeff Bailey">If I 
understand the current renderers they get a series of 
calls to add widgets and then display their form, usually 
deferring that off to the toolkit, and then just invoke 
the display.  We can just buffer that, assuming that I 
can do some sort of class scope variable, or global 
variable. The thing is, I don't see how you could do it 
with tables either. Also with tables you lose any 
accessibility and PDA rendering you might've had. (You 
might not have it anyway, given that label and form 
widgets aren't really associated) I think if I could see 
a form that's done with tables, I could certainly figure 
it out with CSS&gt; Tables are just going to do it with 
pixels, and I can use those just as easy.</quote> The 
problem was <quote who="Jeff Bailey">getting a monospace 
grid. HTML's not tuned for that, since it's pretty rare 
that someone would want to do position on a monospace 
grid.</quote> James did some digging, and discovered that
the code for the simple 
<a href="https://web.archive.org/web/20071111040951/http://www.gnuenterprise.org/~jan/phpforms/gnue-forms.phpphpForms">client</a> 
had been in Jan Ischebeck's (siesel) home web directory - 
<quote who="James Thomspon">it didn't get reactivated 
after the crash</quote> but he restored it from the 
back-up. Jeff had a look - he felt it produced very ugly 
HTML.</p>

</section>


<section title="Feature Plans on Website" author="Peter Sullivan" contact="mailto:psu@burdonvale.co.uk" subject="[IRC] 15 Dec 2002" archive="http://www.gnuenterprise.org/irc-logs/gnue-public.log.15Dec2002" startdate="14 Dec 2002 16:00:00 -0800" enddate="14 Dec 2002 16:00:00 -0800">

<p>Peter Sullivan (psu) changed the website to
include a visible link to the Feature Plans, as previously 
discussed in 
<kcref title="Feature plans for GNUe" subject="[IRC] 08 Nov 2002"/>.
Jeff noted <quote who="Jeff Bailey">I think it's funny that the 
two feature things in the 0.8.x releases are ones that I'm 
working on. ;)</quote> Peter said <quote who="Peter Sullivan">this 
is the hidden benefit of feature plans to our core developers 
- which I don;t think jcater/jamest anticipated - People look 
at the plans, see something is listed for the 9.4.99 release 
and feel the need to scratch the itch sooner</quote>. Jeff said 
<quote who="Jeff Bailey">I started working on them before I saw 
the feature plan. =)</quote> It was noted that the hyperlink to 
the outstanding critical bugs in DCL (GNUe's own bug tracking/ 
project management tool) was not working. Peter said 
<quote who="Peter Sullivan">should be 
<a href="https://web.archive.org/web/20071111040951/https://www.gnuenterprise.org/dclgw/">
https://www.gnuenterprise.org/dclgw/</a></quote>.
Jason said <quote who="Jason Cater">hehe - well, we want to make 
ppl work to file bugs - we don't want it to be easy, after 
all</quote>. Peter thought <quote who="Peter Sullivan">that a bug 
in the link to report bugs is verging on paradox, or at least 
infinite recursion</quote>.</p>

</section>


<section title="Javascript Forms Client - not needed?" author="Peter Sullivan" contact="mailto:psu@burdonvale.co.uk" subject="[IRC] 16 Dec 2002" archive="http://www.gnuenterprise.org/irc-logs/gnue-public.log.16Dec2002" startdate="15 Dec 2002 16:00:00 -0800" enddate="15 Dec 2002 16:00:00 -0800">

<topic>Forms</topic>

<p>Charles Rouzer (Mr_You) asked <quote who="Charles Rouzer">how is 
jan coming along with the jsclient?</quote> He would use this 
<quote who="Charles Rouzer">for screen writes/updates</quote> as 
previously discussed in 
<kcref title="Javascript forms client" subject="[IRC] 21 Oct 2002"/>.
Jeff Bailey (jbailey) said he had not looked at this, but 
<quote who="Jeff Bailey">I think anything needs to be integrated 
with gnue-forms.</quote> Charles said <quote who="Charles Rouzer">using
jsforms for screen writes eliminates having to redo it in HTML - 
also allows screen updates without reloading. jsForms will then have two
builtin methods for connectivity: appserver via XMLRPC and webserver via 
CGI - or you could make them seperate instead in one client. or one code
base.</quote>  Jason Cater (jcater) said <quote who="Jason Cater">I don't 
see the two being compatable in the same client - either you use the 
gnue-forms backend or you don't in a client</quote>. Charles said 
<quote who="Charles Rouzer">your gnue forms backend in this case is the 
CGI</quote>. Jason said <quote who="Jason Cater">then you aren't reusing 
the gnue-forms backend</quote>. Charles understood, but said that the 
<quote who="Charles Rouzer">bottom line is, if you don't use javascript
you'll hafta reload the screen for every request.. which is fine, but not
very pleasant. so why not just use javascript for webbrowser layout.
javascript XMLRPC client is also very light.. should require nothing but 
appserver.. I don't see much point in writing an HTML based XMLRPC client 
when it can all be done in javascript.</quote></p>

<p>Jason was not sure of the need for <quote who="Jason Cater">an XMLRPC
client in js</quote>. Charles said <quote who="Charles Rouzer">then why 
even bother with an appserver? we should just expect users to connect to 
our database across the internet?</quote> Jason said 
<quote who="Jason Cater">it's not n-tier vs 2-tier AT ALL - it's about 
diversion of code bases - you in effect are ditching gnue-forms 
for an appserver + javascript half-ass solution</quote>. Charles said 
that javascript was the only way for an HTML client
<quote who="Charles Rouzer">to eliminate reloading of 
screens/pages</quote> - eliminating <quote who="Charles Rouzer">screen
reloads makes a webclient FEEL like a real client.</quote> 
Derek Neighbors (revDeke) said <quote who="Derek Neighbors">if your
requirement for a 'web' application is that it 'feel like a real 
application' - why not just use a real application - for example forms is
fully 'internet' aware</quote>. Charles said 
<quote who="Charles Rouzer">thin clients</quote> was the issue. 
Derek said <quote who="Derek Neighbors">last i looked gnue-forms was 
smaller than about any webbrowser out there - for those with a 
preoccupatino for putting the kitchen sink in a webbroswer so they can 
say 'zero administration' i will gladly make a mozilla plugin of 
gnue-forms that doesn nothing but install forms - and call it via plugin 
architecture - just like flash and java do</quote>.</p>

<p>Jeff suggested 
<quote who="Jeff Bailey">there should be a single integrated forms back 
end</quote> - <quote who="Jeff Bailey">With a javascript, don't you have 
to provide all the forms functionality rewritten in javascript?</quote> 
The HTML User Interface he was working on would just use the normal 
GNUe Forms code, with a seperate HTML UI wrapper, accessed via CGI. 
Derek clarified <quote who="Derek Neighbors">btw: im not against having 
javascript of sorts in an html client - i am against rewriting forms 
client in javascript</quote> Even though not all broswers supported it, 
he personally felt <quote who="Derek Neighbors">that supporting only 
'modern' browsers woudl be acceptable</quote>.</p>

<p>Charles felt that his approach was not that different - 
<quote who="Charles Rouzer">all you are doing is eliminating your HTML 
screens with javascript screens.. the javascript code would then 
communicate with the CGI/gnueforms to update the forms, etc, etc. - 
look at javascript as a blank canvas that allows you to communicate with 
the server in the background. and how is that not the same with 
HTML?</quote> Jason and Derek still felt this involved re-implementing a
lot of existing GNUe Forms code from python to javascript. Derek said 
<quote who="Derek Neighbors">look at the UI driver - and UI driver 
system</quote>. Charles said <quote who="Charles Rouzer">I'm saying that
instead of writing a bunch of HTML output routines and creating a normal
clunky web client, just add some javascript to enable background 
communicate and eliminate screen writes.. no big deal.. doesn't require
rewriting forms client.. just involves using javascript instead of HTML 
output.</quote> Jason said that any HTML client should work in the same 
way as the other UI drivers, with the UI driver sitting on top of the 
core Forms code and producing HTML - what Charles was describing was more 
like re-writing both the UI driver and some of the core Forms code in 
Javascript.</p>

<p>Charles said <quote who="Charles Rouzer">CGI (gnueforms) outputs 
SOMETHING... right now you are wanting to output straight HTML...
why not integrate javascript to build forms from the CGI instead of 
HTML? either way you have to do one or the other..</quote> Jason said 
<quote who="Jason Cater">because that ties you to javascript</quote>. 
No-one else seemed to see this as an issue. Jeff said the important 
issue was <quote who="Jeff Bailey">that there must be no business 
logic in the jsForms package. appserver needs to hand out "display, 
to the best of your ability, the following widgets" If it can provide 
hints on top of that, like "numeric only field" that jsForms can benefit 
from, great. But that business logic to sort all of that out can't be in 
the cilent. That's important for a few reasons: 1) We should minimize 
the amount of trust we have of remote clients. 2) We cannot chain 
ourselves down with implementing business logic in many places. My 
opinion is that eventually there's a place for jsForms - in that 
gnue-forms *also* shouldn't be trusted. I would love to see a version 
of gnue-forms-server that communicated to all of its clients through 
appservers. Because right now it's still possible to hack gnue-forms.
We're still trusting code running on an untrusted machine.</quote>
He thought <quote who="Jeff Bailey">potentially the HTML client should 
use Javascript as an add-on. Note that it can't be required if you want 
to do much with PDAs and cell phones. (I think they are the most 
interesting market for the HTML client long term)</quote>. 
Reinhard M&#0252;ller (reinhard) had <quote who="Reinhard Müller">just 
seen a cell phone running an SSH client last week</quote>.</p>

</section>


<section title="RentFree and GNUe Small Business" author="Peter Sullivan" contact="mailto:psu@burdonvale.co.uk" subject="[IRC] 17 Dec 2002" archive="http://www.gnuenterprise.org/irc-logs/gnue-public.log.17Dec2002" startdate="16 Dec 2002 16:00:00 -0800" enddate="16 Dec 2002 16:00:00 -0800">

<topic>Small Business</topic>
<topic>RentFree</topic>

<p>Jason Cater (jcater) <quote who="Jason Cater">really wants to 
tie RentFree</quote>, the GPL property management application 
he was writing with the GNUe Tools, <quote who="Jason Cater">into 
GNUe-SB too - /me is really interested in the gl/ap parts of it
- so maybe we can align goals - so I could be working towards one 
part while you do other - as I know gl/ap wasn't at the top of your 
needs list</quote>. Derek Neighbors (revDeke) agreed - 
<quote who="Derek Neighbors">thats why i want to fully feature plan 
gnue-sb - i plan to break it into 'segments' like contact management,
inventory, product managemetn, etc etc etc - each with own 'plan'.
Hopefully multiple people will be working on it, with different people 
doing different parts - but all parts aligned - i had started a plan 
but</quote> did not have it to hand as of time of writing.</p>

</section>

</kc>
<!--
     FILE ARCHIVED ON 04:09:51 Nov 11, 2007 AND RETRIEVED FROM THE
     INTERNET ARCHIVE ON 09:26:01 Dec 05, 2018.
     JAVASCRIPT APPENDED BY WAYBACK MACHINE, COPYRIGHT INTERNET ARCHIVE.

     ALL OTHER CONTENT MAY ALSO BE PROTECTED BY COPYRIGHT (17 U.S.C.
     SECTION 108(a)(3)).
-->
<!--
playback timings (ms):
  LoadShardBlock: 144.17 (3)
  esindex: 0.022
  captures_list: 157.49
  CDXLines.iter: 9.43 (3)
  PetaboxLoader3.datanode: 165.77 (4)
  exclusion.robots: 0.264
  exclusion.robots.policy: 0.241
  RedisCDXSource: 1.483
  PetaboxLoader3.resolve: 25.435
  load_resource: 111.651
-->