<?xml version="1.0" ?>

<script src="//archive.org/includes/analytics.js?v=cf34f82" type="text/javascript"></script>
<script type="text/javascript">window.addEventListener('DOMContentLoaded',function(){var v=archive_analytics.values;v.service='wb';v.server_name='wwwb-app23.us.archive.org';v.server_ms=378;archive_analytics.send_pageview({});});</script>
<script type="text/javascript" src="/static/js/ait-client-rewrite.js?v=1543384230.0" charset="utf-8"></script>
<script type="text/javascript">
WB_wombat_Init('https://web.archive.org/web', '20071111050921', 'www.kerneltraffic.org');
</script>
<script type="text/javascript" src="/static/js/wbhack.js?v=1543384230.0" charset="utf-8"></script>
<script type="text/javascript">
__wbhack.init('https://web.archive.org/web');
</script>
<link rel="stylesheet" type="text/css" href="/static/css/banner-styles.css?v=1543384230.0" />
<link rel="stylesheet" type="text/css" href="/static/css/iconochive.css?v=1543384230.0" />
<!-- End Wayback Rewrite JS Include -->
<!-- BEGIN WAYBACK TOOLBAR INSERT -->
<script type="text/javascript" src="/static/js/timestamp.js?v=1543384230.0" charset="utf-8"></script>
<script type="text/javascript" src="/static/js/graph-calc.js?v=1543384230.0" charset="utf-8"></script>
<script type="text/javascript" src="/static/js/auto-complete.js?v=1543384230.0" charset="utf-8"></script>
<script type="text/javascript" src="/static/js/toolbar.js?v=1543384230.0" charset="utf-8"></script>
<style type="text/css">
body {
  margin-top:0 !important;
  padding-top:0 !important;
  /*min-width:800px !important;*/
}
.wb-autocomplete-suggestions {
    text-align: left; cursor: default; border: 1px solid #ccc; border-top: 0; background: #fff; box-shadow: -1px 1px 3px rgba(0,0,0,.1);
    position: absolute; display: none; z-index: 2147483647; max-height: 254px; overflow: hidden; overflow-y: auto; box-sizing: border-box;
}
.wb-autocomplete-suggestion { position: relative; padding: 0 .6em; line-height: 23px; white-space: nowrap; overflow: hidden; text-overflow: ellipsis; font-size: 1.02em; color: #333; }
.wb-autocomplete-suggestion b { font-weight: bold; }
.wb-autocomplete-suggestion.selected { background: #f0f0f0; }
</style>
<div id="wm-ipp" lang="en" style="display:none;direction:ltr;">
<div style="position:fixed;left:0;top:0;right:0;">
<div id="wm-ipp-inside">
  <div style="position:relative;">
    <div id="wm-logo" style="float:left;width:130px;padding-top:10px;">
      <a href="/web/" title="Wayback Machine home page"><img src="/static/images/toolbar/wayback-toolbar-logo.png" alt="Wayback Machine" width="110" height="39" border="0" /></a>
    </div>
    <div class="r" style="float:right;">
      <div id="wm-btns" style="text-align:right;height:25px;">
                  <div id="wm-save-snapshot-success">success</div>
          <div id="wm-save-snapshot-fail">fail</div>
          <a href="#"
             onclick="__wm.saveSnapshot('http://www.kerneltraffic.org/GNUe/gnue20060410_111.xml', '20071111050921')"
             title="Share via My Web Archive"
             id="wm-save-snapshot-open"
          >
            <span class="iconochive-web"></span>
          </a>
          <a href="https://archive.org/account/login.php"
             title="Sign In"
             id="wm-sign-in"
          >
            <span class="iconochive-person"></span>
          </a>
          <span id="wm-save-snapshot-in-progress" class="iconochive-web"></span>
        	<a href="http://faq.web.archive.org/" title="Get some help using the Wayback Machine" style="top:-6px;"><span class="iconochive-question" style="color:rgb(87,186,244);font-size:160%;"></span></a>
	<a id="wm-tb-close" href="#close" onclick="__wm.h(event);return false;" style="top:-2px;" title="Close the toolbar"><span class="iconochive-remove-circle" style="color:#888888;font-size:240%;"></span></a>
      </div>
      <div id="wm-share" style="text-align:right;">
	<a href="#" onclick="window.open('https://www.facebook.com/sharer/sharer.php?u=https://web.archive.org/web/20071111050921/http://www.kerneltraffic.org/GNUe/gnue20060410_111.xml', '', 'height=400,width=600'); return false;" title="Share on Facebook" style="margin-right:5px;" target="_blank"><span class="iconochive-facebook" style="color:#3b5998;font-size:160%;"></span></a>
	<a href="#" onclick="window.open('https://twitter.com/intent/tweet?text=https://web.archive.org/web/20071111050921/http://www.kerneltraffic.org/GNUe/gnue20060410_111.xml&amp;via=internetarchive', '', 'height=400,width=600'); return false;" title="Share on Twitter" style="margin-right:5px;" target="_blank"><span class="iconochive-twitter" style="color:#1dcaff;font-size:160%;"></span></a>
      </div>
    </div>
    <table class="c" style="">
      <tbody>
	<tr>
	  <td class="u" colspan="2">
	    <form target="_top" method="get" action="/web/submit" name="wmtb" id="wmtb"><input type="text" name="url" id="wmtbURL" value="http://www.kerneltraffic.org/GNUe/gnue20060410_111.xml" onfocus="this.focus();this.select();" /><input type="hidden" name="type" value="replay" /><input type="hidden" name="date" value="20071111050921" /><input type="submit" value="Go" /></form>
	  </td>
	  <td class="n" rowspan="2" style="width:110px;">
	    <table>
	      <tbody>
		<!-- NEXT/PREV MONTH NAV AND MONTH INDICATOR -->
		<tr class="m">
		  <td class="b" nowrap="nowrap"><a href="https://web.archive.org/web/20061014092655/http://www.kerneltraffic.org/GNUe/gnue20060410_111.xml" title="14 Oct 2006"><strong>Oct</strong></a></td>
		  <td class="c" id="displayMonthEl" title="You are here: 05:09:21 Nov 11, 2007">NOV</td>
		  <td class="f" nowrap="nowrap"><a href="https://web.archive.org/web/20080517065810/http://www.kerneltraffic.org/GNUe/gnue20060410_111.xml" title="17 May 2008"><strong>May</strong></a></td>
		</tr>
		<!-- NEXT/PREV CAPTURE NAV AND DAY OF MONTH INDICATOR -->
		<tr class="d">
		  <td class="b" nowrap="nowrap"><a href="https://web.archive.org/web/20061014092655/http://www.kerneltraffic.org/GNUe/gnue20060410_111.xml" title="09:26:55 Oct 14, 2006"><img src="/static/images/toolbar/wm_tb_prv_on.png" alt="Previous capture" width="14" height="16" border="0" /></a></td>
		  <td class="c" id="displayDayEl" style="width:34px;font-size:24px;white-space:nowrap;" title="You are here: 05:09:21 Nov 11, 2007">11</td>
		  <td class="f" nowrap="nowrap"><a href="https://web.archive.org/web/20080517065810/http://www.kerneltraffic.org/GNUe/gnue20060410_111.xml" title="06:58:10 May 17, 2008"><img src="/static/images/toolbar/wm_tb_nxt_on.png" alt="Next capture" width="14" height="16" border="0" /></a></td>
		</tr>
		<!-- NEXT/PREV YEAR NAV AND YEAR INDICATOR -->
		<tr class="y">
		  <td class="b" nowrap="nowrap"><a href="https://web.archive.org/web/20061014092655/http://www.kerneltraffic.org/GNUe/gnue20060410_111.xml" title="14 Oct 2006"><strong>2006</strong></a></td>
		  <td class="c" id="displayYearEl" title="You are here: 05:09:21 Nov 11, 2007">2007</td>
		  <td class="f" nowrap="nowrap"><a href="https://web.archive.org/web/20170403210755/http://kerneltraffic.org/GNUe/gnue20060410_111.xml" title="03 Apr 2017"><strong>2017</strong></a></td>
		</tr>
	      </tbody>
	    </table>
	  </td>
	</tr>
	<tr>
	  <td class="s">
	    	    <div id="wm-nav-captures">
	      	      <a class="t" href="/web/20071111050921*/http://www.kerneltraffic.org/GNUe/gnue20060410_111.xml" title="See a list of every capture for this URL">7 captures</a>
	      <div class="r" title="Timespan for captures of this URL">15 May 2006 - 20 Oct 2017</div>
	      </div>
	  </td>
	  <td class="k">
	    <a href="" id="wm-graph-anchor">
	      <div id="wm-ipp-sparkline" title="Explore captures for this URL" style="position: relative">
		<canvas id="wm-sparkline-canvas" width="575" height="27" border="0"></canvas>
	      </div>
	    </a>
	  </td>
	</tr>
      </tbody>
    </table>
    <div style="position:absolute;bottom:0;right:2px;text-align:right;">
      <a id="wm-expand" class="wm-btn wm-closed" href="#expand" onclick="__wm.ex(event);return false;"><span id="wm-expand-icon" class="iconochive-down-solid"></span> <span style="font-size:80%">About this capture</span></a>
    </div>
  </div>
    <div id="wm-capinfo" style="border-top:1px solid #777;display:none; overflow: hidden">
            <div style="background-color:#666;color:#fff;font-weight:bold;text-align:center">COLLECTED BY</div>
    <div style="padding:3px;position:relative" id="wm-collected-by-content">
            <div style="display:inline-block;vertical-align:top;width:50%;">
			<span class="c-logo" style="background-image:url(https://archive.org/services/img/webwidecrawl);"></span>
		Organization: <a style="color:#33f;" href="https://archive.org/details/webwidecrawl" target="_new"><span class="wm-title">Internet Archive</span></a>
		<div style="max-height:75px;overflow:hidden;position:relative;">
	  <div style="position:absolute;top:0;left:0;width:100%;height:75px;background:linear-gradient(to bottom,rgba(255,255,255,0) 0%,rgba(255,255,255,0) 90%,rgba(255,255,255,255) 100%);"></div>
	  The Internet Archive discovers and captures web pages through many different web crawls.

At any given time several distinct crawls are running, some for months, and some every day or longer.

View the web archive through the <a href="http://archive.org/web/web.php">Wayback Machine</a>.
	</div>
	      </div>
      <div style="display:inline-block;vertical-align:top;width:49%;">
			<span class="c-logo" style="background-image:url(https://archive.org/services/img/aroundtheworldcrawl)"></span>
		<div>Collection: <a style="color:#33f;" href="https://archive.org/details/aroundtheworldcrawl" target="_new"><span class="wm-title">Around The World Crawl</span></a></div>
		<div style="max-height:75px;overflow:hidden;position:relative;">
	  <div style="position:absolute;top:0;left:0;width:100%;height:75px;background:linear-gradient(to bottom,rgba(255,255,255,0) 0%,rgba(255,255,255,0) 90%,rgba(255,255,255,255) 100%);"></div>
	  Data crawled by Sloan Foundation on behalf of Internet Archive
<br /><br />
	</div>
	      </div>
    </div>
    <div style="background-color:#666;color:#fff;font-weight:bold;text-align:center" title="Timestamps for the elements of this page">TIMESTAMPS</div>
    <div>
      <div id="wm-capresources" style="margin:0 5px 5px 5px;max-height:250px;overflow-y:scroll !important"></div>
      <div id="wm-capresources-loading" style="text-align:left;margin:0 20px 5px 5px;display:none"><img src="/static/images/loading.gif" alt="loading" /></div>
    </div>
  </div></div></div></div><script type="text/javascript">
__wm.bt(575,27,25,2,"web","http://www.kerneltraffic.org/GNUe/gnue20060410_111.xml","2007-11-11",1996);
</script>
<!-- END WAYBACK TOOLBAR INSERT --><kc>

<title>GNUe Traffic</title>

<editor contact="mailto:psu@burdonvale.co.uk">Peter Sullivan</editor>

<issue num="111" date="10 Apr 2006 00:00:00 -0800"/>

<headquote>
&quot;<i>would that be what the user expects?</i>&quot; - 
&quot;<i>I have found it hard to predict what users expect :-)</i>&quot; - 
&quot;<i>we want intuitive user interface</i>&quot; - 
&quot;<i>and free whisky</i>&quot; - 
&quot;<i>and world peace</i>.&quot;
</headquote>


<intro>
  This covers the three main mailing lists for the 
  <a href="https://web.archive.org/web/20071111050921/http://www.gnuenterprise.org/">GNU Enterprise</a> 
  project, plus the #gnuenterprise IRC channel.
</intro>


<section title="Differences between packaged releases and source code version" subject="[IRC] 04 Apr 2006" archive="http://www.gnuenterprise.org/irc-logs/gnue-public.log.2006-04-04" author="Peter Sullivan" contact="mailto:psu@burdonvale.co.uk" startdate="04 Apr 2006 12:00:00 -0800" enddate="04 Apr 2006 12:00:00 -0800">

<topic>Common</topic>

<p>Reinhard M&#252;ller (reinhard) said that the version of 
GNUe running as a Debian package read the connections.conf 
file (which told GNUe which databases to connect to, and how) from 
<quote who="Reinhard Müller">/etc/gnue/connections.conf</quote>.
Andrew Mitchell (ajmitch) confirmed this, saying that the 
version of this file in /usr/local/gnue/etc was used when set 
up from source code <quote who="Andrew Mitchell">since /usr/local 
should never ever be seen in a package</quote> in order to comply 
with Debian packaging guidelines. He would do 
Debian packages for the new releases soon - 
<quote who="Andrew Mitchell">I just need to get around to it 
:)</quote>.</p>

</section>

<section title="Behaviour of Clear button" subject="[IRC] 05 Apr 2006" archive="http://www.gnuenterprise.org/irc-logs/gnue-public.log.2006-04-05" author="Peter Sullivan" contact="mailto:psu@burdonvale.co.uk" startdate="05 Apr 2006 12:00:00 -0800" enddate="05 Apr 2006 12:00:00 -0800">

<topic>Forms</topic>

<p>Bajusz Tam&#0225;s (btami) noted that <quote who="Bajusz Tamás">the 
clear form button now gives an empty resultset, but most users want 
to clear the form (the last record you edited) - and dont want to 
lose the last queried resultset</quote>. Johannes Vetter (johannesV) 
commented that <quote who="Johannes Vetter">it is not &quot;clear 
form&quot; but &quot;rollback&quot;, isn't it ?</quote> Tam&#0225;s said 
<quote who="Bajusz Tamás">my users think it's an undo like button - 
but they are disappointed after clicking it</quote>. Reinhard M&#252;ller 
agreed - <quote who="Reinhard Müller">actually I can't see any 
advantage of &quot;clear&quot; against &quot;undo&quot;</quote>, 
but <quote who="Reinhard Müller">undo might be tricky with appserver
- for 2-tier, undo can simply reset all records to original 
state</quote> He noted that &quot;undo&quot; would also have to start 
a new transaction - <quote who="Reinhard Müller">so also changes 
from other users would/should become visible then</quote> as 
<quote who="Reinhard Müller">we would have to requery anyway</quote>.  
This would involve storing <quote who="Reinhard Müller">the last 
query and simply redoing it</quote>.</p>

<p>Later, Jason Cater (jcater) said he wasn't sure what the issue 
was - was it <quote who="Jason Cater">just the wording of that buttun isn't 
clear (no pun intended?)</quote> He <quote who="Jason Cater">would agree 
&quot;Clear&quot; maybe isn't the best word to describe it - 
to me &quot;Revert to Database&quot; or &quot;Reset&quot; or something 
might be clearer</quote>. Reinhard replied that 
<quote who="Reinhard Müller">the basic point was that a function to 
undo all changes since the last save (but &quot;stay&quot; in the current 
resultset) would be more useful than replacing the current result set 
with an empty one</quote>. James Thompson saw this 
<quote who="James Thompson">as 2 separate functions - i wouldn't mind 
seeing an undo - and clear used to be called rollback but users didn't 
grok the meaning. I'm not sure how other places do it but here users 
will query something to edit it</quote> then clear, then 
<quote who="James Thompson">enter a new record</quote>. 
Reinhard didn't understand this behaviour - 
<quote who="Reinhard Müller">why do they clear instead of insert?</quote> 
James said <quote who="James Thompson">i think it's mental, they want 
a clean slate to work with - they also know with a blank screen they 
aren't accidentally changing a previously loaded record</quote>. Reinhard 
said that, in that case, he could <quote who="Reinhard Müller">see use 
for both undo and clear</quote>. James noted that 
<quote who="James Thompson">fwiw: users are completely oblivious to 
the MOD, INS, OK status bar - i gave up trying to get them to use 
it</quote>.</p>

<p>Reinhard asked whether <quote who="Reinhard Müller">you would 
still make &quot;clear&quot; destroy all unsaved changes? or would 
we clearly separate the function of destroying unsaved changes and 
clearing the resultset?</quote> James felt that 
<quote who="James Thompson"> in my mind clear is nothing but a 
rollback - and the current behaviour of not prompting for &quot;save 
unsaved changes&quot; is bad</quote>. Reinhard agreed.</p>

</section>

<section title="Input Masks for Numeric, Date and Text data" subject="[IRC] 06 Apr 2006" archive="http://www.gnuenterprise.org/irc-logs/gnue-public.log.2006-04-06" author="Peter Sullivan" contact="mailto:psu@burdonvale.co.uk" startdate="06 Apr 2006 12:00:00 -0800" enddate="06 Apr 2006 12:00:00 -0800">

<topic>Forms</topic>

<p>James Thompson was <quote who="James Thompson">trying to 
regrok the input mask system</quote>. This, as of time of writing,
allowed you to have input masks that were a mix of alpha, number 
and date elements, but not a mix of just number and date elements - 
he had removed this restriction <quote who="James Thompson">as I thought it 
somewhat arbitrary</quote> Reinhard M&#252;ller (reinhard) felt that 
<quote who="Reinhard Müller">combining something else with dates 
sounds odd to me</quote> anyway. James agreed - just about 
<quote who="James Thompson">the only thing I could think of where 
I'd posibly use that is a made up code</quote> with a date-stamp
element like <quote who="James Thompson">YY-MMDD###### or some such 
thing</quote>. Reinhard felt that this could still cause problems 
if the numeric part was right-padded with spaces, which would be 
the normal behaviour for numbers.</p>

<p>Reinhard added that <quote who="Reinhard Müller">the question 
is what kind of value you want to get from the mask, 
actually</quote>.James said <quote who="James Thompson">right now 
it's always a string</quote>. Reinhard felt that was inefficient, as
it implied doing two type conversion when 
<quote who="Reinhard Müller">we get datetime from the 
database, and we need to push datetime into the database</quote>. 
James said that there would need to be at least two different 
input masks anyway - one for display, and one for editing, but 
this would mean Forms would need <quote who="James Thompson">to 
store two values per field then?</quote>. Reinhard said that this 
was 'sort-of' the case already - <quote who="Reinhard Müller">the 
displayhelpers have a &quot;value&quot; and a &quot;work&quot; 
variable</quote>.</p>

<p>James suggested <quote who="James Thompson">in the case of 
numbers - we'd always return a Decimal instance or a Decimal and/or 
int</quote>. Reinhard wasn't sure whether all of the backend 
databases that GNUe worked with supported decimals.</p>

<p>Later, Jason Cater (jcater) noted that <quote who="Jason Cater">input 
masks were supposed to return the appropriate data type - it does 
separate out 3 types of masks - numeric, date/times, and general 
strings - each set having its own set of mask elements - so MMDD isn't 
gonna work in numeric</quote> without changing the code. He had 
actually put most of the effort into the numeric input masks to start 
with, so it was possible that the date input masks were not as fully 
featured. He had started with numeric <quote who="Jason Cater">as it 
in my mind is by far the hardest to get right - with comma-addition, 
fixed or floating decimal support, and support for optional 
characters</quote> such as currency signs.</p>

</section>


<section title="Block navigation in Forms" subject="[IRC] 07 Apr 2006" archive="http://www.gnuenterprise.org/irc-logs/gnue-public.log.2006-04-07" author="Peter Sullivan" contact="mailto:psu@burdonvale.co.uk" startdate="07 Apr 2006 12:00:00 -0800" enddate="07 Apr 2006 12:00:00 -0800">

<topic>Forms</topic>

<p>Johannes Vetter asked <quote who="Johannes Vetter">what was the 
intention behind setting the initial focus to the first focusable 
entry of the *first* block defined in a gfd ? instead of using the 
first focusable entry of the *first* &lt;page&gt; defined ?</quote>
It was also noted that the way the focus moves in the 
order the fields appear in the block was also 
annoying. Johannes noted <quote who="Johannes Vetter">you'd 
have to define a focusorder to avoid it, right ?</quote> Reinhard 
M&#252;ller (reinhard) felt that <quote who="Reinhard Müller">the order 
of the entries appearing in the</quote> GNUe Forms Definition file 
(gfd) <quote who="Reinhard Müller">would make up a good default focus 
order - in any case a better focus order than the fields in the 
block</quote>. This was agreed - if people wanted to change 
the default order, they could always set the focusOrder on 
each widget. Reinhard still could not 
<quote who="Reinhard Müller">understand the whole concept behind 
block based navigation - I mean - when we separate logic and ui
it makes no sense to bind focus navigation to the logic instead of 
to the ui</quote>.</p>

<p>Later, James Thompson (jamest) said this might cause him 
problems - <quote who="James Thompson">i'll have to do tests but I 
imagine the focus order change will break every form I have - not 
that I'm really against the change though, i haven't thought it thru 
yet :)</quote> The reason for having block-based naviagtion was 
<quote who="James Thompson">it allowed you to hold navigation to a 
specific set of your data - off the top of my head invoice entry 
might be a good example - the master invoice block at the top of 
the page would be for contact info, totals, etc - the detail block 
of line items would be at the bottom.</quote> You could then 
use blocks for efficient navigation to allow both selection 
from a drop-down list and direct entry of new items. He added 
<quote who="James Thompson">i guess if form had true container 
widgets like an expanded &lt;box&gt; then those could replicate 
and eventually replace the block functionality - but we'd also have 
to think about the 1:N field:entry relationship - as now a focus 
trigger on a block would fire for each entry linked to that 
field</quote>. Jason Cater (jcater) added <quote who="Jason Cater">a 
group of multi-row entries linked together by a block is much more 
than just a &quot;layout&quot; issue - they have fundamentally 
different logic. I'm not opposed to moving to a layout-based 
&quot;container&quot; for that - but just keep in mind, you're 
shifting from one set of problems to another set - as then you need 
to move logic concepts into the layout</quote>. Reinhard could 
<quote who="Reinhard Müller">see the logic of the block-based focus 
navigation when it comes to master/detail - it seems I need to think 
more about it</quote>.</p>

</section>

</kc><!--
     FILE ARCHIVED ON 05:09:21 Nov 11, 2007 AND RETRIEVED FROM THE
     INTERNET ARCHIVE ON 09:22:37 Dec 05, 2018.
     JAVASCRIPT APPENDED BY WAYBACK MACHINE, COPYRIGHT INTERNET ARCHIVE.

     ALL OTHER CONTENT MAY ALSO BE PROTECTED BY COPYRIGHT (17 U.S.C.
     SECTION 108(a)(3)).
-->
<!--
playback timings (ms):
  LoadShardBlock: 178.876 (3)
  esindex: 0.008
  captures_list: 194.993
  CDXLines.iter: 12.05 (3)
  PetaboxLoader3.datanode: 237.18 (4)
  exclusion.robots: 0.334
  exclusion.robots.policy: 0.314
  RedisCDXSource: 0.63
  PetaboxLoader3.resolve: 71.562 (2)
  load_resource: 160.398
-->