<?xml version="1.0" ?>

<script src="//archive.org/includes/analytics.js?v=cf34f82" type="text/javascript"></script>
<script type="text/javascript">window.addEventListener('DOMContentLoaded',function(){var v=archive_analytics.values;v.service='wb';v.server_name='wwwb-app40.us.archive.org';v.server_ms=252;archive_analytics.send_pageview({});});</script>
<script type="text/javascript" src="/static/js/ait-client-rewrite.js?v=1543384230.0" charset="utf-8"></script>
<script type="text/javascript">
WB_wombat_Init('https://web.archive.org/web', '20071111051337', 'www.kerneltraffic.org');
</script>
<script type="text/javascript" src="/static/js/wbhack.js?v=1543384230.0" charset="utf-8"></script>
<script type="text/javascript">
__wbhack.init('https://web.archive.org/web');
</script>
<link rel="stylesheet" type="text/css" href="/static/css/banner-styles.css?v=1543384230.0" />
<link rel="stylesheet" type="text/css" href="/static/css/iconochive.css?v=1543384230.0" />
<!-- End Wayback Rewrite JS Include -->
<!-- BEGIN WAYBACK TOOLBAR INSERT -->
<script type="text/javascript" src="/static/js/timestamp.js?v=1543384230.0" charset="utf-8"></script>
<script type="text/javascript" src="/static/js/graph-calc.js?v=1543384230.0" charset="utf-8"></script>
<script type="text/javascript" src="/static/js/auto-complete.js?v=1543384230.0" charset="utf-8"></script>
<script type="text/javascript" src="/static/js/toolbar.js?v=1543384230.0" charset="utf-8"></script>
<style type="text/css">
body {
  margin-top:0 !important;
  padding-top:0 !important;
  /*min-width:800px !important;*/
}
.wb-autocomplete-suggestions {
    text-align: left; cursor: default; border: 1px solid #ccc; border-top: 0; background: #fff; box-shadow: -1px 1px 3px rgba(0,0,0,.1);
    position: absolute; display: none; z-index: 2147483647; max-height: 254px; overflow: hidden; overflow-y: auto; box-sizing: border-box;
}
.wb-autocomplete-suggestion { position: relative; padding: 0 .6em; line-height: 23px; white-space: nowrap; overflow: hidden; text-overflow: ellipsis; font-size: 1.02em; color: #333; }
.wb-autocomplete-suggestion b { font-weight: bold; }
.wb-autocomplete-suggestion.selected { background: #f0f0f0; }
</style>
<div id="wm-ipp" lang="en" style="display:none;direction:ltr;">
<div style="position:fixed;left:0;top:0;right:0;">
<div id="wm-ipp-inside">
  <div style="position:relative;">
    <div id="wm-logo" style="float:left;width:130px;padding-top:10px;">
      <a href="/web/" title="Wayback Machine home page"><img src="/static/images/toolbar/wayback-toolbar-logo.png" alt="Wayback Machine" width="110" height="39" border="0" /></a>
    </div>
    <div class="r" style="float:right;">
      <div id="wm-btns" style="text-align:right;height:25px;">
                  <div id="wm-save-snapshot-success">success</div>
          <div id="wm-save-snapshot-fail">fail</div>
          <a href="#"
             onclick="__wm.saveSnapshot('http://www.kerneltraffic.org/GNUe/gnue20020824_43.xml', '20071111051337')"
             title="Share via My Web Archive"
             id="wm-save-snapshot-open"
          >
            <span class="iconochive-web"></span>
          </a>
          <a href="https://archive.org/account/login.php"
             title="Sign In"
             id="wm-sign-in"
          >
            <span class="iconochive-person"></span>
          </a>
          <span id="wm-save-snapshot-in-progress" class="iconochive-web"></span>
        	<a href="http://faq.web.archive.org/" title="Get some help using the Wayback Machine" style="top:-6px;"><span class="iconochive-question" style="color:rgb(87,186,244);font-size:160%;"></span></a>
	<a id="wm-tb-close" href="#close" onclick="__wm.h(event);return false;" style="top:-2px;" title="Close the toolbar"><span class="iconochive-remove-circle" style="color:#888888;font-size:240%;"></span></a>
      </div>
      <div id="wm-share" style="text-align:right;">
	<a href="#" onclick="window.open('https://www.facebook.com/sharer/sharer.php?u=https://web.archive.org/web/20071111051337/http://www.kerneltraffic.org/GNUe/gnue20020824_43.xml', '', 'height=400,width=600'); return false;" title="Share on Facebook" style="margin-right:5px;" target="_blank"><span class="iconochive-facebook" style="color:#3b5998;font-size:160%;"></span></a>
	<a href="#" onclick="window.open('https://twitter.com/intent/tweet?text=https://web.archive.org/web/20071111051337/http://www.kerneltraffic.org/GNUe/gnue20020824_43.xml&amp;via=internetarchive', '', 'height=400,width=600'); return false;" title="Share on Twitter" style="margin-right:5px;" target="_blank"><span class="iconochive-twitter" style="color:#1dcaff;font-size:160%;"></span></a>
      </div>
    </div>
    <table class="c" style="">
      <tbody>
	<tr>
	  <td class="u" colspan="2">
	    <form target="_top" method="get" action="/web/submit" name="wmtb" id="wmtb"><input type="text" name="url" id="wmtbURL" value="http://www.kerneltraffic.org/GNUe/gnue20020824_43.xml" onfocus="this.focus();this.select();" /><input type="hidden" name="type" value="replay" /><input type="hidden" name="date" value="20071111051337" /><input type="submit" value="Go" /></form>
	  </td>
	  <td class="n" rowspan="2" style="width:110px;">
	    <table>
	      <tbody>
		<!-- NEXT/PREV MONTH NAV AND MONTH INDICATOR -->
		<tr class="m">
		  <td class="b" nowrap="nowrap"><a href="https://web.archive.org/web/20051130115647/http://www.kerneltraffic.org:80/GNUe/gnue20020824_43.xml" title="30 Nov 2005"><strong>Nov</strong></a></td>
		  <td class="c" id="displayMonthEl" title="You are here: 05:13:37 Nov 11, 2007">NOV</td>
		  <td class="f" nowrap="nowrap">Dec</td>
		</tr>
		<!-- NEXT/PREV CAPTURE NAV AND DAY OF MONTH INDICATOR -->
		<tr class="d">
		  <td class="b" nowrap="nowrap"><a href="https://web.archive.org/web/20051130115647/http://www.kerneltraffic.org:80/GNUe/gnue20020824_43.xml" title="11:56:47 Nov 30, 2005"><img src="/static/images/toolbar/wm_tb_prv_on.png" alt="Previous capture" width="14" height="16" border="0" /></a></td>
		  <td class="c" id="displayDayEl" style="width:34px;font-size:24px;white-space:nowrap;" title="You are here: 05:13:37 Nov 11, 2007">11</td>
		  <td class="f" nowrap="nowrap"><img src="/static/images/toolbar/wm_tb_nxt_off.png" alt="Next capture" width="14" height="16" border="0" /></td>
		</tr>
		<!-- NEXT/PREV YEAR NAV AND YEAR INDICATOR -->
		<tr class="y">
		  <td class="b" nowrap="nowrap"><a href="https://web.archive.org/web/20051130115647/http://www.kerneltraffic.org:80/GNUe/gnue20020824_43.xml" title="30 Nov 2005"><strong>2005</strong></a></td>
		  <td class="c" id="displayYearEl" title="You are here: 05:13:37 Nov 11, 2007">2007</td>
		  <td class="f" nowrap="nowrap">2008</td>
		</tr>
	      </tbody>
	    </table>
	  </td>
	</tr>
	<tr>
	  <td class="s">
	    	    <div id="wm-nav-captures">
	      	      <a class="t" href="/web/20071111051337*/http://www.kerneltraffic.org/GNUe/gnue20020824_43.xml" title="See a list of every capture for this URL">8 captures</a>
	      <div class="r" title="Timespan for captures of this URL">14 May 2003 - 11 Nov 2007</div>
	      </div>
	  </td>
	  <td class="k">
	    <a href="" id="wm-graph-anchor">
	      <div id="wm-ipp-sparkline" title="Explore captures for this URL" style="position: relative">
		<canvas id="wm-sparkline-canvas" width="575" height="27" border="0"></canvas>
	      </div>
	    </a>
	  </td>
	</tr>
      </tbody>
    </table>
    <div style="position:absolute;bottom:0;right:2px;text-align:right;">
      <a id="wm-expand" class="wm-btn wm-closed" href="#expand" onclick="__wm.ex(event);return false;"><span id="wm-expand-icon" class="iconochive-down-solid"></span> <span style="font-size:80%">About this capture</span></a>
    </div>
  </div>
    <div id="wm-capinfo" style="border-top:1px solid #777;display:none; overflow: hidden">
            <div style="background-color:#666;color:#fff;font-weight:bold;text-align:center">COLLECTED BY</div>
    <div style="padding:3px;position:relative" id="wm-collected-by-content">
            <div style="display:inline-block;vertical-align:top;width:50%;">
			<span class="c-logo" style="background-image:url(https://archive.org/services/img/webwidecrawl);"></span>
		Organization: <a style="color:#33f;" href="https://archive.org/details/webwidecrawl" target="_new"><span class="wm-title">Internet Archive</span></a>
		<div style="max-height:75px;overflow:hidden;position:relative;">
	  <div style="position:absolute;top:0;left:0;width:100%;height:75px;background:linear-gradient(to bottom,rgba(255,255,255,0) 0%,rgba(255,255,255,0) 90%,rgba(255,255,255,255) 100%);"></div>
	  The Internet Archive discovers and captures web pages through many different web crawls.

At any given time several distinct crawls are running, some for months, and some every day or longer.

View the web archive through the <a href="http://archive.org/web/web.php">Wayback Machine</a>.
	</div>
	      </div>
      <div style="display:inline-block;vertical-align:top;width:49%;">
			<span class="c-logo" style="background-image:url(https://archive.org/services/img/aroundtheworldcrawl)"></span>
		<div>Collection: <a style="color:#33f;" href="https://archive.org/details/aroundtheworldcrawl" target="_new"><span class="wm-title">Around The World Crawl</span></a></div>
		<div style="max-height:75px;overflow:hidden;position:relative;">
	  <div style="position:absolute;top:0;left:0;width:100%;height:75px;background:linear-gradient(to bottom,rgba(255,255,255,0) 0%,rgba(255,255,255,0) 90%,rgba(255,255,255,255) 100%);"></div>
	  Data crawled by Sloan Foundation on behalf of Internet Archive
<br /><br />
	</div>
	      </div>
    </div>
    <div style="background-color:#666;color:#fff;font-weight:bold;text-align:center" title="Timestamps for the elements of this page">TIMESTAMPS</div>
    <div>
      <div id="wm-capresources" style="margin:0 5px 5px 5px;max-height:250px;overflow-y:scroll !important"></div>
      <div id="wm-capresources-loading" style="text-align:left;margin:0 20px 5px 5px;display:none"><img src="/static/images/loading.gif" alt="loading" /></div>
    </div>
  </div></div></div></div><script type="text/javascript">
__wm.bt(575,27,25,2,"web","http://www.kerneltraffic.org/GNUe/gnue20020824_43.xml","2007-11-11",1996);
</script>
<!-- END WAYBACK TOOLBAR INSERT --><kc>

<title>GNUe Traffic</title>

<author contact="mailto:psu@manorcon.demon.co.uk">Peter Sullivan</author>

<issue num="43" date="24 Aug 2002 00:00:00 -0800"/>

<headquote>
Just remember, don't IRC as root - 
<cite>"www-data joined #gnuenterprise." - 
"what're you doing logged in as www-data?" - 
"/me wanted to know what it felt like to be apache so im www-data today - 
its been rather boring, maybe tomorrow i will be postgres, it should 
be more fun" - "pah, try being nobody" - "good idea, 
problem is no one lets me do anything when im nobody"</cite>
</headquote>

<intro>

<p>This Cousin covers the three main 
mailing lists for the GNU Enterprise project,
<a href="https://web.archive.org/web/20071111051337/http://mail.gnu.org/mailman/listinfo/gnue">gnue</a>, 
<a href="https://web.archive.org/web/20071111051337/http://mail.gnu.org/mailman/listinfo/gnue-dev">gnue-dev</a> and 
<a href="https://web.archive.org/web/20071111051337/http://mail.gnu.org/mailman/listinfo/gnue-announce">gnue-announce</a>.  
It also covers the #gnuenterprise IRC channel. A great deal of 
development discussion for this project goes on in IRC. You can find 
#gnuenterprise on irc.openprojects.net:6667, or you can review the 
<a href="https://web.archive.org/web/20071111051337/http://www.gnuenterprise.org/irc-logs/">logs</a>.
For more information about the GNU Enterprise project, see their 
home page at <a href="https://web.archive.org/web/20071111051337/http://www.gnuenterprise.org/">
http://www.gnuenterprise.org</a>.</p>

</intro>


<section title="Drop shipments in Supply Chain Management" subject="Drop shipping?" posts="2" archive="http://mail.gnu.org/pipermail/gnue/2002-August/003150.html" startdate="10 Aug 2002 20:59:41 -0800" enddate="15 Aug 2002 11:14:21 -0800">

<topic>Supply Chain</topic>
<topic>Financials (Accounting)</topic>

<p>Ryan Grange said that the Supply Chain proposals for GNUe described 
ordering <quote who="Ryan Grange">parts in for shipment to a customer.  
What if you want the part vendor to ship them directly to 
your customer (drop shipment) instead of paying freight twice?</quote>
Peter Sullivan said that, as there would presumably be 
<quote who="Peter Sullivan">a mark-up to the cost</quote>, then 
<quote who="Peter Sullivan">the way that I would approach 
this is to have a virtual "drop shipping" warehouse, and set the business 
rules so that any goods "received" into this warehouse were immediately
"issued" to the end customer at the selling price. This would enable you 
to calculate your profit/loss on your drop shipping "warehouse" in the 
same way as for the other, physical, warehouses.</quote> This was all 
a bit theoretical at the moment, however.</p>

</section>


<section title="Installing GNUe from CVS" subject="Installation" posts="2" archive="http://mail.gnu.org/pipermail/gnue/2002-August/003157.html" startdate="15 Aug 2002 11:09:06 -0800" enddate="16 Aug 2002 12:32:09 -0800">

<topic>Forms</topic>
<topic>Application Server</topic>

<p>John Marciano reported some problems when he 
<quote who="John Marciano">ran the setup.py script 
in each directory</quote>but got an error message for 
Forms. Derek Neighbors 
said that the <quote who="Derek Neighbors">New 
preferred way to install cvs is to run setup-cvs.py 
in the root directory of cvs and answer the questions.
You will need to have wxWindows, mxDateTime, Python2.x
installed.  Also to do database applications you need 
a database and the proper python db driver for that 
database.</quote></p>

<p>Also, for GEAS, John got a message 
<quote who="John Marciano">Please don't try to compile 
this program, it is obsolete and not maintained any 
more - Again this doesn't sound good.</quote>.
Derek explained <quote who="Derek Neighbors">geas 
(the old appserver) is still in cvs because you cant really remove
things from cvs (or in this case we didnt want to) we wanted to leave
for reference.  We changed the script so others wouldnt waste time
compiling it.  The new application server is in 'appserver' 
directory.</quote></p>

<p>John also asked <quote who="John Marciano">is anyone 
using this system in a manufacturing/production 
environment?</quote>. Derek said <quote who="Derek Neighbors">We 
are getting ready to roll solutions for two or more small
manufacturing / production shops in the next 6 months.</quote>.</p>

</section>


<section title="Specification for Supply Chain Management (SCM)" subject="Supply Chain Spec Volunteer" posts="17" archive="http://mail.gnu.org/pipermail/gnue/2002-August/003159.html" startdate="15 Aug 2002 13:22:31 -0800" enddate="21 Aug 2002 09:24:40 -0800">

<topic>Supply Chain</topic>
<topic>Base Package</topic>

<p>Jeff Childers volunteered <quote who="Jeff Childers">to start 
fleshing out the SupplyChain.pdf document</quote>. He had 
<quote who="Jeff Childers">lots of detailed ERP product experience 
(from coding to implementation) and tons of opinions :).</quote>
Neil Tiffin said he had <quote who="Neil Tiffin">been in charge, 
but am currently under water with my job</quote> so 
<quote who="Neil Tiffin">If you want to start a dialog I would be 
more than happy to help.</quote> Ross Sponholtz volunteered to 
<quote who="Ross Sponholtz">help out</quote> as well.</p>

<p>Derek Neighbors said <quote who="Derek Neighbors">Yes we woudl 
love it, the source of that pdf is in cvs and is actually
in docbook (xml).</quote> Jeff suggested 
<quote who="Jeff Childers">Unless anyone has an objection, I think 
I would like to use a light UML style to organize the requirements. 
That is, define the modules in terms of objects ('actors' or 
whatever) with their properties, events and methods.</quote>
Neil said he was not opposed to UML, but <quote who="Neil Tiffin">I 
do believe that we will need a business persons view (prose 
functionality) of the system design</quote> as well.
Derek agreed - <quote who="Derek Neighbors">I would like to 
see proposals in a narrative form and following the
module guide template (it is of course open to enhancements).  I have no
problem including UML along with that, but not as a substitute to it. 
This is pretty much because not everyone knows UML or has tools to deal
with it, plus forcing to discuss in narrative clarifies alot.</quote>
Jeff agreed, and asked where to find the module guide template.
He asked <quote who="Jeff Childers">What application do you guys use to 
read/edit the XML DocBook files?</quote> He had tried googling, but this 
just found the DocBook specifications, not tools to open it.</p>

<p>Earlier, Neil said that <quote who="Neil Tiffin">The main stuff 
that should be kept or should be built on is in the Base Package.</quote> 
Previously, the documentation had been <quote who="Neil Tiffin">built directly 
from the object definition and it was not possible for the system 
design, documentation, and objects to be different.</quote>
However, nobody else seemed to think this was 
<quote who="Neil Tiffin">a big deal and so no need to keep at this 
point.</quote> However, he warned <quote who="Neil Tiffin">that 
the work load will only get more onerous as the system grows and 
some organization and automation now, while not entirely necessary, 
will pay hugely in the near future.</quote></p>

<p>Todd Boyle felt that <quote who="Todd Boyle">the "UN/CEFACT 
Modeling Methodology" 
<a href="https://web.archive.org/web/20071111051337/http://www.collaborativedomain.com/standards/index.htm">(UMM)</a></quote>, 
might form a good structure for writing GNUe package proposals.
<quote who="Todd Boyle">It is "stackism"</quote>, with 
<quote who="Todd Boyle">a business process layer</quote>, 
<quote who="Todd Boyle">a collaboration layer</quote> and 
<quote who="Todd Boyle">a transaction layer of course.</quote>.
These abstract models were now being turned into 
<quote who="Todd Boyle">the state machine that defines a 
BSI, a business service interface</quote> to keep 
the home systems of both/all parties to an interfaced 
transaction in sync - <quote who="Todd Boyle">That
is the whole entier point of business process software,
that some unambiguous business entity agreed in a
contract, has proceeded from one state, to the next
state or to an exception condition. etc.</quote> Using 
UMM, whilst a bit prescriptive, would involve GNUe 
<quote who="Todd Boyle">in the
middle of a larger community, one that is very clueful and
has huge history and experience, and is throwing off not
only a lot of modeling but pretty specific code objects now,
and...  you don't have to write documentation :-)</quote>.</p>

<p>Elsewhere, Alejandro Imass said he was 
<quote who="Alejandro Imass">still around if you need
any help with the original Supply Chain Specs that I
originally wrote and submitted to GNUE a long time
ago.</quote> He personally used
<quote who="Alejandro Imass">emacs + psgml major mode</quote> 
to write DocBook - <quote who="Alejandro Imass">It is by far 
THE BEST SGML TOOL IN THE WORLD!</quote>. Neil explained 
to Jeff that <quote who="Neil Tiffin">Alejandro was one of the 
original contributors to the specs and while we did not get far 
enough to include all of this product structures he had some 
very good ideas that were captured in early emails.</quote> 
He hoped <quote who="Neil Tiffin">Hopefully with the next version 
we can actually build a system.</quote> Jeff replied to 
Alejandro <quote who="Jeff Childers">If emacs'll run on my Windows 
XP box then by george I'll try it.</quote> On Supply Chain, 
<quote who="Jeff Childers">If you have any notes or ideas that are 
still hanging around, even if they aren't pretty or finished, send 
them along and I'll review them for the next iteration. Let's 
knock the narrative out and then we'll take up the flag again for 
a beautiful UML model :)</quote>. Alejandro said that 
<quote who="Alejandro Imass">All sgml tools work like a breeze in
Debian</quote> but <quote who="Alejandro Imass">In Windoze I would 
bet it is much harder to get free ``libre'' (GPL) sgml tools up and
running, but I am sure someone out there has tried and
can help you.</quote> He felt that using a word-processor tool like 
OpenOffice was not really ideal for <quote who="Alejandro Imass">really 
large documentation projects</quote> like GNUe.</p>

</section>


<section title="GNUe at Linux World Expo" subject="[IRC] 15 Aug 2002" archive="http://ash.gnuenterprise.org/irc-logs/gnue-public.log.15Aug2002" startdate="14 Aug 2002 23:00:00 -0800" enddate="15 Aug 2002 23:00:00 -0800">

<topic>Designer</topic>

<p>Further to 
<kcref title="GNUe at Linux World Expo" subject="[IRC] 13 Aug 2002"/>, 
James Thompson (jamest) asked <quote who="James Thompson">so 
hows the show this year? more/less people - more/less 
interest</quote>? Derek said <quote who="Derek Neighbors">WAY 
more people - similar percent interest - we have a book deal 
i think if we want it</quote>. He had been unable to get the 
demos working fully <quote who="Derek Neighbors">so i show VERY 
cripled functionality :( - but the marketing slicks are MUCH 
improved - so that helps compensate</quote>. He had gone 
back to the 0.3.0 official releases rather than CVS for 
stability - <quote who="Derek Neighbors">the cvs demo doesnt 
work for designer - m/d is dorked bad in both</quote>. 
James noted that master-detail <quote who="James Thompson">works 
perfectly at work</quote> using the 
<quote who="James Thompson">cvs copy</quote> of the code.</p>

<p><a href="https://web.archive.org/web/20071111051337/http://ash.gnuenterprise.org/irc-logs/gnue-public.log.16Aug2002">
The next day</a>, Dan Bethe (dtm) said he had given Derek 
a lift back to the airport - <quote who="Dan Bethe">i 
only got to lwce in time to pack up the GNUe booth! and to fend 
off the herds of mad forklifts!</quote> However, he had had a chance 
to see <quote who="Dan Bethe">gnue for the first time ever!</quote></p>

</section>


<section title="The mysterious lburkman" subject="[IRC] 15 Aug 2002" archive="http://ash.gnuenterprise.org/irc-logs/gnue-public.log.15Aug2002" startdate="14 Aug 2002 23:00:00 -0800" enddate="14 Aug 2002 23:00:00 -0800">

<topic>Navigator</topic>

<p>Further to 
<kcref title="GNUe at Linux World Expo" subject="[IRC] 13 Aug 2002"/>,
James Thompson (jamest) asked <quote who="James Thompson">does 
the name lbergman ring any bells? they submitted our project to 
the linux fund</quote>. Later, Peter Sullivan (psu) asked 
<quote who="Peter Sullivan">can someone explain the lburkman 
joke/reference to me? I thought it was just me, but jamest 
doesn't grok it either</quote>. <quote who="Jason Cater">Nor
do I</quote>, said Jason Cater (jcater) - 
<quote who="Jason Cater">I wonder if he signed GNUe up for a 
grant, or if he signed up for a grant using the GNUe banner?
there could be a difference :) if it's the first, I'd like to 
shake his hand - if it's the second, I'd like to know why - 
if it's the third, then someone must be confused because I 
only gave 2 reasons</quote>. Peter said 
<quote who="Peter Sullivan">the way dneighbo was talking it 
was like it was a known alias - or the name of a prominant 
GNUe/free sw hater ;-)</quote> Jason thought there was no 
such thing as a GNUe-hater - <quote who="Jason Cater">we're 
so huggable and luvable</quote>. James added 
<quote who="James Thompson">we never met a goat we didn't 
like</quote>. Peter said he had <quote who="Peter Sullivan">even 
checked to see if it was a name on any of our screenshots, but no
- unless it is the name of the ship on the Navigator screen - 
USS lburkman</quote>.</p>

</section>


<section title="Integrator and schema import wizard" subject="GNUe Integrator - already written?" posts="2" archive="http://mail.gnu.org/pipermail/gnue/2002-August/003166.html" startdate="16 Aug 2002 10:43:47 -0800" enddate="19 Aug 2002 20:03:08 -0800">

<topic>Integrator</topic>

<p>Peter Sullivan said that, just in the same way that
<quote who="Peter Sullivan">the export, i.e. database -&gt; XML, 
bit</quote> of GNUe Integrator was shared functionality 
with GNUe Reports, <quote who="Peter Sullivan">The work that 
Jason and Jan have been doing on the on the schema 
import wizard</quote> which <quote who="Peter Sullivan">will 
now include data as well as just schema</quote> ,
as discussed in 
<kcref title="Including data in GNUe Application Server schema definitions" subject="[IRC] 10 Jul 2002"/>, 
could form the basis of <quote who="Peter Sullivan">the other 
half (import, i.e. XML -&gt; database) of GNUe Integrator, or at 
least a major building block for it</quote>.
Derek Neighbors agreed - <quote who="Derek Neighbors">the 
biggest thing that is missing is the data transformation on 
the fly stuff.  (i.e. Integrator Triggers) and of course a nice 
UI to go along with it.  I think much of Integrator will
become basically reuse of other core code in different ways within
Desinger.</quote>.</p>

</section>


<section title="Functionality of GNUe Forms" subject="Re: Gnue forms question" posts="1" archive="http://mail.gnu.org/pipermail/gnue/2002-August/003169.html" startdate="16 Aug 2002 14:17:27 -0800" enddate="16 Aug 2002 14:17:27 -0800">

<topic>Forms</topic>

<p>In response to a private e-mail, 
Derek Neighbors said that <quote who="Derek Neighbors">Grid 
is implemented to day in xPlatform way simply add rows="3" where 3
represents number of rows in grid to display and you have a grid.  Papo
team is submitting scrollbar patch for it.  Some day there will be more
traditional eye candy grid, though functionaly its not necessary.</quote>
Pop-up forms were already implemented, and 
<quote who="Derek Neighbors">we have some search forms planned as 
well</quote>.</p>

</section>


<section title="New GNU Enterprise website" subject="[IRC] 16 Aug 2002" archive="http://ash.gnuenterprise.org/irc-logs/gnue-public.log.16Aug2002" startdate="15 Aug 2002 23:00:00 -0800" enddate="15 Aug 2002 23:00:00 -0800">

<p>James Thompson (jamest) said that the GNU Enterprise main 
web server, as referred to in 
<kcref title="Problems with GNU Enterprise website" subject="[IRC] 01 Aug 2002"/>, 
was <quote who="James Thompson">up and I was hoping we'd just 
go to the new site instead of the old one</quote>. Derek Neighbors 
(dneighbo) asked 
<quote who="Derek Neighbors">is dcl back</quote>? James said 
<quote who="James Thompson">nope - mail, apache/php, firewall, 
user accounts - that's all - lots more to do</quote>. 
Peter Sullivan (psu) said he had <quote who="Peter Sullivan">been 
working locally on the new site whilst ash was away - but not 
testing as I don;t have Apache/PHP here</quote> - but 
<quote who="Peter Sullivan">with a few hours effort this weekend 
we could probably cut over say Sunday to something that is more 
up to date than current site - and we can then add the final 
flourishes (e.g. polls, if we still want them) over next few 
weeks</quote>, suggesting <quote who="Peter Sullivan">Maybe 
we should have a poll on whether to have polls</quote>.</p>

</section>


<section title="Point of Sale (POS) systems" subject="[IRC] 16 Aug 2002" archive="http://ash.gnuenterprise.org/irc-logs/gnue-public.log.16Aug2002" startdate="15 Aug 2002 23:00:00 -0800" enddate="15 Aug 2002 23:00:00 -0800">

<p>Daniel Prather (MysticOne) asked <quote who="Daniel Prather">what 
all *does* GNUe do?  Right now is it primarily just a contact database?</quote>
Daniel Baumann (chillywilly) said it was an <quote who="Daniel Baumann">ERP 
framework - we have forms client, rad designer, navigator, commmon module, etc.
appserver too of course - /me is trying to think if he forgot something</quote>.
Andrew Mitchell (ajmitch) added <quote who="Andrew Mitchell">dcl, bayonne 
:)</quote> which Daniel Baumann explained: <quote who="Daniel Baumann">dcl is a 
project management app that is under the gnue umbrella and bayonne is the gnu 
telephony server which is affiliated with gnue too - also in the works is an 
accounting system using forms (adapted from Nola)</quote>. Jason Cater (jcater) 
added <quote who="Jason Cater">also a Rental Management app</quote>.</p>

<p>Daniel Prather asked about point of sale systems. Daniel Baumann, remembering  
<kcref title="Point-of-Sale systems for GNUe" subject="[IRC] 11 Aug 2002"/>, 
said that <a href="https://web.archive.org/web/20071111051337/http://gibbon.sourceforge.net/">gibbon</a>
was looking to work with GNUe. Jason said that he was 
<quote who="Jason Cater">working on point of sale as we speak - 
as I open up a used book store in 6 weeks - and seeing as how I'm a core GNUe 
developer, I'm morally obligated to using GNUe :)</quote>. He added 
<quote who="Jason Cater">not to point you in another direction, but I looked 
at <a href="https://web.archive.org/web/20071111051337/http://bananapos.com/pos/index.html">bananahead</a> POS and it 
looked pretty darn feature complete - /me didn't actually test it, 
though</quote>, adding <quote who="Jason Cater">of course, I encourage you to 
use us :) - but if you are needing something immediately, there's a 
lead</quote>.</p>

</section>


<section title="Using GNUe Application Server with php Groupware" subject="[IRC] 16 Aug 2002" archive="http://ash.gnuenterprise.org/irc-logs/gnue-public.log.16Aug2002" startdate="15 Aug 2002 23:00:00 -0800" enddate="17 Aug 2002 23:00:00 -0800">

<topic>Application Server</topic>
<topic>Common</topic>
<topic>Designer</topic>
<topic>Forms</topic>

<mention>Jan Ischebeck</mention>
<mention>Dan Kuykendall</mention>
<mention>Michael Dean</mention>

<p>Continuing previous discussions in 
<kcref title="GNUe as a Rapid Business Applications Development toolkit" subject="[IRC] 29 Apr 2002"/>, 
Dan Bethe (dtm) asked why the GNUe core developers seemed to feel
<quote who="Dan Bethe">that gnue's application framework is not 
appropriately generalizable toward groupware</quote>?
<quote who="Dan Bethe">or is it that the gnue team isn't interested 
in doing so? what if outsiders were to be made interested? are the 
models that drastically different between a groupware and a 
transactional enterprise framework?</quote> 
He explained <quote who="Dan Bethe">the existing hotbed of groupware 
that's got all the development happening, is in the LAMP space</quote> 
(using Linux, Apache, mySQL and PHP) - <quote who="Dan Bethe">and 
there's nothing wrong with all that but it's just that the LAMP space 
tends to be infested with junior, "not invented here" programming demo 
style coders</quote> - <quote who="Dan Bethe">so they need an app building 
framework which is as easy as gnue - gnue is easy at building specific 
kinds of apps - and if it was more fully web enabled (liek with a php or 
sashxb style presentation driver) and if it had groupware components, then 
someone could use it as a groupware RAD - then we add the ancillary 
components such as device drivers, palm sync, and external bridges to WAP 
or other messaging and formatting, and b3wm - no more 
phpgropuware</quote>.</p>

<p>Later, he asked <quote who="Dan Bethe">does gnue have any degree of 
collaborative infrastructure?  or is it just a concurrently-usable 
multiple-individual transaction oriented infrastructure?</quote> 
Daniel Baumann (chillywilly) said that was what GNUe Common was 
for - it <quote who="Daniel Baumann">has the db absatraction, the rpc 
abstraction, and other code fr writing apps (both server and 
client)</quote> such as <quote who="Daniel Baumann">the debug system</quote>, 
<quote who="Daniel Baumann">the xml parser, trigger stuff, the connections 
code for linking a form up to a db, the commn object model, format masks, 
lots of *stuff* - appserver uses mainly the db and rpc *stuff*</quote>.</p>

<p><a href="https://web.archive.org/web/20071111051337/http://ash.gnuenterprise.org/irc-logs/gnue-public.log.18Aug2002">
Two days later</a>, towards the end of a all night long, off-topic, 
discussion, Dan said that the GNUe team 
<quote who="Dan Bethe">have to not downplay web services :&gt;</quote>. 
Daniel said <quote who="Daniel Baumann">we don't - 
the have abstraction layer fr most web service protocols - xmlrcp, soap, 
etc.</quote> and <quote who="Daniel Baumann">appserver should talk 
to anything by exposing "web services"</quote>. Dan accepted 
that <quote who="Dan Bethe">you often want super fast data entry in 
a local binary app</quote> but <quote who="Dan Bethe">you should have 
web access later</quote>. Daniel mentioned the php Forms client written 
by Jan Ischebeck. Dan asked <quote who="Dan Bethe">what about 
generalizing</quote> GNUe <quote who="Dan Bethe">as a general web app 
platform or collaborative platform/</quote> - he said that Michael Dean 
(mdean) <quote who="Dan Bethe">had been waving around about that long ago - 
but when i talked with derek after lwce, he said that gnue has a 
fundmanetally different model (transactoinal oriented or whatever) - 
and is not optimized for that directly, fwiw</quote>. He did not see 
any real difference, however. Daniel said 
<quote who="Daniel Baumann">you "submit" the form - 
you "commit" a transaction - same frelling thing ;)</quote>.</p>

<p>Dan asked <quote who="Dan Bethe">is there any reason why we can't make 
a *generalized* RAD out of gnue instead of just for database oriented 
forms? - i mean you have a drag-n-drop UI for forms and db stuff...  why 
can't those widgets be, say, user-oriented or task-oriented or 
schedule-oriented?</quote> He realised that GNUe Designer was a type of 
RAD tool, <quote who="Dan Bethe">but only for a specific type of app as 
opposed to, say, designing a calendar</quote>. Daniel said that 
<quote who="Daniel Baumann">the appserver will provide objects eventually
- that is very generic - and you don't have to be a db guru then - just 
an object lackey</quote>. GNUe Application Server 
<quote who="Daniel Baumann">still needs to use 
a db to store</quote> its objects, <quote who="Daniel Baumann">but I think 
objects give you the generic thing that you desire</quote>.</p>

<p>Dan asked <quote who="Dan Bethe">are there any alternative RADs which already 
exist (like zope or whatever) which are compatible with gnue so we could get 
started building groupware on your current gnue shizzit?</quote>  Daniel knew of 
Zope, but had never used it - <quote who="Daniel Baumann">we have so much code and 
time invested in our framework - I dunno who has the time to adapt to an 
existing one - or if it would ever make sense to throw away our stuff rather 
than picking some existing appserver</quote>. Dan said that 
<quote who="Dan Bethe">phpgroupware is state of the art as far as free groupware, 
but it's not state of the art in terms of app services</quote> - it 
<quote who="Dan Bethe">would suck a lot less if groupware developers were 
magically granted a kick ass framework to start with</quote> Daniel said 
that there had been discussions with the phpGW team - they  
<quote who="Daniel Baumann">do not wish to invest time into 
gnue integration</quote> - this had been one of the reasons that 
Michael Dean had affiliated DCL with GNUE rather than phpGW. 
Dan Bethe said that Dan Kuykendall (seek3r) <quote who="Dan Bethe">has slightly 
reopened somewhat to the idea of moving toward gnue's direction, one way or 
another - but still! that's a bit of a leap</quote>.</p>

<p>He felt that free groupware needed <quote who="Dan Bethe">major app 
frameworks</quote> that were FSF-compatible, and hence not based on Java - 
<quote who="Dan Bethe">the only FSF-compatible alternative to the excellent 
enterprise quality stuff that's being done in java today, is in LAMP - 
which is strong but is not ubiquitous enough - for example it's 
web-only</quote>, which could prove unsuitable for tasks 
<quote who="Dan Bethe">like mass data entry</quote>. GNUe could provide 
an alternative, fully free, application framework for groupware 
development. He asked if <quote who="Dan Bethe">stuff like j2ee be made to sit 
atop gnue?  or only interoperate via message passing like soap/xmlrpc</quote>?
Daniel said <quote who="Daniel Baumann">I think all our components/servers 
will be web enabled and export remote interfaces</quote>.</p> 

<p>Dan said that using GNUe as an alternative to phpGW for groupware 
development <quote who="Dan Bethe">can't be all that hard on the surface 
assuming the guts are ready - assuming that you support groupware-like data 
structures - and then simply export it to the web via a standard gnue web output, 
like maybe a php display driver similar to the current wxwindows 
stuff</quote>.</p>

</section>

<section title="GNUe data dictionary and open standards" subject="Data Dictionary Concept" posts="9" archive="http://mail.gnu.org/pipermail/gnue/2002-August/003173.html" startdate="18 Aug 2002 08:00:39 -0800" enddate="20 Aug 2002 05:16:34 -0800">

<topic>Why GNUe?</topic>
<topic>Integrator</topic>

<p>Jeff Childers asked <quote who="Jeff Childers">Has any kind 
of data dictionary or data structures definition been started yet? 
If not, I have a concept that I've been using over the last couple 
years in our development that seems to really shorten development 
time.</quote> Properties/fields of objects/tables were defined 
as either <quote who="Jeff Childers">Primary key</quote>, 
<quote who="Jeff Childers">Surrogate key</quote>, 
<quote who="Jeff Childers">Local value</quote> or 
<quote who="Jeff Childers">Composite value</quote>. 
This allowed you to <quote who="Jeff Childers">add default logic to 
your base classes for data entry controls that determine behavior
when the control is created on a form depending on the data type.</quote>
For instance, primary keys would be <quote who="Jeff Childers">Never 
shown</quote>, whilst surrogate keys would automatically 
<quote who="Jeff Childers">Implement lookup logic when in edit mode 
via right click menu or create a small lookup button next to field on 
init etc).</quote> This had several benefits for control and 
maintanance, in particular <quote who="Jeff Childers">Adding controls to 
forms requires only to set the field ID to enable the majority of
functionality that you typically want</quote> - 
<quote who="Jeff Childers">the control will self-select the
appropriate widget.</quote> Derek Neighbors said 
<quote who="Derek Neighbors">You are describing relevant stuff to 
AppServer, however, currently I havent been doing a lot of work in that 
area.  I think we need to get AppServer farther along before we can get 
too into these discussions.</quote></p>

<p>Earlier, Todd Boyle felt that <quote who="Todd Boyle">any data 
dictionary 
should be based on ebXML</quote> and gave the 
<quote who="Todd Boyle">One sentence elevator pitch: GNUE is not 
the only application in the enterprise, and will need to exchange 
information with a huge variety of heterogenous applications and 
platforms</quote> whether <quote who="Todd Boyle">During
the implementation/migration phase at the very least</quote> or 
as a permanant interface. He gave some web links for 
<quote who="Todd Boyle"><a href="https://web.archive.org/web/20071111051337/http://www.oasis-open.org/committees/regrep/">The 
ebXML RegRep specifications</a></quote>,
<quote who="Todd Boyle"><a href="https://web.archive.org/web/20071111051337/http://sourceforge.net/projects/ebxmlrr">Open 
source RegRep project</a></quote> and 
<quote who="Todd Boyle"><a href="https://web.archive.org/web/20071111051337/http://www.ebtwg.org/projects/core.html">The 
ebXML core component specification</a></quote>.
Whilst he appreciated that <quote who="Todd Boyle">a 
product-specific data dictionary gives you ease of use, 
and immediate payoff and reinforces 
your own community</quote>, he felt that using ebXML 
within GNUe could help bring forward 
<quote who="Todd Boyle">the day when
individuals and small businesses can conduct exchanges
with each other (as well as large enterprises)</quote>.
EDI had not worked for these groups. 
<quote who="Todd Boyle">If GNUE doesn't help get us 
away from paper invoices, printing and mailing checks, 
etc. I'm gonna scream,</quote>.</p>

<p>Christopher Brown felt <quote who="Christopher Brown">No, 
this puts the cart before the horse</quote> - not all data 
would need to be interoperable, and  
<quote who="Christopher Brown">There _will_ be data on the 
system that under NO circumstances should be released externally, 
such as security configuration and personal information 
(as is found in payroll).</quote> He felt that 
<quote who="Christopher Brown">The point _isn't_ about 
abstract XML schema; it's about the concrete question of what 
DBMS tables are on THIS system, and how do they link to the 
INTERNAL functionality of GnuE, to forms, business rules, and 
such.</quote>.</p>

<p>Jeff looked over Todd's links, and said 
<quote who="Jeff Childers">Personally, I am 100% in favor of building 
an open-standards platform to drive e-transactions. I share your 
frustration with the inefficiency of what is largely a 1,000-year-old 
process</quote> and agreed that EDI was not the answer. However, 
he urged caution - <quote who="Jeff Childers">One does wonder, though, with
all the new acronyms these days, just how many standards one project can
support.</quote> Derek Neighbors said that GNUe supported 
<quote who="Derek Neighbors">many standards now.  Most of our
project is in XML.  We support nearly any SQL92 compliant database 
etc, etc.</quote> He emphasised <quote who="Derek Neighbors">we will 
store the data we need.  The software is GPL and certainly with Integrator 
and our other tools you can get data pumped out in about any format you 
want to interoperate with others.  Whether it be ebXML or EDI or you 
name it.</quote> Jeff agreed - <quote who="Jeff Childers">GPL
is as open as it gets. Anyone motivated enough can add a data filter
for whatever standard is required for whichever industry.</quote></p>

</section>


<section title="GNUe at open source e-Government conference" subject="[IRC] 19 Aug 2002" archive="http://ash.gnuenterprise.org/irc-logs/gnue-public.log.19Aug2002" startdate="18 Aug 2002 23:00:00 -0800" enddate="18 Aug 2002 23:00:00 -0800">

<topic>Why GNUe?</topic>

<p>Further to 
<kcref title="GNUe at open source e-Government conference" subject="[IRC] 11 Aug 2002"/>, 
Stan Klein (sklein) reported that he had <quote who="Stan Klein">put 
in the speaking proposals for the DC conference on "open source and 
e-government"</quote>. He noted <quote who="Stan Klein">Even if we 
don't get selected to speak, we should submit material for the 
"conference handbook" I figure there are about 32 speaking slots (2 
sessions each morning and afternoon, 2 days, 4 speakers each 
session)</quote>. The conference organisers would 
<quote who="Stan Klein">send out notifications of acceptance by Friday, 
and we have about a month to get in any material we want to 
submit</quote>.</p>

</section>


<section title="GNUe as a fully free alternative to Compiere" subject="[IRC] 20 Aug 2002" archive="http://ash.gnuenterprise.org/irc-logs/gnue-public.log.20Aug2002" startdate="19 Aug 2002 23:00:00 -0800" enddate="19 Aug 2002 23:00:00 -0800">

<topic>Financials (Accounting)</topic>

<p>Matt Raykowski (sfb-) asked <quote who="Matt Raykowski">how 
GNUe compares to Compiere.</quote> Peter Sullivan (psu) 
said that <quote who="Peter Sullivan">the big issue for people here 
is that Compiere, although free (as in freedom) itself
has non-free dependancies such as Java and (the biggie) Oracle DB 
s/w i.e. unless you have sold your soul to Oracle for a database, 
it's just  a kool but inert lump of code - GNUe is designed to have 
no non-free depends at all i.e. you can use GNUe w/Oracle - but you 
can also use with MySQL, Freebird, postgresql, SAB-DB etc</quote>. 
Matt noted that <quote who="Matt Raykowski">they're making progress on 
PG support though.</quote>. Peter said <quote who="Peter Sullivan">at 
moment, we have tools (very good tools) for building apps - especially 
in 2 tier mode (i.e. forms talks direct to database) - but are a bit 
short on apps themselves as frankly we really want our appserver working 
i.e. would like our official apps to be 3-tier from start</quote>.</p>

<p>Later, Derek Neighbors (deke) said that Compiere had a 
<quote who="Derek Neighbors">qeustionable license</quote> - the 
Mozilla Public License - which <quote who="Derek Neighbors">does not 
protect developers</quote>. GNUe was intended to be a full enterprise 
resource planning package <quote who="Derek Neighbors">like SAP R/3, 
PeopleSoft and the likes</quote>.</p>

</section>


<section title="GNUe packages and architecture" subject="[IRC] 20 Aug 2002" archive="http://ash.gnuenterprise.org/irc-logs/gnue-public.log.20Aug2002" startdate="19 Aug 2002 23:00:00 -0800" enddate="19 Aug 2002 23:00:00 -0800">

<topic>Application Server</topic>

<p>Matt Raykowski (sfb-) asked <quote who="Matt Raykowski">are the forms 
also stored in the appserver and pushed to the client?</quote> 
Peter Sullivan (psu) said <quote who="Peter Sullivan">the forms at the 
moment contain all the biz logic</quote> but 
<quote who="Peter Sullivan">forms can read forms definitions from an 
URL so no big deal</quote> - 
<quote who="Peter Sullivan">once we have appserver working well
(there's already a proof of concept version) then the biz logic sits 
there</quote>. He explained <quote who="Peter Sullivan">geas == old app 
server, discontinued - app server = new app server, early in development -  
but not everyone is always 100% consistant on terms</quote>. He suggested 
<quote who="Peter Sullivan">trout beatings</quote> for people who got it 
wrong.</p>

<p>Derek said <quote who="Derek Neighbors">on the application side 
we are not far along at all - we havent put the focus there - in 
short if you want to author an HRMS system gnue could do that today - 
if you want to download and 'run' an HRMS system with minimal effort 
we can not do that today</quote>. However, 
<quote who="Derek Neighbors">we are strongly encouraging interested 
parties in helping make the applications - so we can continue to grow 
the tools</quote>.</p>

</section>


<section title="GNUe and Bayonne" subject="[IRC] 20 Aug 2002" archive="http://ash.gnuenterprise.org/irc-logs/gnue-public.log.20Aug2002" startdate="19 Aug 2002 23:00:00 -0800" enddate="19 Aug 2002 23:00:00 -0800">

<topic>Bayonne</topic>

<p>Matt Raykowski (sfb-) said <quote who="Matt Raykowski">rumor has it 
you're also working with integration with bayonne?</quote> 
Hans Kugler (LuftHans) said that <quote who="Hans Kugler">Rich 
of Bayonne was at the GNUe booth at LWE last week.</quote> Peter Sullivan 
(psu) said that <quote who="Peter Sullivan">In theory, bayonne should be able 
to use excatly same form defs as full client</quote>, although in practice 
phone-based "forms" would need to be simpler.</p>

</section>


<section title="Installing the dependancies for GNUe " subject="[IRC] 20 Aug 2002" archive="http://ash.gnuenterprise.org/irc-logs/gnue-public.log.20Aug2002" startdate="19 Aug 2002 23:00:00 -0800" enddate="19 Aug 2002 23:00:00 -0800">

<mention>Daniel Baumann</mention>

<p>Hans Kugler (LuftHans) asked <quote who="Hans Kugler">what's 
wPython.wx and what debian package(s) would hold it?</quote> Jason Cater 
(jcater) suggested <quote who="Jason Cater">libwxgtk2.2-python</quote>.
Hans said <quote who="Hans Kugler">hmm, looks like I've got the 
wxPython modules installed, but gfdes still dies. Do I need to reconfigure 
something? rebuild gfdes?</quote> Daniel Baumann (chillywilly) suggested 
checking the version of python on the default path. Derek Neighbors 
(deke) said that <quote who="Derek Neighbors">likely wx is either not 
installed or installed incorrectly on this machine - we see it all the time 
on red hat where people have 1.5.2 and 2.1 or 2.1 and 2.2 installed and 
install wx but install it for a python other than the default</quote>.
You could fix this by running setup-cvs.py from a specific version of 
python - <quote who="Derek Neighbors">python2.1 setup-cvs.py - instead 
of ./setup-cvs.py</quote>.</p>

<p>Hans asked <quote who="Hans Kugler">which util registers 
the db connections in connections.conf?</quote> Peter Sullivan (psu) 
said <quote who="Peter Sullivan">vi or emacs ;-) - seriously, I believe 
it is just a text file.</quote> Hans had some problems setting up 
a connection for a mySQL database. Later, Derek Neighbors (deke) 
explained <quote who="Derek Neighbors">connections.conf gets reloaded 
when you run apps</quote>. He could not see any problems with 
Hans's setup <quote who="Derek Neighbors">but  i warn you i dont 
do mysql so im not much help there - try  making the name all lower 
case</quote> - <quote who="Derek Neighbors">iirc i had problems with 
this before - fixed it then someone re broked it</quote>.</p>

</section>


<section title="GNUe Namespace issues" subject="[IRC] 20 Aug 2002" archive="http://ash.gnuenterprise.org/irc-logs/gnue-public.log.20Aug2002" startdate="19 Aug 2002 23:00:00 -0800" enddate="19 Aug 2002 23:00:00 -0800">

<topic>Forms</topic>
<topic>Common</topic>

<p>John Lenton (Chipaca) asked <quote who="John Lenton">is there 
any reason the names of datasources, pages, forms and blocks invade 
the root namespace?</quote> He added <quote who="John Lenton">it 
feels ugly, and it breaks things. is there any reason for it?</quote>
For example, <quote who="John Lenton">I can't have a form called the 
same as a datasource</quote> and <quote who="John Lenton">you can 
actually name a form in such a way that it conflicts with something 
inside gnue - having one entry point would be cleaner, no?</quote>
Jason Cater (jcater) said <quote who="Jason Cater">not in our minds - 
we have a progressing namespace - as you move up the tree siblings, 
etc appear in your namespace. I admit we don't have all the error 
checking in place we need - but this progressive namespace was a feature
i.e., a design decision not a bug</quote>. John said 
<quote who="John Lenton">we guessed as much</quote> but 
<quote who="John Lenton">we fail to see the usefulness of it, and we 
have several times stumbled over it in dismay - perhaps we fail to see 
something you could explain better?</quote></p>

</section>

<section title="Installing GNUe on Suse GNU/Linux" subject="GNUe on Suse Linux 7.1" archive="http://mail.gnu.org/pipermail/gnue/2002-August/003193.html" posts="1" startdate="20 Aug 2002 21:24:44 -0800" enddate="20 Aug 2002 21:24:44 -0800">

<p>Michael Goebel reported <quote who="Michael Goebel">that GNUe 
works on my Suse 7.1 distribution with kernel 2.4.0. I tried both 
version 0.3.0 and the latest cvs snapshot</quote>. He said 
<quote who="Michael Goebel">the effort was well worth it. After the
installation was complete (two days), I looked for about half an 
hour so at the form samples. After that I had written my
first functional database form in less than 10 minutes. And it 
worked !! I already wonder what I will be able to do once I have 
actually read the documentation :)</quote>. He outlined in detail 
the steps he had needed to install GNUe, which (in summary) were:</p>

<ul>
<li>He <quote who="Michael Goebel">I already had a running 
PostGresql 7.2.1, downloaded from postgresql.org,</quote> 
enabled <quote who="Michael Goebel">for accepting TCP/IP
connections</quote></li>
<li>He used Yast, the Suse installer, to install the relevant 
python packages.</li>
<li>He downloaded and installed 
<quote who="Michael Goebel">mxDateTime.py from 
<a href="https://web.archive.org/web/20071111051337/http://www.lemburg.com/files/python/">egenix</a></quote></li>
<li>He installed <quote who="Michael Goebel">PyGreSQL (Postgres client 
interface for Python)</quote>, resolving some problems with
<quote who="Michael Goebel">Making postgres with "configure 
--with-python"</quote>.</li>
<li>To install wxPython he <quote who="Michael Goebel">had to 
experiment for a while</quote> but eventually got it to work.</li>
<li>He downloaded the GNUe tarball from the website and configured 
this.</li>
<li><quote who="Michael Goebel">That's it -&gt; test it by running 
the forms in the sample directory. If in GUI trouble, try passing 
"--debuglevel=10" as a parameter to gnue-forms. If in database 
trouble, also take a look at the postgres logfile.</quote></li>
</ul>

</section>

</kc>
<!--
     FILE ARCHIVED ON 05:13:37 Nov 11, 2007 AND RETRIEVED FROM THE
     INTERNET ARCHIVE ON 09:27:20 Dec 05, 2018.
     JAVASCRIPT APPENDED BY WAYBACK MACHINE, COPYRIGHT INTERNET ARCHIVE.

     ALL OTHER CONTENT MAY ALSO BE PROTECTED BY COPYRIGHT (17 U.S.C.
     SECTION 108(a)(3)).
-->
<!--
playback timings (ms):
  LoadShardBlock: 46.611 (3)
  esindex: 0.016
  captures_list: 72.423
  CDXLines.iter: 17.609 (3)
  PetaboxLoader3.datanode: 45.956 (4)
  exclusion.robots: 0.602
  exclusion.robots.policy: 0.58
  RedisCDXSource: 1.99
  PetaboxLoader3.resolve: 108.365
  load_resource: 147.852
-->