<?xml version="1.0" ?>

<script src="//archive.org/includes/analytics.js?v=cf34f82" type="text/javascript"></script>
<script type="text/javascript">window.addEventListener('DOMContentLoaded',function(){var v=archive_analytics.values;v.service='wb';v.server_name='wwwb-app12.us.archive.org';v.server_ms=212;archive_analytics.send_pageview({});});</script>
<script type="text/javascript" src="/static/js/ait-client-rewrite.js?v=1543384230.0" charset="utf-8"></script>
<script type="text/javascript">
WB_wombat_Init('https://web.archive.org/web', '20071111053452', 'www.kerneltraffic.org');
</script>
<script type="text/javascript" src="/static/js/wbhack.js?v=1543384230.0" charset="utf-8"></script>
<script type="text/javascript">
__wbhack.init('https://web.archive.org/web');
</script>
<link rel="stylesheet" type="text/css" href="/static/css/banner-styles.css?v=1543384230.0" />
<link rel="stylesheet" type="text/css" href="/static/css/iconochive.css?v=1543384230.0" />
<!-- End Wayback Rewrite JS Include -->
<!-- BEGIN WAYBACK TOOLBAR INSERT -->
<script type="text/javascript" src="/static/js/timestamp.js?v=1543384230.0" charset="utf-8"></script>
<script type="text/javascript" src="/static/js/graph-calc.js?v=1543384230.0" charset="utf-8"></script>
<script type="text/javascript" src="/static/js/auto-complete.js?v=1543384230.0" charset="utf-8"></script>
<script type="text/javascript" src="/static/js/toolbar.js?v=1543384230.0" charset="utf-8"></script>
<style type="text/css">
body {
  margin-top:0 !important;
  padding-top:0 !important;
  /*min-width:800px !important;*/
}
.wb-autocomplete-suggestions {
    text-align: left; cursor: default; border: 1px solid #ccc; border-top: 0; background: #fff; box-shadow: -1px 1px 3px rgba(0,0,0,.1);
    position: absolute; display: none; z-index: 2147483647; max-height: 254px; overflow: hidden; overflow-y: auto; box-sizing: border-box;
}
.wb-autocomplete-suggestion { position: relative; padding: 0 .6em; line-height: 23px; white-space: nowrap; overflow: hidden; text-overflow: ellipsis; font-size: 1.02em; color: #333; }
.wb-autocomplete-suggestion b { font-weight: bold; }
.wb-autocomplete-suggestion.selected { background: #f0f0f0; }
</style>
<div id="wm-ipp" lang="en" style="display:none;direction:ltr;">
<div style="position:fixed;left:0;top:0;right:0;">
<div id="wm-ipp-inside">
  <div style="position:relative;">
    <div id="wm-logo" style="float:left;width:130px;padding-top:10px;">
      <a href="/web/" title="Wayback Machine home page"><img src="/static/images/toolbar/wayback-toolbar-logo.png" alt="Wayback Machine" width="110" height="39" border="0" /></a>
    </div>
    <div class="r" style="float:right;">
      <div id="wm-btns" style="text-align:right;height:25px;">
                  <div id="wm-save-snapshot-success">success</div>
          <div id="wm-save-snapshot-fail">fail</div>
          <a href="#"
             onclick="__wm.saveSnapshot('http://www.kerneltraffic.org/GNUe/gnue20011124_4.xml', '20071111053452')"
             title="Share via My Web Archive"
             id="wm-save-snapshot-open"
          >
            <span class="iconochive-web"></span>
          </a>
          <a href="https://archive.org/account/login.php"
             title="Sign In"
             id="wm-sign-in"
          >
            <span class="iconochive-person"></span>
          </a>
          <span id="wm-save-snapshot-in-progress" class="iconochive-web"></span>
        	<a href="http://faq.web.archive.org/" title="Get some help using the Wayback Machine" style="top:-6px;"><span class="iconochive-question" style="color:rgb(87,186,244);font-size:160%;"></span></a>
	<a id="wm-tb-close" href="#close" onclick="__wm.h(event);return false;" style="top:-2px;" title="Close the toolbar"><span class="iconochive-remove-circle" style="color:#888888;font-size:240%;"></span></a>
      </div>
      <div id="wm-share" style="text-align:right;">
	<a href="#" onclick="window.open('https://www.facebook.com/sharer/sharer.php?u=https://web.archive.org/web/20071111053452/http://www.kerneltraffic.org/GNUe/gnue20011124_4.xml', '', 'height=400,width=600'); return false;" title="Share on Facebook" style="margin-right:5px;" target="_blank"><span class="iconochive-facebook" style="color:#3b5998;font-size:160%;"></span></a>
	<a href="#" onclick="window.open('https://twitter.com/intent/tweet?text=https://web.archive.org/web/20071111053452/http://www.kerneltraffic.org/GNUe/gnue20011124_4.xml&amp;via=internetarchive', '', 'height=400,width=600'); return false;" title="Share on Twitter" style="margin-right:5px;" target="_blank"><span class="iconochive-twitter" style="color:#1dcaff;font-size:160%;"></span></a>
      </div>
    </div>
    <table class="c" style="">
      <tbody>
	<tr>
	  <td class="u" colspan="2">
	    <form target="_top" method="get" action="/web/submit" name="wmtb" id="wmtb"><input type="text" name="url" id="wmtbURL" value="http://www.kerneltraffic.org/GNUe/gnue20011124_4.xml" onfocus="this.focus();this.select();" /><input type="hidden" name="type" value="replay" /><input type="hidden" name="date" value="20071111053452" /><input type="submit" value="Go" /></form>
	  </td>
	  <td class="n" rowspan="2" style="width:110px;">
	    <table>
	      <tbody>
		<!-- NEXT/PREV MONTH NAV AND MONTH INDICATOR -->
		<tr class="m">
		  <td class="b" nowrap="nowrap"><a href="https://web.archive.org/web/20051130125026/http://www.kerneltraffic.org:80/GNUe/gnue20011124_4.xml" title="30 Nov 2005"><strong>Nov</strong></a></td>
		  <td class="c" id="displayMonthEl" title="You are here: 05:34:52 Nov 11, 2007">NOV</td>
		  <td class="f" nowrap="nowrap">Dec</td>
		</tr>
		<!-- NEXT/PREV CAPTURE NAV AND DAY OF MONTH INDICATOR -->
		<tr class="d">
		  <td class="b" nowrap="nowrap"><a href="https://web.archive.org/web/20051130125026/http://www.kerneltraffic.org:80/GNUe/gnue20011124_4.xml" title="12:50:26 Nov 30, 2005"><img src="/static/images/toolbar/wm_tb_prv_on.png" alt="Previous capture" width="14" height="16" border="0" /></a></td>
		  <td class="c" id="displayDayEl" style="width:34px;font-size:24px;white-space:nowrap;" title="You are here: 05:34:52 Nov 11, 2007">11</td>
		  <td class="f" nowrap="nowrap"><img src="/static/images/toolbar/wm_tb_nxt_off.png" alt="Next capture" width="14" height="16" border="0" /></td>
		</tr>
		<!-- NEXT/PREV YEAR NAV AND YEAR INDICATOR -->
		<tr class="y">
		  <td class="b" nowrap="nowrap"><a href="https://web.archive.org/web/20051130125026/http://www.kerneltraffic.org:80/GNUe/gnue20011124_4.xml" title="30 Nov 2005"><strong>2005</strong></a></td>
		  <td class="c" id="displayYearEl" title="You are here: 05:34:52 Nov 11, 2007">2007</td>
		  <td class="f" nowrap="nowrap">2008</td>
		</tr>
	      </tbody>
	    </table>
	  </td>
	</tr>
	<tr>
	  <td class="s">
	    	    <div id="wm-nav-captures">
	      	      <a class="t" href="/web/20071111053452*/http://www.kerneltraffic.org/GNUe/gnue20011124_4.xml" title="See a list of every capture for this URL">10 captures</a>
	      <div class="r" title="Timespan for captures of this URL">28 Apr 2003 - 11 Nov 2007</div>
	      </div>
	  </td>
	  <td class="k">
	    <a href="" id="wm-graph-anchor">
	      <div id="wm-ipp-sparkline" title="Explore captures for this URL" style="position: relative">
		<canvas id="wm-sparkline-canvas" width="575" height="27" border="0"></canvas>
	      </div>
	    </a>
	  </td>
	</tr>
      </tbody>
    </table>
    <div style="position:absolute;bottom:0;right:2px;text-align:right;">
      <a id="wm-expand" class="wm-btn wm-closed" href="#expand" onclick="__wm.ex(event);return false;"><span id="wm-expand-icon" class="iconochive-down-solid"></span> <span style="font-size:80%">About this capture</span></a>
    </div>
  </div>
    <div id="wm-capinfo" style="border-top:1px solid #777;display:none; overflow: hidden">
            <div style="background-color:#666;color:#fff;font-weight:bold;text-align:center">COLLECTED BY</div>
    <div style="padding:3px;position:relative" id="wm-collected-by-content">
            <div style="display:inline-block;vertical-align:top;width:50%;">
			<span class="c-logo" style="background-image:url(https://archive.org/services/img/webwidecrawl);"></span>
		Organization: <a style="color:#33f;" href="https://archive.org/details/webwidecrawl" target="_new"><span class="wm-title">Internet Archive</span></a>
		<div style="max-height:75px;overflow:hidden;position:relative;">
	  <div style="position:absolute;top:0;left:0;width:100%;height:75px;background:linear-gradient(to bottom,rgba(255,255,255,0) 0%,rgba(255,255,255,0) 90%,rgba(255,255,255,255) 100%);"></div>
	  The Internet Archive discovers and captures web pages through many different web crawls.

At any given time several distinct crawls are running, some for months, and some every day or longer.

View the web archive through the <a href="http://archive.org/web/web.php">Wayback Machine</a>.
	</div>
	      </div>
      <div style="display:inline-block;vertical-align:top;width:49%;">
			<span class="c-logo" style="background-image:url(https://archive.org/services/img/aroundtheworldcrawl)"></span>
		<div>Collection: <a style="color:#33f;" href="https://archive.org/details/aroundtheworldcrawl" target="_new"><span class="wm-title">Around The World Crawl</span></a></div>
		<div style="max-height:75px;overflow:hidden;position:relative;">
	  <div style="position:absolute;top:0;left:0;width:100%;height:75px;background:linear-gradient(to bottom,rgba(255,255,255,0) 0%,rgba(255,255,255,0) 90%,rgba(255,255,255,255) 100%);"></div>
	  Data crawled by Sloan Foundation on behalf of Internet Archive
<br /><br />
	</div>
	      </div>
    </div>
    <div style="background-color:#666;color:#fff;font-weight:bold;text-align:center" title="Timestamps for the elements of this page">TIMESTAMPS</div>
    <div>
      <div id="wm-capresources" style="margin:0 5px 5px 5px;max-height:250px;overflow-y:scroll !important"></div>
      <div id="wm-capresources-loading" style="text-align:left;margin:0 20px 5px 5px;display:none"><img src="/static/images/loading.gif" alt="loading" /></div>
    </div>
  </div></div></div></div><script type="text/javascript">
__wm.bt(575,27,25,2,"web","http://www.kerneltraffic.org/GNUe/gnue20011124_4.xml","2007-11-11",1996);
</script>
<!-- END WAYBACK TOOLBAR INSERT --><kc>

<title>GNUe Traffic</title>

<author contact="mailto:psu@manorcon.demon.co.uk">Peter Sullivan</author>

<issue num="4" date="24 Nov 2001 00:00:00 -0800"/>

<headquote>
GNUe 0.1.0 released this week - 
<cite>this stuff is so great I can't even find words for it</cite>
</headquote>

<intro>

<p>This Cousin covers the IRC channel for GNUe (and most of the 
mailing lists as well). For more information about the GNU Enterprise 
project, see their home page at <a href="https://web.archive.org/web/20071111053452/http://www.gnuenterprise.org/">
http://www.gnuenterprise.org</a>. Details of the mailing lists can be 
found at <a href="https://web.archive.org/web/20071111053452/http://lists.gnue.org/mailman/listinfo"> 
http://lists.gnue.org/mailman/listinfo</a>. The irc channel is on
#gnuenterprise on irc.openprojects.net:6667, or you can review 
the logs at <a href="https://web.archive.org/web/20071111053452/http://www.gnuenterprise.org/irc-logs/">
http://www.gnuenterprise.org/irc-logs/</a>.</p>

</intro>

<section title="Non-English programming keywords" subject="[gnue-geas] Syntax for explicit references and lists" archive="http://lists.gnue.org/pipermail/gnue-geas/2001-November/000326.html" posts="8" startdate="14 Nov 2001 14:27:09 -0800" enddate="17 Nov 2001 09:10:01 -0800">

<topic>Application Server</topic>

<p>Reinhard M&#252;ller explained his reasoning for changing the 
syntax for explicit references to:</p>

<quote who="Reinhard Müller">
<ul>
<li>REFERENCE name: otherclass.otherfield = thisfield;</li>
<li>LIST name: otherclass.otherfield = thisfield;</li>
</ul>
</quote>

<p>Neil Tiffin said he thought the colon and semi-colon made it look 
like <quote who="Neil Tiffin">programmer lingo</quote>, and suggested
WHERE instead. Reinhard agreed about the colon, but said the 
semi-colon was there to help the parser. Neil said that 
WHERE could be aliased for non-English speakers. Reinhard 
was not sure this was a good idea - <quote who="Reinhard Müller">and 
I say that as a non-native English speaker</quote>. Neil 
said it was <quote who="Neil Tiffin">Probably not a big deal 
except that we should always evaluate ways to show the project is 
multi-national.</quote> Derek Neighbors said other 
<quote who="Derek Neighbors">programming languages</quote> had 
normally just used English. Reinhard said that some German-language 
versions of Excel and Word had used German for Visual Basic keywords. 
<quote who="Reinhard Müller">So instead of IF..THEN you wrote 
WENN..DANN, and it looked highly ridiculous to a 
programmer.</quote></p>

</section>


<section title="GNUe Web Site" subject="[IRC] 15th November 2001" archive="http://www.gnuenterprise.org/irc-logs/gnue-public.log.15Nov2001" startdate="15 Nov 2001 00:00:00 -0800" enddate="15 Nov 2001 00:00:00 -0800">

<p>Reprising his theme from   
<kcref title="Website redesign and mailing lists" subject="[IRC] 06 Nov 2001"/>,
Reinhard M&#252;ller (reinhard) said <quote who="Reinhard Müller">We 
really need a good and simple webpage which basically says 
&quot;GNUe is not yet there, we have only parts of it&quot;</quote>
Derek Neighbors (dneighbo) agreed - <quote who="Derek Neighbors">I 
started to look at phpnuke and I think we can make it work</quote>.
Reinhard suggested <quote who="Reinhard Müller">a 
rather static page for an overview of the project</quote>. 
Derek said <quote who="Derek Neighbors">that's what gnu.org is for
- its just not been maintained</quote>. The main reason for moving to 
a dynamic front page had been to <quote who="Derek Neighbors">make 
it easier to let OTHERS maintain</quote>, as getting volunteers 
set up with write-access to gnu.org had taken time, but he admitted
<quote who="Derek Neighbors">the current way isnt working famously 
either :)</quote> Later, he said <quote who="Derek Neighbors">static 
or dynamic I think is not the point - we need someone to 
MAINTAIN the website - that is the REAL problem :) IMHO as we had 
SAME issues when we only had gnu.org site - it was grossly 
outdated</quote>.</p>

</section>


<section title="Testing Windows Installer for GNue Forms/Designer" subject="[IRC] 15th November 2001" archive="http://www.gnuenterprise.org/irc-logs/gnue-public.log.15Nov2001" startdate="15 Nov 2001 00:00:00 -0800" enddate="17 Nov 2001 00:00:00 -0800">

<topic>Forms</topic>
<topic>Designer</topic>

<mention>ra3vat</mention>

<p>Jason Cater (jcater) asked people to test the pre-release of the 
<quote who="Jason Cater">Windows installer binary</quote>. 
Reinhard M&#252;ller (reinhard) asked what the dependencies were. 
Jason said just Windows(!) - plus <quote who="Jason Cater">a database 
backend :)</quote> - although in fact the &quot;Hello World&quot; form 
did not even need that. Reinhard was seriously impressed, and asked 
whether the installer could be used for GNUe Application Server 
as well. Jason said <quote who="Jason Cater">it's Inno setup - 
a generic free installer</quote>. Running it, Reinhard said 
<quote who="Reinhard Müller">um at first sight i would say
&quot;hey jcater has reimplemented delphi&quot; :) [...] 
this stuff is so great I can't even find words for it</quote>.</p>

<p>Testing, Reinhard pointed out <quote who="Reinhard Müller">I 
can't close a property editor window once it popped up</quote>. 
Later, Derek Neighbors (dneighbo) was getting 
<quote who="Derek Neighbors">serious errors when trying to edit a form 
in designer</quote>. 
However, he tested GNUe Forms against <quote who="Derek Neighbors">
mysql, pgsql, msaccess97 - now for looking at db2 :)</quote>. He 
thought this was one of the easiest installs he had ever seen.
Jason said <quote who="Jason Cater">we are by far a 0.1.0 level 
quality of work - at least forms client is :) - designer needs more 
polishing - but, eh, we're getting there</quote>.</p>

<p><a href="https://web.archive.org/web/20071111053452/http://www.gnuenterprise.org/irc-logs/gnue-public.log.17Nov2001">
Two days later</a>, Jason asked <quote who="Jason Cater">derek: 
can you do a sample intro form??</quote>. Derek suggested 
<quote who="Derek Neighbors">a tabbed form - where every tab is a 
sample</quote>. Jason pointed out that you could set tabs up in Designer, 
but you could only see one tab at a time <quote who="Jason Cater">i.e., 
each tab is a separate &quot;grid&quot;</quote>. Later, Dmitry
Sorokin (ra3vat) reported that <quote who="Dmitry Sorokin">
non ascii forms does not work</quote>.</p>

<p><a href="https://web.archive.org/web/20071111053452/http://www.gnuenterprise.org/irc-logs/gnue-public.log.19Nov2001">
Another two days on</a>, Jason announced <quote who="Jason Cater">New 
Windows 9x/2000 prereleases (0.1.0-c)</quote> and asked people to 
test them. There were some minor problems with pink icons and tabbed 
forms, but these could be resolved.</p>

</section>


<section title="Using non-free tools for GNUe Documentation" subject="[gnue-discuss] Can We Please Not Use LyX!?!?" archive="http://lists.gnue.org/pipermail/gnue-discuss/2001-November/000328.html" posts="10" startdate="14 Nov 2001 23:21:25 -0800" enddate="17 Nov 2001 09:02:59 -0800">

<p>Further to 
<kcref title="Documentation for release 0.1.0" startdate="13 Nov 2001 00:00:00 -0800"/>,
Daniel Baumann questioned the use of LyX for GNUe Documentation. 
He realised that people were having problems with installing docbook, 
but said <quote who="Daniel Baumann">I can build html versions of stuff 
on my box if this is what we have to do.</quote> He added 
<quote who="Daniel Baumann">I really shouldn't have to be
harping on this issue for a GNU project, but some ppl like to take
convience over freedom and this should not be tolerated. I mean I would
love to read the forms technical reference, but there's no way in hell
I am going to install lyX unless I can have a fully free version with
the toolkit of my choice (which is supposed to happen eventually).</quote>
Michael Brown suggested <quote who="Michael Brown">why not just compile 
LyX with the QT2 toolkit?  According to 
<a href="https://web.archive.org/web/20071111053452/http://www.devel.lyx.org/guii.php3">http://www.devel.lyx.org/guii.php3
</a>, this is pretty close to being complete.</quote> Daniel said he 
had tried the QT port before, and was not impressed. 
Jason Cater said <quote who="Jason Cater">The 
upcoming release was originally planned for this past weekend. James and
I decided to postpone the release by at least a week to generate useful
(both technical and non-technical) documentation -- and that is just what we
have been doing! Our sole intention was to generate as much useful
documentation as quickly and painlessly as possible.</quote> They had 
used LyX because they had had problems trying to get docbook to install. 
Neil Tiffin said <quote who="Neil Tiffin">I would much rather have docs 
in any format than no docs at all.</quote> Chad Walstrom pointed out that 
<quote who="Chad Walstrom">the lyx file format is not a proprietary format.  
It's simply &quot;yet another LaTeX style sheet&quot;.</quote></p>

<p>Daniel reiterated his position, and said <quote who="Daniel Baumann">
I feel that this issue needs to be ironed out and I apologize for the 
prior language, but I am very frustrated and I feel alienated</quote>. 
Derek Neighbors said <quote who="Derek Neighbors">I 
dont see how we are forcing ANYONE to INSTALL anything.  LyX is simply 
structured LaTeX.  Anyone that has a file editor can look at and edit 
the source files w/o installing any additional software. They can even 
make the conversions using LaTeX.</quote> He continued, 
<quote who="Derek Neighbors">I 
think we have always had the stance of 'docbook' is the 'preferred' 
format of documentation, however we will take documentation in ANY 
format.  I know I have personally accepted text files, texinfo and word 
documents and converted them to docbook.  This motto is because we know 
its hard to find documentors so we wont term them away REGARDLESS of 
their tool.</quote> Daniel proposed 
<quote who="Daniel Baumann">that we use text for now and I will volunteer 
to do docbook or we just switch to something that works better on all 
systems like say textinfo. What do you guys think?</quote></p>

<p>There were also full and frank discussions of this issue IRC on 
<a href="https://web.archive.org/web/20071111053452/http://www.gnuenterprise.org/irc-logs/gnue-public.log.14Nov2001">14th</a>, 
<a href="https://web.archive.org/web/20071111053452/http://www.gnuenterprise.org/irc-logs/gnue-public.log.15Nov2001">15th</a>
and 
<a href="https://web.archive.org/web/20071111053452/http://www.gnuenterprise.org/irc-logs/gnue-public.log.16Nov2001">16th</a> 
November. </p>

</section>


<section title="Working on GNUe Application Server (GEAS)" subject="[IRC] 16th November 2001" archive="http://www.gnuenterprise.org/irc-logs/gnue-public.log.16Nov2001" startdate="16 Nov 2001 00:00:00 -0800" enddate="19 Nov 2001 00:00:00 -0800">

<topic>Application Server</topic>

<p>Michael Brown (mcb30) asked <quote who="Michael Brown">
what's the differnce between running with and without GEAS?</quote>
Reinhard M&#252;ller said <quote who="Reinhard Müller">the 
most important difference is - running without geas works - 
- running with geas doesn't</quote>. He explained that 
<quote who="Reinhard Müller">business objects are like &quot;
intelligent&quot; database tables - not only data but also methods</quote>.
In a working GEAS set-up, GNUe Forms/Reports would 
<quote who="Reinhard Müller">access the business objects instead of 
the db</quote>. The main problem 
with GEAS as of the time of writing was speed.</p>

<p>Later, Neil Tiffin (neilt) confirmed that GEAS only 
worked with either C methods or Python methods, but not both. To do this, 
it would need code to catalogue both the C and Python methods, determine 
<quote who="Neil Tiffin">which style of methods to use</quote> and handle 
duplicated names. Michael asked <quote who="Michael Brown">With 
the python methods, is it permitted to modify the python code while 
GEAS is running or not?</quote> Neil said <quote who="Neil Tiffin">it loads 
all methods into python at startup</quote>, so changes would have no effect.
Derek Neighbors (dneighbo) explained some of the initial thinking behind this, 
and said it might be better if <quote who="Derek Neighbors">you place the new 
code out there and its not loaded until you specifically tell it to</quote>. 
This could even be linked to a cron job for periodic updates. Later on, he 
confirmed that he did not favour automatically loading new methods, as 
<quote who="Derek Neighbors">some transactions could be mid 
'flow'</quote> at the time the code changed.</p>

<p>Later, Michael reported <quote who="Michael Brown">I seem to have found 
a problem with the python method dispatch</quote>. Reinhard confimed 
<quote who="Reinhard Müller">every module should have its own 
namespace</quote> and said <quote who="Reinhard Müller">this is scary -
you seem to understand that code better after 6 hours as i do after 6 
months :)</quote> He said that the parser library 
<quote who="Reinhard Müller">is being rewritten at the very moment</quote>, 
and invited Michael to submit any <quote who="Reinhard Müller">wishes</quote> 
for it. He also asked for input on coding style issues.</p>

<p><a href="https://web.archive.org/web/20071111053452/http://www.gnuenterprise.org/irc-logs/gnue-public.log.16Nov2001">
The next day</a>, Michael outlined the changes he had made to the GEAS 
code to allow it to support both Python and C methods at the same time. 
He asked <quote who="Michael Brown">is it acceptable to have no method handling 
support built in to GEAS</quote>? Daniel though this should be an error condition - 
<quote who="Daniel Baumann">what good would the server be with 0 methods?</quote> 
The consenus was that the default would be to compile all types of methods. 
Later, Daniel said he would like to be able to mix and match methods 
<quote who="Daniel Baumann">but at the object level</quote> - GEAS would 
search for something that could implement the language, load it into cache 
if necessary and then load the method. He feared this 
<quote who="Daniel Baumann">might be kinda slow though</quote>.</p>

<p><a href="https://web.archive.org/web/20071111053452/http://www.gnuenterprise.org/irc-logs/gnue-public.log.16Nov2001">
Three days later</a>, Michael asked <quote who="Michael Brown">Is 
it reasonable to assume that all methods for a particular 
class that are of a particular type (e.g. glibmodule) will be 
implemented within the same file?</quote> Reinhard M&#252;ller said 
<quote who="Reinhard Müller">not at all imho</quote> - they might 
even be from different applications. Michael said he was 
<quote who="Michael Brown">thinking about dynamic loading and how to 
determine which methods need to be reloaded when I notice a file has 
been modified</quote> - he could scan all methods, or keep a cache.
Reinhard said <quote who="Reinhard Müller">can't you query what methods 
are contained in a file?</quote> Michael said this wouldn't cope with
methods being removed. He described how a cache would work. Reinhard 
suggested <quote who="Reinhard Müller">glib's GList implementation</quote> 
for the cache lists - he was not keen on GHash. Michael was 
worried about speed and scalability for long lists - Reinhard thought 
<quote who="Reinhard Müller">the time needed to reload a single code 
file from the disk would be more significant,</quote> but left it up 
to Michael.</p>

</section>


<section title="Madlocke's HTML client and Webware" subject="[IRC] 16th November 2001" archive="http://www.gnuenterprise.org/irc-logs/gnue-public.log.16Nov2001" startdate="16 Nov 2001 00:00:00 -0800" enddate="19 Nov 2001 00:00:00 -0800">

<topic>Forms</topic>

<mention>Andrew Mitchell</mention>
<mention>ra3vat</mention>
<mention>James Thompson</mention>

<p>Following on from 
<kcref title="HTML client for GNUe Forms" startdate="09 Nov 2001 00:00:00 -0800"/>,
Michael Maluck (madlocke) said one of his biggest problems had been 
<quote who="Michael Maluck">how the widgets are created</quote>. 
Andrew Mitchell (ajmitch) offered the use of his webware set-up for testing. 
Later, Derek Neighbors asked Michael to send his code to James Thompson as 
a tarball, to avoid having to keep uploading it. He asked 
<quote who="Derek Neighbors">how are you doing record traversal?</quote> 
Michael replied <quote who="Michael Maluck"> I am just exchanging data between 
html and the gnuef widgets... so no big change in the handling...</quote>.</p>

<p><a href="https://web.archive.org/web/20071111053452/http://www.gnuenterprise.org/irc-logs/gnue-public.log.17Nov2001">
The next day</a>, Dmitry Sorokin (ra3vat) confirmed that the code was not intended 
to currently work with GNUe Application Server - <quote who="Dmitry Sorokin">it's 
just form's ui driver</quote>. Andrew Mitchell (ajmitch) reported 
it needed Python 2.0. Dmitry finally reported getting the code working -
<quote who="Dmitry Sorokin">it is great</quote>.</p>

<p><a href="https://web.archive.org/web/20071111053452/http://www.gnuenterprise.org/irc-logs/gnue-public.log.18Nov2001">
Another day on</a>, Andrew and Charles Rouzer (Mr_You) were still having 
problems getting Webware to work. Dmitry said he had temporarily uploaded 
<quote who="Dmitry Sorokin">the current uiwebware driver</quote> for Michael, 
who would be back on Monday.</p>

<p><a href="https://web.archive.org/web/20071111053452/http://www.gnuenterprise.org/irc-logs/gnue-public.log.19Nov2001">
The next day</a>, Michael confirmed that Andrew would need to upgrade to 
Python 2 to get the Webware code to work. Charles said 
<quote who="Charles Rouzer">you'll need to have a curses library</quote>, 
as GNUe Forms needs it to install. Jason Cater (jcater) confirmed that GNUe 
Forms needs at least one User Interface to install - Charles said it would 
have to be curses, as <quote who="Charles Rouzer">this is a remote 
server</quote>. Jason explained <quote who="Jason Cater">you can comment out the 
checks in gnuef/setup.py for now</quote> to force GNUe Forms to load without 
any User Interface. Charles was still having problems, however.</p> 

<p>Relieving the pressure, Jason clarified that <quote who="Jason Cater">0.1.0 
will be released before we add the webware driver, just so nothing 
breaks</quote>, but the driver would be added immediately afterwards.</p>

</section>


<section title="Finding out about GNUe" subject="[IRC] 16th November 2001" archive="http://www.gnuenterprise.org/irc-logs/gnue-public.log.16Nov2001" startdate="16 Nov 2001 00:00:00 -0800" enddate="16 Nov 2001 00:00:00 -0800">

<topic>Why GNUe?</topic>

<p>Reinhard M&#252;ller (reinhard) proposed a new poll for the web site front page 
asking how people had found out about GNUe - he suggested:</p>

<quote who="Reinhard Müller">
<ol>
<li>gnu homepage</li>
<li>freedevelopers</li>
<li>kernel cousins</li>
<li>bathroom wall</li>
<li>&quot;the voices&quot; told me</li>
</ol>
</quote>

<p>Michael Brown (mcb30) said <quote who="Michael Brown">I think I probably found 
it via Freshmeat</quote> - he had been impressed by <quote who="Michael Brown">the 
level of attention to detail in the docs</quote>.</p>

</section>


<section title="GObjects and glib dependencies" subject="[IRC] 16th November 2001" archive="http://www.gnuenterprise.org/irc-logs/gnue-public.log.16Nov2001" startdate="16 Nov 2001 00:00:00 -0800" enddate="17 Nov 2001 00:00:00 -0800">

<topic>Forms</topic>
<topic>Application Server</topic>

<p>Returning to his theme in 
<kcref title="GNUe Form triggers - XML?" startdate="08 Nov 2001 00:00:00 -0800"/>,
Daniel Baumann (chillywilly) asked about using GObject. This would create a 
dependancy on glib 2.0, but <quote who="Daniel Baumann">we need a much more 
OO design of things</quote>. It would give GNUe inheritance and thread safety, 
and potentially multi-threading. Reinhard M&#252;ller (reinhard) asked about 
portability, and said <quote who="Reinhard Müller">lately i see such a ton of 
projects being killed by their dependencies</quote>. Daniel pointed out that 
GNUe was already dependant on an earlier version of glib. He would check 
<quote who="Daniel Baumann">exactly what systems it will compile on and 
work</quote>. Whilst end users wouldn't notice much difference, it would help 
developers - <quote who="Daniel Baumann">I am not doing my own OO glue crap 
in C and yes I like programming with objects</quote>.</p>

<p><a href="https://web.archive.org/web/20071111053452/http://www.gnuenterprise.org/irc-logs/gnue-public.log.17Nov2001">
The next day</a>, Daniel asked <quote who="Daniel Baumann">what 
would you think of business objects being parsed into GObjects?</quote>
This would allow objects to be updated <quote who="Daniel Baumann">on 
the fly</quote>, giving real inheritance. Reinhard was worried that 
GObject <quote who="Reinhard Müller">adds a lot of overhead</quote>, but 
would be interested to see Daniel's code.</p>

</section>


<section title="Irreversible implementation time decisions" subject="[gnue-discuss] Irreversible implementation time decisions" archive="http://lists.gnue.org/pipermail/gnue-discuss/2001-November/000322.html" posts="2" startdate="16 Nov 2001 23:31:06 -0800" enddate="17 Nov 2001 04:55:02 -0800">

<p>Alan Clifford asked if it was <quote who="Alan Clifford">a 
goal of GNU Enterprise</quote> to <strong>not</strong> require 
any irreversible implementation time decisions. Neil Tiffin said 
the aim was to provide as much flexibility as possible, but 
<quote who="Neil Tiffin">I doubt that we will be writing large 
sections of code just to eliminate implementation time decisions 
at this point.  Our goal is a fast, scaleable, object oriented, 
distributed server.</quote></p>

</section>


<section title="FSF copyright assignment and CVS access" subject="[gnue-geas] Method loading" archive="http://lists.gnue.org/pipermail/gnue-geas/2001-November/000316.html" posts="6" startdate="16 Nov 2001 17:37:11 -0800" enddate="17 Nov 2001 14:28:37 -0800">

<p>Michael Brown confirmed <quote who="Michael Brown">I 
have GEAS working with a mixture of python and
glibmodule methods loaded simultaneously.</quote> He asked 
how long FSF copyright assignment would take. 
Reinhard M&#252;ller said <quote who="Reinhard Müller">it 
usualy takes more than a week altogether</quote>, but he would 
ask Derek Neighbors to expediate. He would also like to list 
Michael's company as a project sponser. 
Derek Neighbors asked Michael to e-mail 
the patches - <quote who="Derek Neighbors">Generally we dont
give CVS access immediately even after assignment is done.</quote> 
Michael said he thought <quote who="Michael Brown">this sort of 
thing creates a <strong>huge</strong> barrier to attracting new 
developers</quote>. Derek also said copyright assignment was normally 
done by snail mail, but <quote who="Derek Neighbors">If we wanted to 
put a huge rush and you have a fax it could be arranged</quote>.
Michael supplied his fax number.</p>

</section>


<section title="Configuring GNUe Application Server for multiple methods" subject="[gnue-geas] Dynamic method loading" archive="http://lists.gnue.org/pipermail/gnue-geas/2001-November/000341.html" posts="3" startdate="17 Nov 2001 16:43:42 -0800" enddate="18 Nov 2001 07:54:25 -0800">

<topic>Application Server</topic>

<p>Neil Tiffin asked Reinhard M&#252;ller to 
<quote who="Neil Tiffin">look at modifying configure</quote>
to allow both python and C method support at the same time. 
Reinhard agreed - the <quote who="Reinhard Müller">default 
is to have both.  It is possible to configure with no 
method support at all, but then a warning is issued at the end 
of configuration</quote>.</p>

</section>


<section title="Dynamic method loading in GNUe Application Server" subject="[gnue-geas] Dynamic method loading" archive="http://lists.gnue.org/pipermail/gnue-geas/2001-November/000343.html" posts="18" startdate="17 Nov 2001 16:27:17 -0800" enddate="20 Nov 2001 11:55:49 -0800">

<topic>Application Server</topic>

<p>Michael Brown suggested that there should be 
<quote who="Michael Brown">two main types of dynamic method loading 
that we would like to support in GEAS</quote>:</p>

<ol>
<li>Fully dynamic - mainly used when debugging</li>
<li>Reload on demand - more suited for a live environment.</li> 
<li>Scheduled reloads - as a variation on 2.</li>
</ol>

<p>Instead of each method provider (python, glibmodule) checking all 
of the methods to see which ones it recognises, Michael 
<quote who="Michael Brown">would like to restructure this so that
methods.c does the &quot;scan for all methods&quot; part and then 
calls each provider in turn to say &quot;can you implement this 
method?&quot;.</quote> This would also reduce spurious error 
messages. He added <quote who="Michael Brown">It will also make it 
easier to add other method types in future</quote>.</p>

<p>Neil Tiffin said the <quote who="Neil Tiffin">code will need to 
support people that only configure one type</quote> of methods. 
Michael accepted this, but added <quote who="Michael Brown">the 
configure script <strong>MUST</strong> throw an error if an attempt 
is made to configure with support for no method types,</quote> as 
he was no longer checking for this.</p>

<p>Later, Daniel Baumann explained how the support for multiple 
types of methods at the same time would work. 
<quote who="Daniel Baumann">Basically a method call comes in you search the
cache for the method and the apporpriate method provider and load the
language plugin...if it is not there you interrogate the plugins and
update the cache.</quote> He later added <quote who="Daniel Baumann">this 
would be a nice time to switch to using GObject as the real 
solution here would be a lot nicer using inheritance</quote>. He 
concluded by discussing the issue of protection - 
<quote who="Daniel Baumann"> a bad method should
not bring down the whole server.</quote> Neil Tiffin agreed, and 
suggested several other issues on GEAS that needed resolving, but 
added <quote who="Neil Tiffin">These goals do not 
have to be achieved in the same code rewrite.</quote></p>

<p>In a seperate part of the discussion, Neil said that the priority 
now that both python and C methods were supported was probably to
<quote who="Neil Tiffin">rewrite query IDL, it does not meet the 
needs of forms and is too slow.</quote> Reinhard agreed, but 
said <quote who="Reinhard Müller">I would think that we should wait 
for the forms team to define their needs, before starting this.</quote>
But Michael said he would like to do dynamic method loading 
first, as it would be a real boon to him in testing new objects.</p>

</section>


<section title="Data Definition Languague (ddl) for GNUe" subject="[IRC] 19th November 2001" archive="http://www.gnuenterprise.org/irc-logs/gnue-public.log.19Nov2001" startdate="19 Nov 2001 00:00:00 -0800" enddate="19 Nov 2001 00:00:00 -0800">

<mention>Michael Dean</mention>

<p>Derek Neighbours (dneighbo) said <quote who="Derek Neighbors">
I wanted to make the db sample we distribute have a SQL script for each DB we 
support and thought it would be easier to use the ddl tool
than to hand write it :) and thought hmmm probably shoudl include this in gnue :)
as i want to do the 'inserts this way too'</quote>. Michael Dean (mdean) agreed. 
Derek said <quote who="Derek Neighbors">so 
now you do a db create script in xml and run a python program 
and it spits out db native script</quote>. James Thompson (jamest) was 
very, very enthusiastic about this. Derek said they already had style sheets 
for many databases - <quote who="Derek Neighbors">and creating a new one is as 
simple as copying exisitng style sheet</quote>. James asked 
<quote who="James Thompson">why not make a sql92 compliant one</quote>? 
Both Derek and Michael pointed out that there was no such thing as a fully 
compliant database, but Derek said <quote who="Derek Neighbors">I 
see your point, might make one that is sql92 compliant 
so in theory a bit of minor hacking might make it usable on your db</quote>.</p>

</section>


<section title="Plans for version 0.3.0" subject="[IRC] 19th November 2001" archive="http://www.gnuenterprise.org/irc-logs/gnue-public.log.19Nov2001" startdate="19 Nov 2001 00:00:00 -0800" enddate="19 Nov 2001 00:00:00 -0800">

<p>Following a discussion about getting GNUe into RedHat distributions, 
James Thompson said <quote who="James Thompson">I think we should wait for 
0.3.0 (ui rewrite) for that personally as it'd have more wow factor</quote>.
Jason explained that the User Interface rewrite would allow GNUe to
<quote who="Jason Cater">address the shortcommings in the current UI</quote>.
James said he wanted to <quote who="James Thompson">add dynamic positioning, 
menus, etc, etc [...] add curses, web, wxPython, gtk, qt ui drivers</quote> 
and thought <quote who="James Thompson">layout management would be nice</quote>. 
Daniel Baumann (chillywilly) said <quote who="Daniel Baumann">software 
is always a work in progress with various states of usability
and functionality</quote>. Derek Neighbours (dneighbo) said he 
<quote who="Derek Neighbors">often wonders though why spend time supporting 
ui's we already support or platforms we support i.e. I think its a good idea 
to make it easier to do so, but not necessary to do it, let someone come along 
and do it</quote>. James said it was a good way of stressing the design and it 
<quote who="James Thompson">weeds out lots of bugs</quote>. Derek agreed,
but stressed the need for <quote who="Derek Neighbors">distributable 
applications :(</quote>. GNUe should now be <quote who="Derek Neighbors">advancing 
other tools - integrator, reports, geas etc</quote>.</p>

</section>


<section title="DCL for Project Management using GNUe" subject="[IRC] 19th November 2001" archive="http://www.gnuenterprise.org/irc-logs/gnue-public.log.19Nov2001" startdate="19 Nov 2001 00:00:00 -0800" enddate="19 Nov 2001 00:00:00 -0800">

<topic>DCL</topic>

<p>Daniel Baumann (chillywilly) asked <quote who="Daniel Baumann">do 
you guys think that when GEAS is more usable that you could 
build a SF like system using web forms and GEAS?</quote>. Michael Dean
(mdean) said that was what DCL was - <quote who="Michael Dean">that's 
the plan - to make it a GNUe app</quote>. However, 
<quote who="Michael Dean">I have too many commitments to the PHP version 
to start on the GNUe stuff</quote> yet.</p>

</section>


<section title="Testing for Python" subject="[IRC] 20th November 2001" archive="http://www.gnuenterprise.org/irc-logs/gnue-public.log.20Nov2001" startdate="20 Nov 2001 00:00:00 -0800" enddate="20 Nov 2001 00:00:00 -0800">

<topic>Forms</topic>
<topic>Application Server</topic>

<mention>James Thompson</mention>

<p>Reinhard said <quote who="Reinhard Müller">writing 
a python test that works with python 1.5 through 2.2 and 
with different distros seems to be a hard task...</quote>
He said <quote who="Reinhard Müller">Once I have time
I will look at other project's tests - 
like the one from orbit-python seems to be quite good</quote>.
Derek Neighbors (derek) said <quote who="Derek Neighbors">
we lept to 2.x dependency in forms stuff - we probably should in geas 
as well</quote>. James Thompson (jamest) agreed.</p>

</section>


<section title="GNUe Workflow and Document Management" subject="[IRC] 20th November 2001" archive="http://www.gnuenterprise.org/irc-logs/gnue-public.log.20Nov2001" startdate="20 Nov 2001 00:00:00 -0800" enddate="20 Nov 2001 00:00:00 -0800">

<topic>Common</topic>
<topic>Doc Store</topic>

<p>Derek Neighbors (dneighbo) said 
<quote who="Derek Neighbors">the two auxillary things i want to 
see started are - workflow, document managment</quote>. These 
would link to virtually every other part of GNUe. 
For workflow notifications, <quote who="Derek Neighbors">
you could 'bolt' those into the form via triggers
but it wouldnt be the 'long' term solution</quote>.
Nick Rusnov (nickr) asked <quote who="Nick Rusnov">What 
sort of work should I do on the docustore if I pursue 
it?</quote> Derek said the key issue was ensuring any work done 
was <quote who="Derek Neighbors">completely GPL</quote>. Nick said 
<quote who="Nick Rusnov">I can work from the work I've done as long 
as the implimentation is independent</quote>. In terms of the 
specification, Derek said it <quote who="Derek Neighbors">should 
be tightly integrated into geas/forms/reports
(which should be a given IF its using common properly)</quote>.
Nick said he didn't want to tie the design a particular 
language - <quote who="Nick Rusnov">Its an interface spec so the 
language of the modules is irrelement</quote>. Derek agreed, and said 
that if the server used GNUe Common, people could 
<quote who="Derek Neighbors">any language and treat like a black box
</quote>. However, he though Nick would find it easier to use Python 
than C, as that was what GNUe Common used.</p>

<p>Nick said <quote who="Nick Rusnov">My main design issue now, 
though, is authentication and security</quote>. 
Derek said that document management could be useful 
<quote who="Derek Neighbors">even OUTSIDE security</quote>. Security needed to 
be a shared issue for the whole of GNUe - <quote who="Derek Neighbors">security 
and workflow are like the two things most everything will need to use</quote>. 
However, <quote who="Derek Neighbors">right now there is ZERO ZIP 
NIL document management stuff (that i have seen) for linux or free software in 
general</quote>. So this would be <quote who="Derek Neighbors">a HUGE win
even if basic or no security and basic or no workflow attached to it</quote>.
Even a basic <quote who="Derek Neighbors">yes you can log 
in or no you cant</quote> level of security would be a start, and this could 
then be developed further.</p>

</section>


<section title="GNUe Forms and Designer 0.1.0" subject="[IRC] 20th November 2001" archive="http://www.gnuenterprise.org/irc-logs/gnue-public.log.20Nov2001" startdate="20 Nov 2001 00:00:00 -0800" enddate="21 Nov 2001 00:00:00 -0800">

<topic>Forms</topic>
<topic>Designer</topic>

<p>James Thompson (jamest) said the 0.1.0 release would be 
<quote who="James Thompson">tonight or we die trying - 
all remaining bugs are left as is unless they prevent install</quote>
He said Jason Cater (jcater) <quote who="James Thompson">has a release 
blurb for the site done</quote>. The release had involved much more work than 
expected - Jason said <quote who="Jason Cater">designer basically underwent a 
1/3 rewrite in the last 3 days :)</quote>. James said they had 
<quote who="James Thompson">added setup.exe support to both products</quote>.
There were currently no RedHat rpms, but Jason said 
<quote who="Jason Cater">we perfected Win install :)</quote>. 
Andrew Mitchell (ajmitch) felt 
<quote who="Andrew Mitchell">rpms aren't essential, debs are</quote>.</p>

<p><a href="https://web.archive.org/web/20071111053452/http://www.gnuenterprise.org/irc-logs/gnue-public.log.21Nov2001">
The next day</a>, very early in the morning, James Thompson (jamest) said 
<quote who="James Thompson">it's official 0.1.0 is out</quote>. Jason 
Cater (jcater) said <quote who="Jason Cater">let the breakage begin</quote>.
He added <quote who="Jason Cater">this is a big milestone for us - 
this release was 4 months in the making :)</quote> Charles Rouzer 
(Mr_You) got the first bug report in - <quote who="Charles Rouzer">
File-&gt;Open in Designer</quote> but found a work-around. James said 
<quote who="James Thompson">our first bug submission was before we had links 
posted - that's scarry</quote>. After catching some sleep, James reported 
that there had been <quote who="James Thompson">209 downloads - no bug reports - 
hmmm, they must not be able to install it - 78 win32 downloads - 
~48000 hits on the site</quote>. Later, Derek updated that 
<quote who="Derek Neighbors">you realize that the freshmeat release, 
plus kernel cousin, plus eltoday story has at over 75,000 hits today 
:)</quote>.</p>

</section>


<section title="Whitespace in .gcd files" subject="[gnue-geas] Whitespace in .gcd files" archive="http://lists.gnue.org/pipermail/gnue-geas/2001-November/000362.html" posts="1" startdate="20 Nov 2001 12:29:36 -0800" enddate="20 Nov 2001 12:29:36 -0800">

<topic>Application Server</topic>

<p>Reinhard M&#252;ller said <quote who="Reinhard Müller">Currently, 
whitespace (as well as a comment) is ignored between two 
tokens, and is permitted in every possible token gap.</quote> 
He wanted to know if this was desirable.</p>

</section>


<section title="Problems configuring GNUe Application Server" subject="[gnue-geas] .autogen.sh problems" archive="http://lists.gnue.org/pipermail/gnue-geas/2001-November/000363.html" posts="4" startdate="20 Nov 2001 16:41:40 -0800" enddate="21 Nov 2001 11:41:26 -0800">

<topic>Application Server</topic>

<mention>Neil Tiffin</mention>

<p>Neil Tiffin reported problems with autogen.sh when trying to 
configure GNUe Application Server. Reinhard M&#252;ller said 
<quote who="Reinhard Müller">I am currently using older versions 
of automake and libtool</quote>, but would try it with the same 
versions that Neil was using. Later, he reported that part of 
the problem was that <quote who="Reinhard Müller">Automake 
1.5 has better checks than 1.4 :) - 
I fixed the Makefile.am's.</quote>. The rest of the problem 
<quote who="Reinhard Müller">is probably that you have updated 
libtool while still having old ltconfig file hanging around 
here</quote>.</p>

</section>


<section title="GNUe Application Server (GEAS) Strategy" subject="[IRC] 21st November 2001" archive="http://www.gnuenterprise.org/irc-logs/gnue-public.log.21Nov2001" startdate="21 Nov 2001 00:00:00 -0800" enddate="21 Nov 2001 00:00:00 -0800">

<topic>Application Server</topic>

<p>Michael Brown (mcb30) said he had <quote who="Michael Brown">
done some thinking about methods, geas and code-sharing</quote>
and had documented them at 
<a href="https://web.archive.org/web/20071111053452/http://www.fensystems.co.uk/geas-ideas.pdf">
http://www.fensystems.co.uk/geas-ideas.pdf</a> or 
<a href="https://web.archive.org/web/20071111053452/http://www.fensystems.co.uk/geas-ideas.tex">
http://www.fensystems.co.uk/geas-ideas.tex</a>. Later, Derek 
Neighbors (dneighbo) said the document was good - 
<quote who="Derek Neighbors">as we need specs for geas and how 
it will work with forms :)</quote> He added 
<quote who="Derek Neighbors">with some polish i think this document 
could be useful as 'the managers introduction to gnue'</quote>.</p>

<p>Later, Reinhard M&#252;ller said <quote who="Reinhard Müller">current 
state we see geas not providing lookup fields directly</quote>
and described his preferred way of acheiving the same effect. 
This meant that the object reference fields would be 
<quote who="Reinhard Müller">read-write</quote>. Michael asked 
<quote who="Michael Brown"> how do you use that through a non-OO 
interface</quote>? Reinhard said <quote who="Reinhard Müller">we 
can of course have 2 different interfaces - 
one providing a relational view and the other the oo view - 
but for the relational view i'm not sure for what we need geas anyway - 
and why not accessing the db directly for that</quote>. 
Michael asked whether the data interface in GNUe Forms treated  
the data as object-oriented or relational, and said 
<quote who="Michael Brown">I was thinking of the code that provides the 
data interface being part of gnue-common rather than just GEAS</quote>.
Reading further in the document, Reinhard said <quote who="Reinhard Müller">
i definitively like the idea of a single method language that 
is translated into whatever the method executer understands
[...] as long as i don't have to implement that :)</quote></p>

<p>He added <quote who="Reinhard Müller">2 tier and n tier were regarded as 
two complete different worlds once - and the distance between them seems to 
fade away</quote>. He was worried that if 2-tier became too similar to n-tier 
it would lose its simplicity ; if n-tier became too similar to 2-tier it would 
lose its power and scalability. 
Michael said <quote who="Michael Brown">I don't think that should happen, 
but it would be good to share code where possible</quote>. Reinhard said 
he felt at an emotional level <quote who="Reinhard Müller">that 
geas is in the process of loosing importance continously</quote>.
James Thompson (jamest) said <quote who="James Thompson">not 
at all - geas is the cornerstone of the n-tier gnue - we just want to 
gut it lots of it to put in a common lib</quote>. He had had similar issues 
with GNUe Forms/Designer, but <quote who="James Thompson">I took secret 
pleasure in watching gnuef distro size shrink [...] 
while some people boast 750,000 lines of code here I am hoping to make 
our code base smaller</quote>. Jason Cater (jcater) said 
<quote who="Jason Cater">I've always heard that a sign that a product 
is maturing is that it's code base starts shrinking instead of growing - 
of course, there's no way forms is mature :)</quote> Reinhard 
mentioned the old Chinese proverb - <quote who="Reinhard Müller">something 
is perfect not when there's nothing more to add
but when there's nothing more to take away.</quote></p>

<p>Derek said, although he agreed that more GEAS code 
should go into GNUe-Common, then <quote who="Derek Neighbors">
geas almost becomes a python application</quote>. He clarified 
that although a method in n-tier was similar to a stored database 
procedure in 2-tier, this wasn't how it should be implemented - 
this <quote who="Derek Neighbors">defeats MANY of the goals of geas</quote>.
He continued <quote who="Derek Neighbors">the 
MORE i think about things i think we shoudl be using xml</quote>
for GNUe class definitions, as it would make them human readable and
easy to convert to other formats - <quote who="Derek Neighbors">its 
as easy as writing a stylesheet</quote>. He pointed out that 
the Data Definition Language was already in XML for GEAS, and the 
intention was to move this into GNUe-Common as well.</p>

<p>Reinhard later said <quote who="Reinhard Müller">.gcd files are 
not xml [...] xml will be the interface between 2 systems but not between a 
system and a user</quote>. Derek explained that the XML would be 
<quote who="Derek Neighbors">the single source code that gets turned into 
db triggers/stored procs</quote>. This meant <quote who="Derek Neighbors">you 
end up with a nice clean .xsl file for each db implementation
and it serves better as an INDEPENDENT tool - 
part of the goal of GNUe is all tools work together or separately</quote>
XML of itself would probably not create any extra dependancies, as it
was needed for other parts of GNUe, notably Reporter.</p>

<p>Derek clarified what he personally needed from GEAS -
<quote who="Derek Neighbors">middleware that operates independently of the client 
or the datastorage - specifically, it allows for remote communications to both 
the client and the datastorage. It should allow for remote method invocation.</quote>
The key functionality would be:</p>

<ul>
<li>a. providing the client ONE api to deal with data and datastorage 
(this can be via objects or not)(storage abstarction can be part of geas or not)</li>
<li>b. provide way for client to store business rules for maximum reuse and 
portability (i.e. its not part of the storage(db) so its not 'vendor' specific)</li>
</ul>

<p>He explained <quote who="Derek Neighbors">part of b is getting rid of a vendor 
dependency (the norm for db triggers/procs) - the other part is making it so integrator, 
reports, etc can all use the same rules</quote>. 
Michael felt his ideas were very similar:</p>

<quote who="Michael Brown">
<ul>
<li>Aggregation of database backends. GEAS would provide a single 
&quot;virtual database&quot; in which the actual data might be spread 
over several different database backends (PostgreSQL, CVS, etc.).</li>
<li>Support for methods (i.e. business rules)</li>
</ul>
</quote>

<p>Derek said <quote who="Derek Neighbors">my 
big hang up was making methods storedprocs/triggers in the db</quote>
- this would make it vendor-specific, but might give big performance gains.
Part of the GNUe philosphy is that you should not have to learn another 
computer languague to make it fit your needs.</p>

</section>


<section title="Multi-project IRC planning session" subject="[IRC] 21st November 2001" archive="http://www.gnuenterprise.org/irc-logs/gnue-public.log.21Nov2001" startdate="21 Nov 2001 00:00:00 -0800" enddate="21 Nov 2001 00:00:00 -0800">

<mention>Nick Rusnov</mention>

<p>Derek Neighbors (dneighbo) announced 
<quote who="Derek Neighbors">dotgnu, gnue, gnucomm, dcl, phpgroupware</quote> 
were looking to have a structured private IRC session to discuss joint issues. 
Charles Rouzer (Mr_You) suggested <quote who="Charles Rouzer">why not open 
moderated IRC?</quote> Charles and Nick Rusnov (nickr) explained how this 
worked. Derek said the <quote who="Derek Neighbors">tenative schedule is 
for 9pm EST monday</quote>.</p>

</section>

</kc>

<!--
     FILE ARCHIVED ON 05:34:52 Nov 11, 2007 AND RETRIEVED FROM THE
     INTERNET ARCHIVE ON 09:30:19 Dec 05, 2018.
     JAVASCRIPT APPENDED BY WAYBACK MACHINE, COPYRIGHT INTERNET ARCHIVE.

     ALL OTHER CONTENT MAY ALSO BE PROTECTED BY COPYRIGHT (17 U.S.C.
     SECTION 108(a)(3)).
-->
<!--
playback timings (ms):
  LoadShardBlock: 123.775 (3)
  esindex: 0.009
  captures_list: 137.736
  CDXLines.iter: 9.974 (3)
  PetaboxLoader3.datanode: 129.264 (4)
  exclusion.robots: 0.339
  exclusion.robots.policy: 0.324
  RedisCDXSource: 0.549
  load_resource: 61.624
-->