<?xml version="1.0" ?>

<script src="//archive.org/includes/analytics.js?v=cf34f82" type="text/javascript"></script>
<script type="text/javascript">window.addEventListener('DOMContentLoaded',function(){var v=archive_analytics.values;v.service='wb';v.server_name='wwwb-app58.us.archive.org';v.server_ms=340;archive_analytics.send_pageview({});});</script>
<script type="text/javascript" src="/static/js/ait-client-rewrite.js?v=1543384230.0" charset="utf-8"></script>
<script type="text/javascript">
WB_wombat_Init('https://web.archive.org/web', '20071111040128', 'www.kerneltraffic.org');
</script>
<script type="text/javascript" src="/static/js/wbhack.js?v=1543384230.0" charset="utf-8"></script>
<script type="text/javascript">
__wbhack.init('https://web.archive.org/web');
</script>
<link rel="stylesheet" type="text/css" href="/static/css/banner-styles.css?v=1543384230.0" />
<link rel="stylesheet" type="text/css" href="/static/css/iconochive.css?v=1543384230.0" />
<!-- End Wayback Rewrite JS Include -->
<!-- BEGIN WAYBACK TOOLBAR INSERT -->
<script type="text/javascript" src="/static/js/timestamp.js?v=1543384230.0" charset="utf-8"></script>
<script type="text/javascript" src="/static/js/graph-calc.js?v=1543384230.0" charset="utf-8"></script>
<script type="text/javascript" src="/static/js/auto-complete.js?v=1543384230.0" charset="utf-8"></script>
<script type="text/javascript" src="/static/js/toolbar.js?v=1543384230.0" charset="utf-8"></script>
<style type="text/css">
body {
  margin-top:0 !important;
  padding-top:0 !important;
  /*min-width:800px !important;*/
}
.wb-autocomplete-suggestions {
    text-align: left; cursor: default; border: 1px solid #ccc; border-top: 0; background: #fff; box-shadow: -1px 1px 3px rgba(0,0,0,.1);
    position: absolute; display: none; z-index: 2147483647; max-height: 254px; overflow: hidden; overflow-y: auto; box-sizing: border-box;
}
.wb-autocomplete-suggestion { position: relative; padding: 0 .6em; line-height: 23px; white-space: nowrap; overflow: hidden; text-overflow: ellipsis; font-size: 1.02em; color: #333; }
.wb-autocomplete-suggestion b { font-weight: bold; }
.wb-autocomplete-suggestion.selected { background: #f0f0f0; }
</style>
<div id="wm-ipp" lang="en" style="display:none;direction:ltr;">
<div style="position:fixed;left:0;top:0;right:0;">
<div id="wm-ipp-inside">
  <div style="position:relative;">
    <div id="wm-logo" style="float:left;width:130px;padding-top:10px;">
      <a href="/web/" title="Wayback Machine home page"><img src="/static/images/toolbar/wayback-toolbar-logo.png" alt="Wayback Machine" width="110" height="39" border="0" /></a>
    </div>
    <div class="r" style="float:right;">
      <div id="wm-btns" style="text-align:right;height:25px;">
                  <div id="wm-save-snapshot-success">success</div>
          <div id="wm-save-snapshot-fail">fail</div>
          <a href="#"
             onclick="__wm.saveSnapshot('http://www.kerneltraffic.org/GNUe/gnue20060417_112.xml', '20071111040128')"
             title="Share via My Web Archive"
             id="wm-save-snapshot-open"
          >
            <span class="iconochive-web"></span>
          </a>
          <a href="https://archive.org/account/login.php"
             title="Sign In"
             id="wm-sign-in"
          >
            <span class="iconochive-person"></span>
          </a>
          <span id="wm-save-snapshot-in-progress" class="iconochive-web"></span>
        	<a href="http://faq.web.archive.org/" title="Get some help using the Wayback Machine" style="top:-6px;"><span class="iconochive-question" style="color:rgb(87,186,244);font-size:160%;"></span></a>
	<a id="wm-tb-close" href="#close" onclick="__wm.h(event);return false;" style="top:-2px;" title="Close the toolbar"><span class="iconochive-remove-circle" style="color:#888888;font-size:240%;"></span></a>
      </div>
      <div id="wm-share" style="text-align:right;">
	<a href="#" onclick="window.open('https://www.facebook.com/sharer/sharer.php?u=https://web.archive.org/web/20071111040128/http://www.kerneltraffic.org/GNUe/gnue20060417_112.xml', '', 'height=400,width=600'); return false;" title="Share on Facebook" style="margin-right:5px;" target="_blank"><span class="iconochive-facebook" style="color:#3b5998;font-size:160%;"></span></a>
	<a href="#" onclick="window.open('https://twitter.com/intent/tweet?text=https://web.archive.org/web/20071111040128/http://www.kerneltraffic.org/GNUe/gnue20060417_112.xml&amp;via=internetarchive', '', 'height=400,width=600'); return false;" title="Share on Twitter" style="margin-right:5px;" target="_blank"><span class="iconochive-twitter" style="color:#1dcaff;font-size:160%;"></span></a>
      </div>
    </div>
    <table class="c" style="">
      <tbody>
	<tr>
	  <td class="u" colspan="2">
	    <form target="_top" method="get" action="/web/submit" name="wmtb" id="wmtb"><input type="text" name="url" id="wmtbURL" value="http://www.kerneltraffic.org/GNUe/gnue20060417_112.xml" onfocus="this.focus();this.select();" /><input type="hidden" name="type" value="replay" /><input type="hidden" name="date" value="20071111040128" /><input type="submit" value="Go" /></form>
	  </td>
	  <td class="n" rowspan="2" style="width:110px;">
	    <table>
	      <tbody>
		<!-- NEXT/PREV MONTH NAV AND MONTH INDICATOR -->
		<tr class="m">
		  <td class="b" nowrap="nowrap"><a href="https://web.archive.org/web/20061014092430/http://www.kerneltraffic.org/GNUe/gnue20060417_112.xml" title="14 Oct 2006"><strong>Oct</strong></a></td>
		  <td class="c" id="displayMonthEl" title="You are here: 04:01:28 Nov 11, 2007">NOV</td>
		  <td class="f" nowrap="nowrap"><a href="https://web.archive.org/web/20080517060151/http://www.kerneltraffic.org/GNUe/gnue20060417_112.xml" title="17 May 2008"><strong>May</strong></a></td>
		</tr>
		<!-- NEXT/PREV CAPTURE NAV AND DAY OF MONTH INDICATOR -->
		<tr class="d">
		  <td class="b" nowrap="nowrap"><a href="https://web.archive.org/web/20061014092430/http://www.kerneltraffic.org/GNUe/gnue20060417_112.xml" title="09:24:30 Oct 14, 2006"><img src="/static/images/toolbar/wm_tb_prv_on.png" alt="Previous capture" width="14" height="16" border="0" /></a></td>
		  <td class="c" id="displayDayEl" style="width:34px;font-size:24px;white-space:nowrap;" title="You are here: 04:01:28 Nov 11, 2007">11</td>
		  <td class="f" nowrap="nowrap"><a href="https://web.archive.org/web/20080517060151/http://www.kerneltraffic.org/GNUe/gnue20060417_112.xml" title="06:01:51 May 17, 2008"><img src="/static/images/toolbar/wm_tb_nxt_on.png" alt="Next capture" width="14" height="16" border="0" /></a></td>
		</tr>
		<!-- NEXT/PREV YEAR NAV AND YEAR INDICATOR -->
		<tr class="y">
		  <td class="b" nowrap="nowrap"><a href="https://web.archive.org/web/20061014092430/http://www.kerneltraffic.org/GNUe/gnue20060417_112.xml" title="14 Oct 2006"><strong>2006</strong></a></td>
		  <td class="c" id="displayYearEl" title="You are here: 04:01:28 Nov 11, 2007">2007</td>
		  <td class="f" nowrap="nowrap"><a href="https://web.archive.org/web/20170404030833/http://kerneltraffic.org/GNUe/gnue20060417_112.xml" title="04 Apr 2017"><strong>2017</strong></a></td>
		</tr>
	      </tbody>
	    </table>
	  </td>
	</tr>
	<tr>
	  <td class="s">
	    	    <div id="wm-nav-captures">
	      	      <a class="t" href="/web/20071111040128*/http://www.kerneltraffic.org/GNUe/gnue20060417_112.xml" title="See a list of every capture for this URL">5 captures</a>
	      <div class="r" title="Timespan for captures of this URL">14 Oct 2006 - 04 Apr 2017</div>
	      </div>
	  </td>
	  <td class="k">
	    <a href="" id="wm-graph-anchor">
	      <div id="wm-ipp-sparkline" title="Explore captures for this URL" style="position: relative">
		<canvas id="wm-sparkline-canvas" width="575" height="27" border="0"></canvas>
	      </div>
	    </a>
	  </td>
	</tr>
      </tbody>
    </table>
    <div style="position:absolute;bottom:0;right:2px;text-align:right;">
      <a id="wm-expand" class="wm-btn wm-closed" href="#expand" onclick="__wm.ex(event);return false;"><span id="wm-expand-icon" class="iconochive-down-solid"></span> <span style="font-size:80%">About this capture</span></a>
    </div>
  </div>
    <div id="wm-capinfo" style="border-top:1px solid #777;display:none; overflow: hidden">
            <div style="background-color:#666;color:#fff;font-weight:bold;text-align:center">COLLECTED BY</div>
    <div style="padding:3px;position:relative" id="wm-collected-by-content">
            <div style="display:inline-block;vertical-align:top;width:50%;">
			<span class="c-logo" style="background-image:url(https://archive.org/services/img/webwidecrawl);"></span>
		Organization: <a style="color:#33f;" href="https://archive.org/details/webwidecrawl" target="_new"><span class="wm-title">Internet Archive</span></a>
		<div style="max-height:75px;overflow:hidden;position:relative;">
	  <div style="position:absolute;top:0;left:0;width:100%;height:75px;background:linear-gradient(to bottom,rgba(255,255,255,0) 0%,rgba(255,255,255,0) 90%,rgba(255,255,255,255) 100%);"></div>
	  The Internet Archive discovers and captures web pages through many different web crawls.

At any given time several distinct crawls are running, some for months, and some every day or longer.

View the web archive through the <a href="http://archive.org/web/web.php">Wayback Machine</a>.
	</div>
	      </div>
      <div style="display:inline-block;vertical-align:top;width:49%;">
			<span class="c-logo" style="background-image:url(https://archive.org/services/img/aroundtheworldcrawl)"></span>
		<div>Collection: <a style="color:#33f;" href="https://archive.org/details/aroundtheworldcrawl" target="_new"><span class="wm-title">Around The World Crawl</span></a></div>
		<div style="max-height:75px;overflow:hidden;position:relative;">
	  <div style="position:absolute;top:0;left:0;width:100%;height:75px;background:linear-gradient(to bottom,rgba(255,255,255,0) 0%,rgba(255,255,255,0) 90%,rgba(255,255,255,255) 100%);"></div>
	  Data crawled by Sloan Foundation on behalf of Internet Archive
<br /><br />
	</div>
	      </div>
    </div>
    <div style="background-color:#666;color:#fff;font-weight:bold;text-align:center" title="Timestamps for the elements of this page">TIMESTAMPS</div>
    <div>
      <div id="wm-capresources" style="margin:0 5px 5px 5px;max-height:250px;overflow-y:scroll !important"></div>
      <div id="wm-capresources-loading" style="text-align:left;margin:0 20px 5px 5px;display:none"><img src="/static/images/loading.gif" alt="loading" /></div>
    </div>
  </div></div></div></div><script type="text/javascript">
__wm.bt(575,27,25,2,"web","http://www.kerneltraffic.org/GNUe/gnue20060417_112.xml","2007-11-11",1996);
</script>
<!-- END WAYBACK TOOLBAR INSERT --><kc>

<title>GNUe Traffic</title>

<editor contact="mailto:psu@burdonvale.co.uk">Peter Sullivan</editor>

<issue num="112" date="17 Apr 2006 00:00:00 -0800"/>

<headquote>

</headquote>


<intro>
  This covers the three main mailing lists for the 
  <a href="https://web.archive.org/web/20071111040128/http://www.gnuenterprise.org/">GNU Enterprise</a> 
  project, plus the #gnuenterprise IRC channel.
</intro>


<section title="Designer for Forms and Application Server" subject="[IRC] 12 Apr 2006" archive="http://www.gnuenterprise.org/irc-logs/gnue-public.log.2006-04-12" author="Peter Sullivan" contact="mailto:psu@burdonvale.co.uk" startdate="12 Apr 2006 12:00:00 -0800" enddate="12 Apr 2006 12:00:00 -0800">

<topic>Designer</topic>
<topic>Forms</topic>
<topic>Application Server</topic>

<p>Jan Ischebeck (siesel) asked <quote who="Jan Ischebeck">how 
is designer improving?</quote> Jason Cater (jcater) said 
<quote who="Jason Cater">it requires wx2.6 now - so the first 
change was getting it stable on 2.6. Then I stopped using GNUe 
Form's ui drivers to draw widgets in real-time on the layout 
canvas - I now draw my own objects on my own canvas object - 
this gave me a tremendous amount of control over the canvas - 
so things &quot;just work&quot; on it now - like rubberband 
boxes, etc. I also reworked the property editor - which as it 
turns out - was solely responsible for the 2+ second delay
between clicking on a widget, and having designer actually 
select that widget. Actually, that will be the extent of the 
changes before I declare designer &quot;stable&quot; again - 
but there's a lot of under the hood cleaning (comments, better 
variable naming, etc)</quote>.</p>

<p>Jan said that he was <quote who="Jan Ischebeck">thinking how 
to enable designer to create appserver designs</quote>, alongside 
its current role as a designer for Forms and Reports. Jason 
said he definantly wanted <quote who="Jason Cater">to tackle that 
after I get forms support stable again</quote> but he had not 
given much thought to how an Appserver Designer would actually 
work yet - it needed to be a tool for end users who were 
not programmers but who understood the business process they 
were trying to model.</p>

<p>For the current (Forms-related) version of Designer, Jason 
was <quote who="Jason Cater">not *that* far away from wanting 
alpha testers - if I can get in a couple of solid days of programming, 
I think it'd be where I want it at</quote>.</p>

</section>


<section title="Requerying on a commit in Forms" subject="[IRC] 12 Apr 2006" archive="http://www.gnuenterprise.org/irc-logs/gnue-public.log.2006-04-12" author="Peter Sullivan" contact="mailto:psu@burdonvale.co.uk" startdate="12 Apr 2006 12:00:00 -0800" enddate="14 Apr 2006 12:00:00 -0800">

<topic>Forms</topic>

<mention>Bajusz Tam&#0225;s</mention>

<p>Referring back to 
<kcref title="Behaviour of Clear button" subject="[IRC] 05 Apr 2006"/>, 
Reinhard M&#252;ller (reinhard) noted the consensus that 
<quote who="Reinhard Müller">it would be logical if after a commit the 
complete result set would be queried again</quote>, but added several 
further issues: <quote who="Reinhard Müller">1. actually the 
starting point was the &quot;undo&quot; function (that we 
came up with a different name afterwards), that this function should do the 
query again - it was me who extrapolated that to the commit - is this really 
desired to after commit see changes done by different users? and 2. doing the 
complete query again after commit would mean newly inserted records being 
sorted to the place they belong instead of the place they were originally 
inserted, so it would look to the user as if the record &quot;jumped&quot; 
to a different place</quote>. Also, <quote who="Reinhard Müller">3. what 
about those records that were inserted or changed in a way that they don't 
match the query? would they disappear after the commit?</quote>.</p>

<p>Jason Cater (jcater) noted that <quote who="Jason Cater">the last query 
is already saved</quote> since <quote who="Jason Cater">if you press the 
&quot;Query&quot; button twice, the previous query is brought back 
up</quote>, so users could re-run the query manually to see what had 
changed if they wanted to. On the more general issue, 
<quote who="Jason Cater">my personal feeling is in several key forms, my 
users will get disoriented if the resultset changes on them - but I can 
see where it would be useful/desirable too. Certainly it wouldn't be hard 
to add a requery-on-commit attribute to datasources or blocks (is there 
not one now?). But even then, the question becomes &quot;what is the 
default?&quot;</quote>.</p>

<p>James Thompson (jamest) said <quote who="James Thompson">what's the 
advantage to the requery of the whole result set? (other than it would make 
our record tracking and removal code go away :)</quote> But Jason was not 
sure of this last point - <quote who="Jason Cater">as even on requery, 
wouldn't you want it to still try to make a best-effort to go back to the 
same record</quote>? Reinhard said that the 
<quote who="Reinhard Müller">advantage would be that you see other records 
that other users have added meanwhile - or changes from other users - 
(current requery logic only requeries those records that had changes on 
commit)</quote>. James wondered <quote who="James Thompson">if that 
shouldn't be a separate feature - like in postgresql's case it allows 
you to register for notifications of table updates</quote>.</p>

<p>Reinhard was <quote who="Reinhard Müller">also interested in what you 
think about this &quot;revert&quot; function: should it revert to the 
original state of the db, or should it fetch changes from other transactions?
I think new records popping up on revert might not disorient as much as it 
would on commit</quote> but worried <quote who="Reinhard Müller">*sigh* 
why does it happen so often that I start implementing something and after 
that, I find out that I'm not even sure what exactly I want to 
implement...</quote>..</p>

<p><a href="https://web.archive.org/web/20071111040128/http://www.gnuenterprise.org/irc-logs/gnue-public.log.2006-04-14">Two 
days later</a>, Bajusz Tam&#0225;s (btami) explained that some of his users 
were having problems adjusting to using a legacy application, now 
translated to use GNUe Forms, because of the behaviour of the 'Clear' 
button. The 'clear' button threw away all changes since the last 
commit, not just on the current record. Also, it did not 
re-query the data, leaving the user looking at a blank form. 
Reinhard M&#252;ller (reinhard) noted that 
<quote who="Reinhard Müller">both issues are actually related 
to the &quot;undo&quot; function, and not to commit in any 
way</quote>. This meant that the behaviour of commit could 
stay as it was as of time of writing, avoiding some of the 
potential problems previously discussed. The main outstanding 
issue was whether the 'undo' function should 
<quote who="Reinhard Müller">revert to the state of the result 
set before any change was made - or should it refresh data 
from the backend - risking that, for example, the current 
record suddenly disappears because another user has just 
deleted it - or records &quot;jumping around&quot; because 
somebody changed a record in a way relevant for the sort 
order</quote>.</p>

</section>


<section title="Menu tags and triggers within Forms" subject="[IRC] 13 Apr 2006" archive="http://www.gnuenterprise.org/irc-logs/gnue-public.log.2006-04-13" author="Peter Sullivan" contact="mailto:psu@burdonvale.co.uk" startdate="13 Apr 2006 12:00:00 -0800" enddate="13 Apr 2006 12:00:00 -0800">

<topic>Forms</topic>

<p>Reinhard M&#252;ller (reinhard) noted that the &lt;menu&gt; tag 
<quote who="Reinhard Müller">seems to fulfill both fuctions: menu 
and menuitem - is that on purpose?</quote> James Thompson 
(jamest) confessed <quote who="James Thompson">not a lot was 
done in menus beyond playing around - there is a pretty complete 
dynamic menu system in designer fwiw - that I was going to rip out 
and put into common to replace the stuff started there</quote>.
Reinhard looked at this, and noted that it <quote who="Reinhard Müller">seems 
to deal with the UI creation for the menu - which leads to the question
- does the menu handling actually belong to common or to forms?</quote>
James thought that <quote who="James Thompson">the toolbar and menu 
logic for setting up menus belongs in common</quote>, or even in 
his new, proposed, GNUe Application Platform (GAP), as discussed in 
<kcref title="GNUe Application Platform to replace Navigator?" subject="[IRC] 27 Mar 2006"/> - 
<quote who="James Thompson">as it should be the same code in all 
our gui apps</quote>. It had been a while since he had looked at 
this code, but <quote who="James Thompson">i think the addFoo methods 
built a in memory representation of a menu - and then the finialize 
method mapped it to the UI widget set. what I was hoping for in common 
was a set of classes/methods that let us build a logical menu in 
memory</quote>. Just like a GNUe form definition, this would not 
be specific to any particular user interface. The idea would be that 
<quote who="James Thompson">the UI would register to listen for menu 
update events</quote>, thus completely isolating the menu logic from 
whatever user interface the user happened to be using.</p>

<p>Reinhard asked whether this would also apply to the 'standard' 
menu items that were actually part of the base Forms application, as well 
as to additional menu items defined by a forms developer. James 
thought so - this would mean that <quote who="James Thompson">1) a form 
could extend a menu or remove items or hide them via startup triggers 
- 2) it may be possible for an application like navigator to adjust 
it's menu dynamically based upon the forms loaded in memory</quote>. 
Reinhard understood - the issue then was whether to implement this as 
UI events or as function calls by the menu code - 
<quote who="Reinhard Müller">my experience 
so far is that events add complexity and eat performance</quote>. 
James agreed, and although he had been thinking originally in terms 
of events, could see no reason not to do this as function calls 
instead.</p>

<p>Reinhard liked James' idea of allowing triggers to be switched 
on and off. Jason Cater (jcater) wondered what should then 
happen <quote who="Jason Cater">if a disabled trigger is called
- does it just not run? - throw an exception?</quote> He felt the 
latter option might be better - it represented 
<quote who="Jason Cater">a developer error</quote>. James suggested
<quote who="James Thompson">you could flip optional processing 
on/off via a checkbox on a form via a trigger disabling another named 
trigger</quote>. Reinhard felt this was bad style - it was better 
to keep the trigger active, but make it 
<quote who="Reinhard Müller">check the value of the check box in the 
trigger code</quote> and simply do nothing if that was what was 
required.</p>

<p>Later, Reinhard added <quote who="Reinhard Müller">the more I 
think about menus and toolbars, the more I see them bound rather 
tightly to triggers - they will fire triggers, they will follow 
trigger's enabling/disabling ... they might even get label and help 
text from triggers (so a menu item and its corresponding toolbar 
button will get the same label/tooltip). So I'm starting to think if 
implementation of GMenu, GMenuItem and GToolButton would feel well 
in the logic/ subdirectory</quote>. Jason noted that 
<quote who="Jason Cater">fwiw, this is how designer does it - 
and how I was moving forms to do it</quote>. And user interface 
systems such as QT did something similar - 
<quote who="Jason Cater">except they all have &quot;Events&quot; 
instead of &quot;Triggers&quot;</quote> - <quote who="Jason Cater">so 
I think having one object that represents any type of such 
&quot;action&quot; makes sense</quote>. This would also automatically 
handle the different ways of selecting something in a typical graphical 
user interface - pressing a hot key, selecting a menu option or 
clicking a toolbar icon <quote who="Jason Cater">are all the same 
object - my only concern is are we overloading triggers too 
much</quote>. In particular, all of the GNUe Tools had the 
concept of triggers, but this more specific use of them 
<quote who="Jason Cater">for the menu/toolbar/ui stuff</quote>
really only made sense in <quote who="Jason Cater">forms (and maybe 
navigator)</quote>.</p>

<p>Jason and Reinhard swapped some sample XML to try to clarify 
what they each meant. Jason suggested <quote who="Jason Cater">what 
I now wish we had done (and might could still do without any 
breakage)</quote> was that triggers could just be stand-alone pieces 
of python code with a name, which could be called either by another 
trigger bound to an object (what GNUe had, up until now, considered a 
trigger) or called by an action. This would simplify Reinhard's 
suggested treatment of menu items, in that these would just be a 
specific type of action. </p>

<p>Reinhard set out the options - either <quote who="Reinhard Müller">a) 
a menu item has an ON-ACTIVATE trigger that is 
fired when the item is clicked, and that trigger is just a trigger 
like all other triggers, or b) there are &lt;action&gt;s, and a menu 
item is bound to an action, and gets info like icon, label, help text 
from that action element, and an action is, while in implementation 
closely related to a trigger, something completely different in 
philosophy. The more I think about it the more it seems to me these 
are diametral concepts.</quote>. Jason liked this 
second option - <quote who="Jason Cater">it seems like a clean 
distiction as far as the definition of our markup</quote>.</p>

</section>

<section title="Forms approaching version 1.0?" subject="[IRC] 13 Apr 2006" archive="http://www.gnuenterprise.org/irc-logs/gnue-public.log.2006-04-13" author="Peter Sullivan" contact="mailto:psu@burdonvale.co.uk" startdate="13 Apr 2006 12:00:00 -0800" enddate="13 Apr 2006 12:00:00 -0800">

<topic>Forms</topic>

<p>Jason Cater (jcater) asked <quote who="Jason Cater">how far are we 
featurewise from considering a 1.0 release</quote> for GNUe Forms. 
<quote who="Jason Cater">I only ask because I see so many projects 
where our 0.6 is comparable to their 1.6 or even 2.6</quote>. This 
made no difference to him, but it maybe affected 
others' willingness to use GNUe. Reinhard M&#252;ller (reinhard) 
said <quote who="Reinhard Müller">there is one psychological thing 
here for me - as long as we are 0.x I feel like having the right to 
break compatibility - as soon as we are 1.0 I think we morally have 
the obligation to stay compatible with every single feature or 
misfeature that is in the code. I seriously would like to see a 0.9 
or comparable being in use for &gt; 6 months without much happening - so 
we know it's stable enough</quote>, both in terms of bugs and in 
terms of not needing new features that would break 
backward-compatability.</p>

</section>


<section title="Trigger namespace in Forms" subject="[IRC] 14 Apr 2006" archive="http://www.gnuenterprise.org/irc-logs/gnue-public.log.2006-04-14" author="Peter Sullivan" contact="mailto:psu@burdonvale.co.uk" startdate="14 Apr 2006 12:00:00 -0800" enddate="15 Apr 2006 12:00:00 -0800">

<topic>Forms</topic>

<p>Reinhard M&#252;ller (reinhard) noted that 
<quote who="Reinhard Müller">each object in the trigger 
namespace has a _parent property - do you make use of that 
in any way?</quote> James Thompson (jamest) said that he 
did not use this when coding his triggers - 
<quote who="James Thompson">i believe i always use absolute 
reference from form</quote> in the format 
<quote who="James Thompson">form.block.field</quote>. 
Reinhard also asked <quote who="Reinhard Müller">I 
figure that you also don't make use of the _object property 
of trigger objects that let you directly access the GObj 
object that should actually be hidden behind it</quote>. 
James confirmed this - he personally had never 
been keen on this, but it had been <quote who="James Thompson">added 
for papo folks</quote>, as previously discussed in several threads, including 
<kcref title="Project PAPO and GNUe" subject="[IRC] 02 Jan 2003"/>.
</p>

<p>James explained that <quote who="James Thompson">i see the trigger 
namespace as ideally being a restricted python environment with 
control over imports</quote>, with code for triggers 
<quote who="James Thompson">having no access to the GObjs, only to 
instances of the class that implements the namespace representation 
of that object in the trigger</quote>. He added 
<quote who="James Thompson">there is a class that maps a var name 
in the trigger to an object - and controlls access to that object 
via the exposed properties - methods, etc</quote>. Reinhard 
identified this as <quote who="Reinhard Müller">GObjNamespace - 
exactly the class I'm cleaning up</quote> as of time of writing - 
<quote who="Reinhard Müller">thus all these questions</quote>.</p>

<p><a href="https://web.archive.org/web/20071111040128/http://www.gnuenterprise.org/irc-logs/gnue-public.log.2006-04-15">The 
next day</a>, Reinhard noted that, previously, <quote who="Reinhard Müller">any 
trigger got a copy of the __dict__ of the &quot;self&quot; object into its local 
namespace - so for a block trigger, you could do either self.firstRecord() or 
just firstRecord(). I removed that as I considered it a bug, but now I'm not 
sure if it is wanted behaviour. In any case I don't like it very much as it 
allows for sloppy programming - and it will most probably hurt the &quot;support 
for self in named triggers&quot; todo item. Anyway, if anybody knows some 
background why this was done, I'd be happy to know :)</quote></p>

</section>


</kc><!--
     FILE ARCHIVED ON 04:01:28 Nov 11, 2007 AND RETRIEVED FROM THE
     INTERNET ARCHIVE ON 09:22:34 Dec 05, 2018.
     JAVASCRIPT APPENDED BY WAYBACK MACHINE, COPYRIGHT INTERNET ARCHIVE.

     ALL OTHER CONTENT MAY ALSO BE PROTECTED BY COPYRIGHT (17 U.S.C.
     SECTION 108(a)(3)).
-->
<!--
playback timings (ms):
  LoadShardBlock: 180.677 (3)
  esindex: 0.009
  captures_list: 202.035
  CDXLines.iter: 15.131 (3)
  PetaboxLoader3.datanode: 215.41 (4)
  exclusion.robots: 0.322
  exclusion.robots.policy: 0.307
  RedisCDXSource: 2.936
  PetaboxLoader3.resolve: 51.043 (2)
  load_resource: 113.198
-->