<?xml version="1.0" ?>

<script src="//archive.org/includes/analytics.js?v=cf34f82" type="text/javascript"></script>
<script type="text/javascript">window.addEventListener('DOMContentLoaded',function(){var v=archive_analytics.values;v.service='wb';v.server_name='wwwb-app23.us.archive.org';v.server_ms=171;archive_analytics.send_pageview({});});</script>
<script type="text/javascript" src="/static/js/ait-client-rewrite.js?v=1543384230.0" charset="utf-8"></script>
<script type="text/javascript">
WB_wombat_Init('https://web.archive.org/web', '20071111054450', 'www.kerneltraffic.org');
</script>
<script type="text/javascript" src="/static/js/wbhack.js?v=1543384230.0" charset="utf-8"></script>
<script type="text/javascript">
__wbhack.init('https://web.archive.org/web');
</script>
<link rel="stylesheet" type="text/css" href="/static/css/banner-styles.css?v=1543384230.0" />
<link rel="stylesheet" type="text/css" href="/static/css/iconochive.css?v=1543384230.0" />
<!-- End Wayback Rewrite JS Include -->
<!-- BEGIN WAYBACK TOOLBAR INSERT -->
<script type="text/javascript" src="/static/js/timestamp.js?v=1543384230.0" charset="utf-8"></script>
<script type="text/javascript" src="/static/js/graph-calc.js?v=1543384230.0" charset="utf-8"></script>
<script type="text/javascript" src="/static/js/auto-complete.js?v=1543384230.0" charset="utf-8"></script>
<script type="text/javascript" src="/static/js/toolbar.js?v=1543384230.0" charset="utf-8"></script>
<style type="text/css">
body {
  margin-top:0 !important;
  padding-top:0 !important;
  /*min-width:800px !important;*/
}
.wb-autocomplete-suggestions {
    text-align: left; cursor: default; border: 1px solid #ccc; border-top: 0; background: #fff; box-shadow: -1px 1px 3px rgba(0,0,0,.1);
    position: absolute; display: none; z-index: 2147483647; max-height: 254px; overflow: hidden; overflow-y: auto; box-sizing: border-box;
}
.wb-autocomplete-suggestion { position: relative; padding: 0 .6em; line-height: 23px; white-space: nowrap; overflow: hidden; text-overflow: ellipsis; font-size: 1.02em; color: #333; }
.wb-autocomplete-suggestion b { font-weight: bold; }
.wb-autocomplete-suggestion.selected { background: #f0f0f0; }
</style>
<div id="wm-ipp" lang="en" style="display:none;direction:ltr;">
<div style="position:fixed;left:0;top:0;right:0;">
<div id="wm-ipp-inside">
  <div style="position:relative;">
    <div id="wm-logo" style="float:left;width:130px;padding-top:10px;">
      <a href="/web/" title="Wayback Machine home page"><img src="/static/images/toolbar/wayback-toolbar-logo.png" alt="Wayback Machine" width="110" height="39" border="0" /></a>
    </div>
    <div class="r" style="float:right;">
      <div id="wm-btns" style="text-align:right;height:25px;">
                  <div id="wm-save-snapshot-success">success</div>
          <div id="wm-save-snapshot-fail">fail</div>
          <a href="#"
             onclick="__wm.saveSnapshot('http://www.kerneltraffic.org/GNUe/gnue20030524_82.xml', '20071111054450')"
             title="Share via My Web Archive"
             id="wm-save-snapshot-open"
          >
            <span class="iconochive-web"></span>
          </a>
          <a href="https://archive.org/account/login.php"
             title="Sign In"
             id="wm-sign-in"
          >
            <span class="iconochive-person"></span>
          </a>
          <span id="wm-save-snapshot-in-progress" class="iconochive-web"></span>
        	<a href="http://faq.web.archive.org/" title="Get some help using the Wayback Machine" style="top:-6px;"><span class="iconochive-question" style="color:rgb(87,186,244);font-size:160%;"></span></a>
	<a id="wm-tb-close" href="#close" onclick="__wm.h(event);return false;" style="top:-2px;" title="Close the toolbar"><span class="iconochive-remove-circle" style="color:#888888;font-size:240%;"></span></a>
      </div>
      <div id="wm-share" style="text-align:right;">
	<a href="#" onclick="window.open('https://www.facebook.com/sharer/sharer.php?u=https://web.archive.org/web/20071111054450/http://www.kerneltraffic.org/GNUe/gnue20030524_82.xml', '', 'height=400,width=600'); return false;" title="Share on Facebook" style="margin-right:5px;" target="_blank"><span class="iconochive-facebook" style="color:#3b5998;font-size:160%;"></span></a>
	<a href="#" onclick="window.open('https://twitter.com/intent/tweet?text=https://web.archive.org/web/20071111054450/http://www.kerneltraffic.org/GNUe/gnue20030524_82.xml&amp;via=internetarchive', '', 'height=400,width=600'); return false;" title="Share on Twitter" style="margin-right:5px;" target="_blank"><span class="iconochive-twitter" style="color:#1dcaff;font-size:160%;"></span></a>
      </div>
    </div>
    <table class="c" style="">
      <tbody>
	<tr>
	  <td class="u" colspan="2">
	    <form target="_top" method="get" action="/web/submit" name="wmtb" id="wmtb"><input type="text" name="url" id="wmtbURL" value="http://www.kerneltraffic.org/GNUe/gnue20030524_82.xml" onfocus="this.focus();this.select();" /><input type="hidden" name="type" value="replay" /><input type="hidden" name="date" value="20071111054450" /><input type="submit" value="Go" /></form>
	  </td>
	  <td class="n" rowspan="2" style="width:110px;">
	    <table>
	      <tbody>
		<!-- NEXT/PREV MONTH NAV AND MONTH INDICATOR -->
		<tr class="m">
		  <td class="b" nowrap="nowrap"><a href="https://web.archive.org/web/20050212035710/http://www.kerneltraffic.org:80/GNUe/gnue20030524_82.xml" title="12 Feb 2005"><strong>Feb</strong></a></td>
		  <td class="c" id="displayMonthEl" title="You are here: 05:44:50 Nov 11, 2007">NOV</td>
		  <td class="f" nowrap="nowrap">Dec</td>
		</tr>
		<!-- NEXT/PREV CAPTURE NAV AND DAY OF MONTH INDICATOR -->
		<tr class="d">
		  <td class="b" nowrap="nowrap"><a href="https://web.archive.org/web/20050212035710/http://www.kerneltraffic.org:80/GNUe/gnue20030524_82.xml" title="03:57:10 Feb 12, 2005"><img src="/static/images/toolbar/wm_tb_prv_on.png" alt="Previous capture" width="14" height="16" border="0" /></a></td>
		  <td class="c" id="displayDayEl" style="width:34px;font-size:24px;white-space:nowrap;" title="You are here: 05:44:50 Nov 11, 2007">11</td>
		  <td class="f" nowrap="nowrap"><img src="/static/images/toolbar/wm_tb_nxt_off.png" alt="Next capture" width="14" height="16" border="0" /></td>
		</tr>
		<!-- NEXT/PREV YEAR NAV AND YEAR INDICATOR -->
		<tr class="y">
		  <td class="b" nowrap="nowrap"><a href="https://web.archive.org/web/20050212035710/http://www.kerneltraffic.org:80/GNUe/gnue20030524_82.xml" title="12 Feb 2005"><strong>2005</strong></a></td>
		  <td class="c" id="displayYearEl" title="You are here: 05:44:50 Nov 11, 2007">2007</td>
		  <td class="f" nowrap="nowrap">2008</td>
		</tr>
	      </tbody>
	    </table>
	  </td>
	</tr>
	<tr>
	  <td class="s">
	    	    <div id="wm-nav-captures">
	      	      <a class="t" href="/web/20071111054450*/http://www.kerneltraffic.org/GNUe/gnue20030524_82.xml" title="See a list of every capture for this URL">4 captures</a>
	      <div class="r" title="Timespan for captures of this URL">13 Jun 2003 - 11 Nov 2007</div>
	      </div>
	  </td>
	  <td class="k">
	    <a href="" id="wm-graph-anchor">
	      <div id="wm-ipp-sparkline" title="Explore captures for this URL" style="position: relative">
		<canvas id="wm-sparkline-canvas" width="575" height="27" border="0"></canvas>
	      </div>
	    </a>
	  </td>
	</tr>
      </tbody>
    </table>
    <div style="position:absolute;bottom:0;right:2px;text-align:right;">
      <a id="wm-expand" class="wm-btn wm-closed" href="#expand" onclick="__wm.ex(event);return false;"><span id="wm-expand-icon" class="iconochive-down-solid"></span> <span style="font-size:80%">About this capture</span></a>
    </div>
  </div>
    <div id="wm-capinfo" style="border-top:1px solid #777;display:none; overflow: hidden">
            <div style="background-color:#666;color:#fff;font-weight:bold;text-align:center">COLLECTED BY</div>
    <div style="padding:3px;position:relative" id="wm-collected-by-content">
            <div style="display:inline-block;vertical-align:top;width:50%;">
			<span class="c-logo" style="background-image:url(https://archive.org/services/img/webwidecrawl);"></span>
		Organization: <a style="color:#33f;" href="https://archive.org/details/webwidecrawl" target="_new"><span class="wm-title">Internet Archive</span></a>
		<div style="max-height:75px;overflow:hidden;position:relative;">
	  <div style="position:absolute;top:0;left:0;width:100%;height:75px;background:linear-gradient(to bottom,rgba(255,255,255,0) 0%,rgba(255,255,255,0) 90%,rgba(255,255,255,255) 100%);"></div>
	  The Internet Archive discovers and captures web pages through many different web crawls.

At any given time several distinct crawls are running, some for months, and some every day or longer.

View the web archive through the <a href="http://archive.org/web/web.php">Wayback Machine</a>.
	</div>
	      </div>
      <div style="display:inline-block;vertical-align:top;width:49%;">
			<span class="c-logo" style="background-image:url(https://archive.org/services/img/aroundtheworldcrawl)"></span>
		<div>Collection: <a style="color:#33f;" href="https://archive.org/details/aroundtheworldcrawl" target="_new"><span class="wm-title">Around The World Crawl</span></a></div>
		<div style="max-height:75px;overflow:hidden;position:relative;">
	  <div style="position:absolute;top:0;left:0;width:100%;height:75px;background:linear-gradient(to bottom,rgba(255,255,255,0) 0%,rgba(255,255,255,0) 90%,rgba(255,255,255,255) 100%);"></div>
	  Data crawled by Sloan Foundation on behalf of Internet Archive
<br /><br />
	</div>
	      </div>
    </div>
    <div style="background-color:#666;color:#fff;font-weight:bold;text-align:center" title="Timestamps for the elements of this page">TIMESTAMPS</div>
    <div>
      <div id="wm-capresources" style="margin:0 5px 5px 5px;max-height:250px;overflow-y:scroll !important"></div>
      <div id="wm-capresources-loading" style="text-align:left;margin:0 20px 5px 5px;display:none"><img src="/static/images/loading.gif" alt="loading" /></div>
    </div>
  </div></div></div></div><script type="text/javascript">
__wm.bt(575,27,25,2,"web","http://www.kerneltraffic.org/GNUe/gnue20030524_82.xml","2007-11-11",1996);
</script>
<!-- END WAYBACK TOOLBAR INSERT --><kc>

<title>GNUe Traffic</title>

<editor contact="mailto:psu@burdonvale.co.uk">Peter Sullivan</editor>

<issue num="82" date="24 May 2003 00:00:00 -0800"/>

<intro>
  This covers the three main mailing lists for the 
  <a href="https://web.archive.org/web/20071111054450/http://www.gnuenterprise.org/">GNU Enterprise</a> 
  project, plus the #gnuenterprise IRC channel.
</intro>


<section title="Debug version of GNUe Tools for Microsoft Windows" subject="[IRC] 15 May 2003" archive="http://www.gnuenterprise.org/irc-logs/gnue-public.log.15May2003" author="Peter Sullivan" contact="mailto:psu@burdonvale.co.uk" startdate="15 May 2003 04:00:00 -0800" enddate="15 May 2003 04:00:00 -0800">

<topic>Forms</topic>
<topic>Navigator</topic>
<topic>Reports</topic>

<mention>ra3vat</mention>

<p>A problem was reported trying to launch the GNUe Tools from the Windows 32 
set up package. It was asked if there would be any logs of problems found.
Bajusz Tam&#0225;s (btami) noted that there was a version of the GNUe Tools for 
Windows with python debugging switched on - he suggested downloading and 
installing this instead. He confirmed it was possible to run GNUe from 
the command line - <quote who="Bajusz Tamás">it has gnue-forms.exe in 
gnue-installed-dir\bin</quote>. wxPython was not needed if the native 
Windows 32 user interface driver was used with Forms, but this did not 
apply to Navigator and Reports, which were still wxPython-only on 
Windows as of time of writig. Dmitry Sorokin (ra3vat) asked how
<quote who="Dmitry Sorokin">up to date cvs snapshots on the 
website</quote> were. Tam&#0225;s said they 
<quote who="Bajusz Tamás">are hourly, i think - they are 
autogenerated</quote>.</p>

</section>


<section title="Mailmerge using GNUe Reports" subject="[IRC] 16 May 2003" archive="http://www.gnuenterprise.org/irc-logs/gnue-public.log.16May2003" author="Peter Sullivan" contact="mailto:psu@burdonvale.co.uk" startdate="16 May 2003 04:00:00 -0800" enddate="16 May 2003 04:00:00 -0800">

<topic>Reports</topic>

<p>It was asked whether there were any GNUe tools to create Microsoft 
Word documents. Jason Cater (jcater) siad <quote who="Jason Cater">we 
have an RTF merge feature that I use a lot - you create a template-like 
RTF file in word, or openoffice, etc and reports can populate that file 
(adding a page for each record, if appropriate) - and return that rtf. It 
doesn't deal with native .DOC format though</quote>. This should work on 
Microsoft Windows as well as GNU/Linux <quote who="Jason Cater">as it's 
just a python-based setup</quote>. This was part of the GNUe Reports 
tool, not Application Server - <quote who="Jason Cater">there are examples 
in reports/samples, I think</quote>. He explained <quote who="Jason Cater">you 
create an RTF file using your word processor of choice. Wherever you'd like 
a field substituted, just denote it as ::field:: - e.g., you might have
Dear ::firstname::,</quote>.</p>

</section>


<section title="Lines on page and merging tickets in DCL" subject="[IRC] 16 May 2003" archive="http://www.gnuenterprise.org/irc-logs/gnue-public.log.16May2003" author="Peter Sullivan" contact="mailto:psu@burdonvale.co.uk" startdate="16 May 2003 04:00:00 -0800" enddate="16 May 2003 04:00:00 -0800">

<topic>DCL</topic>

<p>Neil Tiffin (neilt) asked about Double Chocco Latte, the work 
ticket/task logging system that was part of the GNUe project - 
<quote who="Neil Tiffin">so what is the best way to figure out how DCL 
works so we can modify it?  The docs seem a bit sparse :)</quote> 
Daniel Baumann (chillywilly) suggested the 
<quote who="Daniel Baumann">getting started guide</quote> - 
<quote who="Daniel Baumann">that's what I used</quote>. Derek Neighbors 
(derek) said <quote who="Derek Neighbors">there is a developers guide that 
is quite nice</quote>.</p>

<p>Neil wanted to know how to <quote who="Neil Tiffin">make the ticket list 
display more than 15 lines?</quote> Derek said that, as a free software project, 
<quote who="Derek Neighbors">the best way is to ask - as we have lots</quote> 
of scheduled improvements, but were ameanable <quote who="Derek Neighbors">to 
up the schedule of things planned</quote> where there was specific user demand, 
or to accept submitted patches into the core product rather than force users 
<quote who="Derek Neighbors">to 'customize'</quote>. For Neil's specific 
problem, Derek noted that, where there were multiple pages of tickets, you 
could <quote who="Derek Neighbors">click on any of the 'column headings' - 
it should 'sort' by that column heading AND make it all in one page. /me 
noticed this didnt work on 0.9.1 - but had been working on prior 
releases</quote>. Neil noted <quote who="Neil Tiffin">it does not work in 
0.9.3 either</quote>.</p>

<p>Neil also needed <quote who="Neil Tiffin">a way to merge tickets 
together - is this planned</quote>? Derek said that the way he handled 
duplicate tickets was to close one of them, and in the "reason for closure" 
put a cross-reference to the other ticket in the format dcl://ticket/23423, 
which DCL would turn into a hyperlink to the other ticket. Neil said his 
problem was slightly different - <quote who="Neil Tiffin">we have one email 
address for all issue reports - because the email addr gets routed to 7 or 
8 people they reply - so we have many reponses to one issue</quote>. 
Derek suggested setting up the e-mail gateway so that any e-mails sent 
to the gateway's e-mail address <quote who="Derek Neighbors">gets a ticket 
made automagically - now 10 people can have 'watches' on that ticket - 
but if they respond to the ticket they should be logging to that 
ticket</quote>. Neil thought this sounded useful, as 
<quote who="Neil Tiffin">we are in transition, we have several management 
types that just want to respond to email and</quote> not 
<quote who="Neil Tiffin">get into the details of DCL</quote>. Derek said 
he had similar issues with some of his end users - 
<quote who="Derek Neighbors">and i am using an OLD version so can't use 
gateway just yet - so i can feel some of that pain</quote>. He felt 
<quote who="Derek Neighbors">the hardest part of something like dcl is 
getting people to use it - once you get them using it and fluent they 
scream bloody murder when you take it away</quote> Neil hoped so, 
<quote who="Neil Tiffin">we are only on Day 1 of using for production 
stuff</quote> as of time of writing.</p>

</section>


<section title="GNUe Small Business for sample *.gsd files" subject="[IRC] 17 May 2003" archive="http://www.gnuenterprise.org/irc-logs/gnue-public.log.17May2003" author="Peter Sullivan" contact="mailto:psu@burdonvale.co.uk" startdate="17 May 2003 04:00:00 -0800" enddate="17 May 2003 04:00:00 -0800">

<topic>Small Business</topic>
<topic>Common</topic>

<mention>Mike Vincent</mention>
<mention>Derek Neighbors</mention>
<mention>ra3vat</mention>

<p>John Lenton (Chipaca) asked <quote who="John Lenton">I'm looking for the 
gnue database schema definition language, where was that? was that ever finished?
we've been using our own (non-xml) language, and it's got to the point where xml 
really would be simpler to read - I'd *love* a dtd :)</quote>. Dmitry Sorokin 
(ra3vat) said he had <quote who="Dmitry Sorokin">never seen dtd for that</quote> 
but there were some sample *.gsd (GNUe Schema Defintion) files in the GNUe 
Small Business project's <a href="https://web.archive.org/web/20071111054450/http://savannah.gnu.org/projects/gnue-sb">CVS</a>. 
This had been <quote who="Dmitry Sorokin">discussed and improved a lot by</quote> 
Mike Vincent (Vee2d2) and Derek Neighbors (derek) <quote who="Dmitry Sorokin">before 
derek .. was buried with real life - item management were discussed a lot, i'm 
not sure it got into cvs</quote> - this was items in the sense of 
<quote who="Dmitry Sorokin">product we sell and/or stock</quote> rather than 
any computer-related meaning of "item."</p>

</section>


<section title="Project papo using GNUe Tools" subject="[IRC] 18 May 2003" archive="http://www.gnuenterprise.org/irc-logs/gnue-public.log.18May2003" author="Peter Sullivan" contact="mailto:psu@burdonvale.co.uk" startdate="18 May 2003 04:00:00 -0800" enddate="18 May 2003 04:00:00 -0800">

<p>John Lenton (Chipaca) confirmed that papo, <quote who="John Lenton">the 
application we developed with the gnue tools</quote>, was being used in 
production. It was an ERP (Enterprise Resource Planning) system, but was 
<quote who="John Lenton">still only useful to small businesses, 
however.</quote> This was different to the GNUe small business sub-project, 
which papo pre-dated, and was <quote who="John Lenton">focused on argentina, 
for now; latinamerica in the next year</quote>. It was open source, but 
<a href="https://web.archive.org/web/20071111054450/http://papo.vialibre.org.ar/">the website</a> and documentation was 
only in Spanish, even though <quote who="John Lenton">most of the dev is 
in english</quote>.</p>

</section>


<section title="GNUe *.rpms and official applications" subject="[IRC] 19 May 2003" archive="http://www.gnuenterprise.org/irc-logs/gnue-public.log.19May2003" author="Peter Sullivan" contact="mailto:psu@burdonvale.co.uk" startdate="19 May 2003 04:00:00 -0800" enddate="19 May 2003 04:00:00 -0800">

<topic>Financials (Accounting)</topic>
<topic>Small Business</topic>

<p>It was asked whether the GNUe Tools were available in *.rpm (RedHat package 
management) format for GNU/Linux. Dmitry Sorokin (dimas) noted that at
<quote who="Dmitry Sorokin"><a href="https://web.archive.org/web/20071111054450/http://home.attbi.com/~ejarvi/">
http://home.attbi.com/~ejarvi/</a> there are rpm's for latest release</quote>.
However, <quote who="Dmitry Sorokin">it is easy though to install from zip 
or tar.gz archive</quote>. There were no official GNUe applications released 
yet (such as Financials or Inventory), but <quote who="Dmitry Sorokin">you 
can look at <a href="https://web.archive.org/web/20071111054450/http://savannah.gnu.org/projects/gnue-sb">
savannah.gnu.org/projects/gnue-sb</a>as most advanced sample</quote>.</p>

</section>


<section title="Documentation and dependencies for GNUe" subject="[IRC] 19 May 2003" archive="http://www.gnuenterprise.org/irc-logs/gnue-public.log.19May2003" author="Peter Sullivan" contact="mailto:psu@burdonvale.co.uk" startdate="19 May 2003 04:00:00 -0800" enddate="19 May 2003 04:00:00 -0800">

<p>It was asked if there was a "getting started" type of document for GNUe. 
Dmitry Sorokin (dimas) pointed to the <quote who="Dmitry Sorokin">guide 
for forms and common</quote> at 
<a href="https://web.archive.org/web/20071111054450/http://www.gnuenterprise.org/~jcater/docs/forms/">
http://www.gnuenterprise.org/~jcater/docs/forms/</a> - 
<quote who="Dmitry Sorokin">the same docs should be in the /doc for 
correspondent module if you download/install</quote>.</p>

<p>Later, it was asked whether there was a definitive list of dependencies 
for all of the GNUe packages. James Thompson (jamest) said 
<quote who="James Thompson">our installers check for most 
dependencies</quote>.</p>

</section>


<section title="Preferred python driver for PostgreSQL" subject="[IRC] 19 May 2003" archive="http://www.gnuenterprise.org/irc-logs/gnue-public.log.19May2003" author="Peter Sullivan" contact="mailto:psu@burdonvale.co.uk" startdate="19 May 2003 04:00:00 -0800" enddate="19 May 2003 04:00:00 -0800">

<topic>Common</topic>

<p>For the recommended database driver, to allow the 
python that GNUe was written in to talk to the postgresql database, 
Jason Cater (jcater) said he personally used pypgsql as of time of 
writing - he had used psycopg <quote who="Jason Cater">for a long time, 
but recently ran into an issue with it - I forget exactly what the 
issue was - might have been date/time support</quote>.</p>

</section>


<section title="Developing alternative user interface drivers for GNUe" subject="[IRC] 19 May 2003" archive="http://www.gnuenterprise.org/irc-logs/gnue-public.log.19May2003" author="Peter Sullivan" contact="mailto:psu@burdonvale.co.uk" startdate="19 May 2003 04:00:00 -0800" enddate="19 May 2003 04:00:00 -0800">

<topic>Common</topic>

<p>Jan Ischebeck (siesel) had <quote who="Jan Ischebeck">a short gui 
question - do you think its better to put the whole form + notebook tabs 
into a scrollable area, or to have a scrollable area for each page?</quote>
Jason Cater (jcater) <quote who="Jason Cater">would think the latter</quote>. 
Jan agreed - he was doing the GTK2 user interface driver this way, in 
which case the (original) wxPython user interface driver should really be 
changed to match. He also asked to what extent <quote who="Jan Ischebeck">should 
we replace native gui functions (selection/cut paste) by gnue framework specific 
implementations?</quote> Jason felt <quote who="Jason Cater">only as much as 
necessary - but that turns out to be a good bit</quote>. Jan agreed - 
<quote who="Jan Ischebeck">yeah, its quite difficult to veto a focus 
request</quote>.</p>

<p>Later, James Thompson (jamest) asked Jan <quote who="James Thompson">you 
working on gtk?</quote> Jan replied <quote who="Jan Ischebeck">yes - 
menu and toolbar + key press events are working great, there are still some 
focus issues and the code for text size computation is missing</quote>, but 
otherwise he was making good progress.</p>

</section>


<section title="Multiple user interfaces for GNUe now supported on Microsoft Windows" subject="[IRC] 20 May 2003" archive="http://www.gnuenterprise.org/irc-logs/gnue-public.log.20May2003" author="Arturas Kriukovas" contact="mailto:arturas@gsk.vtu.lt" startdate="20 May 2003 04:00:00 -0800" enddate="20 May 2003 04:00:00 -0800">

<topic>Common</topic>
<topic>Forms</topic>

<p>Bajusz Tam&#0225;s (btami) said he had <quote who="Bajusz Tamás">4 
forms client running same time (gtk2,win32,qt,wx) on my XP box</quote> with 
the same forms file. The screenshot was available at: 
<a href="https://web.archive.org/web/20071111054450/http://www.gnuenterprise.org/~btami/forms-clients-on-XP.PNG">
http://www.gnuenterprise.org/~btami/forms-clients-on-XP.PNG</a>.</p>

<p>Later, Derek Neighbors (derek) noticed that the screenshot was 
<quote who="Derek Neighbors">great for 'demos'</quote> - 
<quote who="Derek Neighbors">1 form - 4 toolkits - 2 operating 
systems</quote> - <quote who="Derek Neighbors">GNUe the anti-lock-in 
remedy.</quote></p>

</section>


<section title="Database drivers for PostgreSQL in GNUe" subject="[IRC] 20 May 2003" archive="http://www.gnuenterprise.org/irc-logs/gnue-public.log.20May2003" author="Arturas Kriukovas" contact="mailto:arturas@gsk.vtu.lt" startdate="20 May 2003 04:00:00 -0800" enddate="20 May 2003 04:00:00 -0800">

<topic>Common</topic>

<mention>ra3vat</mention>

<p>Dmitry Sorokin (ra3vat) said he had <quote who="Dmitry Sorokin">faced the 
same problem with psycopg and timestamps you warned before</quote>. Dmitry was 
interested whether it was possible to <quote who="Dmitry Sorokin">omit referencing 
timestamp fields in update operator</quote>. James Thompson (jamest) said he had 
solved the problem by changing db driver (to popy). He had 
<quote who="James Thompson">not dug into it at all to see if it's an issue on our 
end of psycopg</quote>, though he didn't <quote who="James Thompson">recall 
anything in our psycopg driver that would cause this</quote>. Dmitry said that 
installing popy solved his problem too.</p>

</section>


<section title="DCL and GNUe - partner projects" subject="[IRC] 20 May 2003" archive="http://www.gnuenterprise.org/irc-logs/gnue-public.log.20May2003" author="Arturas Kriukovas" contact="mailto:arturas@gsk.vtu.lt" startdate="20 May 2003 04:00:00 -0800" enddate="20 May 2003 04:00:00 -0800">

<topic>DCL</topic>

<p>It was asked whether DCL was just a partner of the the gnuenterprise system, 
or whether it was fully integrated. Jason Cater (jcater) explained that 
<quote who="Jason Cater">right now we are more partner projects than anything. 
DCL is under the GNUe banner, but is its own code base and doesn't use GNUe 
tools, though some have used GNUe to do custom reports/forms for DCL 
iirc</quote>.</p>

</section>


<section title="Query techniques in GNUe Forms" subject="[IRC] 21 May 2003" archive="http://www.gnuenterprise.org/irc-logs/gnue-public.log.21May2003" author="Peter Sullivan" contact="mailto:psu@burdonvale.co.uk" startdate="21 May 2003 04:00:00 -0800" enddate="21 May 2003 04:00:00 -0800">

<topic>Forms</topic>

<p>It was asked how to do Query By Example in GNUe. Derek Neighbors (derek) 
said <quote who="Derek Neighbors">currently we do what we call 'in-line' 
queries</quote>, where users could <quote who="Derek Neighbors">click 
'prepare query' button</quote> and enter what data they knew, using SQL
wildcards like % and ?. <quote who="Derek Neighbors">we also have 'sloppy 
query' modes - so you wouldnt need to type the %. We plan on making 'filter' 
widgets - which i forsee as having QBE type wizard to narrow down record 
sets. Also i could see the in-line query methodolgy getting more robust - 
so power users could do some neat tricks</quote>. </p>

</section>

<section title="Connecting to databases with GNUe Tools" subject="[IRC] 21 May 2003" archive="http://www.gnuenterprise.org/irc-logs/gnue-public.log.21May2003" author="Arturas Kriukovas" contact="mailto:arturas@gsk.vtu.lt" startdate="21 May 2003 04:00:00 -0800" enddate="21 May 2003 04:00:00 -0800">

<topic>Common</topic>

<mention>Derek Neighbors</mention>

<p>It was asked why it was impossible to connect to a DB from Windows (although 
the same ODBC connection was accessable in OpenOfice 1.0). Derek Neighbors 
(derek) suspected the problems were due to one or more of :</p>

<ol>
<li>connections.conf is setup incorrectly or not being pointed to properly 
by the installer.</li>
<li>the needed driver was not included to install by the installer.</li>
<li>there is some problem with database not accepting connections (invalid 
permissions, not listening on tcp/ip ports, firewall/routing issues).</li>
</ol>

<p>There were no errors being reported by GNUe while trying to make a 
connection - it was suggested that using the alternative version of the 
Windows executable with python debugging turned on might produce some 
helpful error messages.</p> 

</section>

</kc><!--
     FILE ARCHIVED ON 05:44:50 Nov 11, 2007 AND RETRIEVED FROM THE
     INTERNET ARCHIVE ON 09:24:26 Dec 05, 2018.
     JAVASCRIPT APPENDED BY WAYBACK MACHINE, COPYRIGHT INTERNET ARCHIVE.

     ALL OTHER CONTENT MAY ALSO BE PROTECTED BY COPYRIGHT (17 U.S.C.
     SECTION 108(a)(3)).
-->
<!--
playback timings (ms):
  LoadShardBlock: 87.815 (3)
  esindex: 0.007
  captures_list: 103.23
  CDXLines.iter: 11.687 (3)
  PetaboxLoader3.datanode: 59.556 (4)
  exclusion.robots: 0.257
  exclusion.robots.policy: 0.245
  RedisCDXSource: 0.631
  PetaboxLoader3.resolve: 39.762 (2)
  load_resource: 44.013
-->