<?xml version="1.0" ?>

<script src="//archive.org/includes/analytics.js?v=cf34f82" type="text/javascript"></script>
<script type="text/javascript">window.addEventListener('DOMContentLoaded',function(){var v=archive_analytics.values;v.service='wb';v.server_name='wwwb-app42.us.archive.org';v.server_ms=2160;archive_analytics.send_pageview({});});</script>
<script type="text/javascript" src="/static/js/ait-client-rewrite.js?v=1543384230.0" charset="utf-8"></script>
<script type="text/javascript">
WB_wombat_Init('https://web.archive.org/web', '20071111035416', 'www.kerneltraffic.org');
</script>
<script type="text/javascript" src="/static/js/wbhack.js?v=1543384230.0" charset="utf-8"></script>
<script type="text/javascript">
__wbhack.init('https://web.archive.org/web');
</script>
<link rel="stylesheet" type="text/css" href="/static/css/banner-styles.css?v=1543384230.0" />
<link rel="stylesheet" type="text/css" href="/static/css/iconochive.css?v=1543384230.0" />
<!-- End Wayback Rewrite JS Include -->
<!-- BEGIN WAYBACK TOOLBAR INSERT -->
<script type="text/javascript" src="/static/js/timestamp.js?v=1543384230.0" charset="utf-8"></script>
<script type="text/javascript" src="/static/js/graph-calc.js?v=1543384230.0" charset="utf-8"></script>
<script type="text/javascript" src="/static/js/auto-complete.js?v=1543384230.0" charset="utf-8"></script>
<script type="text/javascript" src="/static/js/toolbar.js?v=1543384230.0" charset="utf-8"></script>
<style type="text/css">
body {
  margin-top:0 !important;
  padding-top:0 !important;
  /*min-width:800px !important;*/
}
.wb-autocomplete-suggestions {
    text-align: left; cursor: default; border: 1px solid #ccc; border-top: 0; background: #fff; box-shadow: -1px 1px 3px rgba(0,0,0,.1);
    position: absolute; display: none; z-index: 2147483647; max-height: 254px; overflow: hidden; overflow-y: auto; box-sizing: border-box;
}
.wb-autocomplete-suggestion { position: relative; padding: 0 .6em; line-height: 23px; white-space: nowrap; overflow: hidden; text-overflow: ellipsis; font-size: 1.02em; color: #333; }
.wb-autocomplete-suggestion b { font-weight: bold; }
.wb-autocomplete-suggestion.selected { background: #f0f0f0; }
</style>
<div id="wm-ipp" lang="en" style="display:none;direction:ltr;">
<div style="position:fixed;left:0;top:0;right:0;">
<div id="wm-ipp-inside">
  <div style="position:relative;">
    <div id="wm-logo" style="float:left;width:130px;padding-top:10px;">
      <a href="/web/" title="Wayback Machine home page"><img src="/static/images/toolbar/wayback-toolbar-logo.png" alt="Wayback Machine" width="110" height="39" border="0" /></a>
    </div>
    <div class="r" style="float:right;">
      <div id="wm-btns" style="text-align:right;height:25px;">
                  <div id="wm-save-snapshot-success">success</div>
          <div id="wm-save-snapshot-fail">fail</div>
          <a href="#"
             onclick="__wm.saveSnapshot('http://www.kerneltraffic.org/GNUe/gnue20020504_27.xml', '20071111035416')"
             title="Share via My Web Archive"
             id="wm-save-snapshot-open"
          >
            <span class="iconochive-web"></span>
          </a>
          <a href="https://archive.org/account/login.php"
             title="Sign In"
             id="wm-sign-in"
          >
            <span class="iconochive-person"></span>
          </a>
          <span id="wm-save-snapshot-in-progress" class="iconochive-web"></span>
        	<a href="http://faq.web.archive.org/" title="Get some help using the Wayback Machine" style="top:-6px;"><span class="iconochive-question" style="color:rgb(87,186,244);font-size:160%;"></span></a>
	<a id="wm-tb-close" href="#close" onclick="__wm.h(event);return false;" style="top:-2px;" title="Close the toolbar"><span class="iconochive-remove-circle" style="color:#888888;font-size:240%;"></span></a>
      </div>
      <div id="wm-share" style="text-align:right;">
	<a href="#" onclick="window.open('https://www.facebook.com/sharer/sharer.php?u=https://web.archive.org/web/20071111035416/http://www.kerneltraffic.org/GNUe/gnue20020504_27.xml', '', 'height=400,width=600'); return false;" title="Share on Facebook" style="margin-right:5px;" target="_blank"><span class="iconochive-facebook" style="color:#3b5998;font-size:160%;"></span></a>
	<a href="#" onclick="window.open('https://twitter.com/intent/tweet?text=https://web.archive.org/web/20071111035416/http://www.kerneltraffic.org/GNUe/gnue20020504_27.xml&amp;via=internetarchive', '', 'height=400,width=600'); return false;" title="Share on Twitter" style="margin-right:5px;" target="_blank"><span class="iconochive-twitter" style="color:#1dcaff;font-size:160%;"></span></a>
      </div>
    </div>
    <table class="c" style="">
      <tbody>
	<tr>
	  <td class="u" colspan="2">
	    <form target="_top" method="get" action="/web/submit" name="wmtb" id="wmtb"><input type="text" name="url" id="wmtbURL" value="http://www.kerneltraffic.org/GNUe/gnue20020504_27.xml" onfocus="this.focus();this.select();" /><input type="hidden" name="type" value="replay" /><input type="hidden" name="date" value="20071111035416" /><input type="submit" value="Go" /></form>
	  </td>
	  <td class="n" rowspan="2" style="width:110px;">
	    <table>
	      <tbody>
		<!-- NEXT/PREV MONTH NAV AND MONTH INDICATOR -->
		<tr class="m">
		  <td class="b" nowrap="nowrap"><a href="https://web.archive.org/web/20050418031636/http://www.kerneltraffic.org:80/GNUe/gnue20020504_27.xml" title="18 Apr 2005"><strong>Apr</strong></a></td>
		  <td class="c" id="displayMonthEl" title="You are here: 03:54:16 Nov 11, 2007">NOV</td>
		  <td class="f" nowrap="nowrap">Dec</td>
		</tr>
		<!-- NEXT/PREV CAPTURE NAV AND DAY OF MONTH INDICATOR -->
		<tr class="d">
		  <td class="b" nowrap="nowrap"><a href="https://web.archive.org/web/20050418031636/http://www.kerneltraffic.org:80/GNUe/gnue20020504_27.xml" title="03:16:36 Apr 18, 2005"><img src="/static/images/toolbar/wm_tb_prv_on.png" alt="Previous capture" width="14" height="16" border="0" /></a></td>
		  <td class="c" id="displayDayEl" style="width:34px;font-size:24px;white-space:nowrap;" title="You are here: 03:54:16 Nov 11, 2007">11</td>
		  <td class="f" nowrap="nowrap"><img src="/static/images/toolbar/wm_tb_nxt_off.png" alt="Next capture" width="14" height="16" border="0" /></td>
		</tr>
		<!-- NEXT/PREV YEAR NAV AND YEAR INDICATOR -->
		<tr class="y">
		  <td class="b" nowrap="nowrap"><a href="https://web.archive.org/web/20050418031636/http://www.kerneltraffic.org:80/GNUe/gnue20020504_27.xml" title="18 Apr 2005"><strong>2005</strong></a></td>
		  <td class="c" id="displayYearEl" title="You are here: 03:54:16 Nov 11, 2007">2007</td>
		  <td class="f" nowrap="nowrap">2008</td>
		</tr>
	      </tbody>
	    </table>
	  </td>
	</tr>
	<tr>
	  <td class="s">
	    	    <div id="wm-nav-captures">
	      	      <a class="t" href="/web/20071111035416*/http://www.kerneltraffic.org/GNUe/gnue20020504_27.xml" title="See a list of every capture for this URL">5 captures</a>
	      <div class="r" title="Timespan for captures of this URL">13 Jun 2003 - 11 Nov 2007</div>
	      </div>
	  </td>
	  <td class="k">
	    <a href="" id="wm-graph-anchor">
	      <div id="wm-ipp-sparkline" title="Explore captures for this URL" style="position: relative">
		<canvas id="wm-sparkline-canvas" width="575" height="27" border="0"></canvas>
	      </div>
	    </a>
	  </td>
	</tr>
      </tbody>
    </table>
    <div style="position:absolute;bottom:0;right:2px;text-align:right;">
      <a id="wm-expand" class="wm-btn wm-closed" href="#expand" onclick="__wm.ex(event);return false;"><span id="wm-expand-icon" class="iconochive-down-solid"></span> <span style="font-size:80%">About this capture</span></a>
    </div>
  </div>
    <div id="wm-capinfo" style="border-top:1px solid #777;display:none; overflow: hidden">
            <div style="background-color:#666;color:#fff;font-weight:bold;text-align:center">COLLECTED BY</div>
    <div style="padding:3px;position:relative" id="wm-collected-by-content">
            <div style="display:inline-block;vertical-align:top;width:50%;">
			<span class="c-logo" style="background-image:url(https://archive.org/services/img/webwidecrawl);"></span>
		Organization: <a style="color:#33f;" href="https://archive.org/details/webwidecrawl" target="_new"><span class="wm-title">Internet Archive</span></a>
		<div style="max-height:75px;overflow:hidden;position:relative;">
	  <div style="position:absolute;top:0;left:0;width:100%;height:75px;background:linear-gradient(to bottom,rgba(255,255,255,0) 0%,rgba(255,255,255,0) 90%,rgba(255,255,255,255) 100%);"></div>
	  The Internet Archive discovers and captures web pages through many different web crawls.

At any given time several distinct crawls are running, some for months, and some every day or longer.

View the web archive through the <a href="http://archive.org/web/web.php">Wayback Machine</a>.
	</div>
	      </div>
      <div style="display:inline-block;vertical-align:top;width:49%;">
			<span class="c-logo" style="background-image:url(https://archive.org/services/img/aroundtheworldcrawl)"></span>
		<div>Collection: <a style="color:#33f;" href="https://archive.org/details/aroundtheworldcrawl" target="_new"><span class="wm-title">Around The World Crawl</span></a></div>
		<div style="max-height:75px;overflow:hidden;position:relative;">
	  <div style="position:absolute;top:0;left:0;width:100%;height:75px;background:linear-gradient(to bottom,rgba(255,255,255,0) 0%,rgba(255,255,255,0) 90%,rgba(255,255,255,255) 100%);"></div>
	  Data crawled by Sloan Foundation on behalf of Internet Archive
<br /><br />
	</div>
	      </div>
    </div>
    <div style="background-color:#666;color:#fff;font-weight:bold;text-align:center" title="Timestamps for the elements of this page">TIMESTAMPS</div>
    <div>
      <div id="wm-capresources" style="margin:0 5px 5px 5px;max-height:250px;overflow-y:scroll !important"></div>
      <div id="wm-capresources-loading" style="text-align:left;margin:0 20px 5px 5px;display:none"><img src="/static/images/loading.gif" alt="loading" /></div>
    </div>
  </div></div></div></div><script type="text/javascript">
__wm.bt(575,27,25,2,"web","http://www.kerneltraffic.org/GNUe/gnue20020504_27.xml","2007-11-11",1996);
</script>
<!-- END WAYBACK TOOLBAR INSERT --><kc>

<title>GNUe Traffic</title>

<author contact="mailto:psu@manorcon.demon.co.uk">Peter Sullivan</author>

<issue num="27" date="03 May 2002 23:00:00 -0800"/>

<headquote>
&quot;<cite>I was just thinking about reports - 
I think we should randomly insert pages in reports
with the caption "This page intentionally left blank" - 
what do y'all think?</cite>&quot;
</headquote>

<intro>

<p>This Cousin covers the three main 
mailing lists for the GNU Enterprise project,
<a href="https://web.archive.org/web/20071111035416/http://mail.gnu.org/mailman/listinfo/gnue">gnue</a>, 
<a href="https://web.archive.org/web/20071111035416/http://mail.gnu.org/mailman/listinfo/gnue-dev">gnue-dev</a> and 
<a href="https://web.archive.org/web/20071111035416/http://mail.gnu.org/mailman/listinfo/gnue-announce">gnue-announce</a>.  
It also covers the #gnuenterprise IRC channel. A great deal of 
development discussion for this project goes on in IRC. You can find 
#gnuenterprise on irc.openprojects.net:6667, or you can review the 
<a href="https://web.archive.org/web/20071111035416/http://www.gnuenterprise.org/irc-logs/">logs</a>.
For more information about the GNU Enterprise project, see their 
home page at <a href="https://web.archive.org/web/20071111035416/http://www.gnuenterprise.org/">
http://www.gnuenterprise.org</a>.</p>

</intro>

<section title="Links between GNUe and DotGNU" subject="[Gnue-dev] Re: [DotGNU]GEASv2" archive="http://mail.gnu.org/pipermail/gnue-dev/2002-April/000095.html" posts="6" startdate="25 Apr 2002 02:58:05 -0800" enddate="25 Apr 2002 23:00:00 -0800">

<topic>Application Server</topic>
<topic>Common</topic>

<p>On 
<a href="https://web.archive.org/web/20071111035416/http://www.gnuenterprise.org/~psu/phpgw25Apr2002.html">#phpgroupware</a>,
Andrew Mitchell (ajmitch) 
suggested <quote who="Andrew Mitchell">we should try get more 
discussions between dotgnu, gnue, and phpgw? :)</quote>, suggesting 
<quote who="Andrew Mitchell">what do you think of a list for 
discussing cooperation between projects? cos i know that gnue &amp; 
dotgnu could share a lot, but don't speak much :)</quote> Gopal V. 
(t3rm1nat0r) suggested <quote who="Gopal V.">a group IRC meet on this</quote>. 
Andrew said he had seen David Sugar (dyfet) 
<quote who="Andrew Mitchell">(GNUe person &amp; DotGNU lead dude) on 
irc the other day</quote>. He added <quote who="Andrew Mitchell">norbert 
&amp; barry also know how i feel about this, i'll try &amp; get hold of 
them too</quote>. He suggested getting together 
<quote who="Andrew Mitchell">the webservices people &amp; 
other interested dotgnu members</quote>. David McWherter (dtm) said there 
had been a previous meeting, but <quote who="David McWherter">it was 
relatively brief and inconclusive except that for the ideas that phpgw 
should be ported to gnue, and/or phpgw should work alongside gnue via 
something like xmlrpc/soap.</quote> He noted 
<quote who="David McWherter">gnue intends to at least create its own core
groupware - because gnue's architecture is apparently highly robust and 
complete, because they have much higher level enterprise needs than phpgw's 
current workgroup-oriented target, and because phpgw is tied to 
implementation specifics such as php</quote>. Andrew felt this made it 
even more important <quote who="Andrew Mitchell">to get this crap sorted 
out before everyone goes off in their own incompatible direction 
:)</quote>. David McWherter agreed, but said he believed 
<quote who="David McWherter">mdean and derek will do so</quote>.</p> 

<p>Continuing 
<a href="https://web.archive.org/web/20071111035416/http://www.gnuenterprise.org/irc-logs/gnue-public.log.25Apr2002">on 
#gnuenterprise</a>, Andrew said <quote who="Andrew Mitchell">from what 
i know, an appserver is popular in webservices - see zope for example
- GEAS could be used in that regards, if we're allowed to make 
it generic enough for webservices (i think it should be)</quote>.
Reinhard M&#252;ller (reinhard) said his preference was 
<quote who="Reinhard Müller">design it like we need it for gnue - 
and if we have to extend it for dotgnu then see if it's worth - imho 
we have defined our primary goals like stability, speed, etc - and i'm 
not willing to give up any of these for compatibility for something 
not our primary goal</quote>. Andrew felt 
<quote who="Andrew Mitchell">we shouldn't need to with a good design 
:)</quote> David McWherter believed that <quote who="David McWherter">if 
a major GNU project such as dotgnu needs something it can reasonably 
deliver, such as an app server, then I think gnue should and would be 
willing to devote priority to meeting its needs.</quote>. Reinhard agreed, 
but commented that <quote who="Reinhard Müller">i've never seen a 
statement less specific than "it has to be more generic" :)</quote>. 
Andrew accepted this point - <quote who="Andrew Mitchell">that's why 
we want to find out what the needs are first ;)</quote></p>

<p>Later, Gopal (t3rmin4t0r) asked <quote who="Gopal V.">so 
where does the RPC come in ?</quote> Andrew quoted from the 
documentation - <quote who="Andrew Mitchell">Several GNUe tools 
require a platform- and implementation-independent means of 
communicating with other GNUe tools</quote>. Gopal 
asked <quote who="Gopal V.">how can I use gnue as of now for 
DotGNU ?</quote> Andrew noted that <quote who="Andrew Mitchell">we're 
redoing geas, rewriting it in python instead of C</quote>. This 
was <quote who="Andrew Mitchell">why i want input now, during the 
design stage :)</quote> Gopal went to download the GNUe
CVS for a look-see, although Andrew cautioned that the Application 
Server in particular, like parts of DotGNU, was not really usable 
yet.</p>

<p>David McWherter concluded <quote who="David McWherter">so i guess the primary 
result is that dotgnu wants an app server, so gnue has the option to 
jive its priorities with that.</quote> Daniel Baumann (chillywilly) 
said <quote who="Daniel Baumann">we need another meeting of the minds
or something</quote> Andrew said <quote who="Andrew Mitchell">i was 
mainly wanting to prod them into looking at gnurpc and geas since 
that is where the most overlap is</quote>. Later, Derek Neighbors 
(dneighbo) confirmed <quote who="Derek Neighbors">i THINK unless 
things have changed - 'their' rpc stuff is gnurpc - which is what 
is in our cvs :)</quote>. He added <quote who="Derek Neighbors">to 
my knowledge david sugar, bradley kuhn, myself, jason and others had 
<kcref title="The GNU Project - Meeting of the Minds" startdate="26 Nov 2001 00:00:00 -0800">a meeting</kcref> 
on this - it was determined we would all use XML-RPC to interoperate 
for right now - and that we would investigate RPC abstraction first 
in python - and if success was found - that dotGNU might look at 
making a portable implementation of that</quote>.</p>

<p>On the mailing lists, Asif Ali reviewed <kcref title="GNUe Application Server (GEAS) version 2 Discussion" startdate="28 Feb 2002 00:00:00 -0800"/> for possible use of the GNUe Application Server (GEAS) with DotGNU,
saying that he felt <quote who="Asif Ali">the challenge is to support the
two track approach and loosely coupled objects's performance tuning and
transactions over distributed architectures</quote>. He said that he didn't
think that GEAS version 1 was suitable for use by DotGNU, and <quote who="Asif Ali">unless goals arent well defined.. ..GEASv2 might also might
turn out to be a disaster..</quote>. Andrew Mitchell asked Asif to explain
his concerns.</p>

<p>Asif said his first issue was the use of CORBA, which he felt 
would be tough to implement, and the <quote who="Asif Ali">Use of other 
RPCs for communication</quote>. Reinhard M&#252;ller said that 
<quote who="Reinhard Müller">As the new GNUe Appserver will use the 
GNUe Common Library, different communication means will be usable, 
like XML-RPC.</quote> David Sugar also felt CORBA would be a mistake, 
but <quote who="David Sugar">if they could build the 
server so that it can use a plugin/wrapper for RPC services then it may 
not be so bad, because one might then be able to select at compile (or 
runtime) which RPC mechanisms to support, and which not to, based on your 
target use.  To do that is not impossible, but requires thinking a lot
more about the internal organization and abstraction between what the
RPC expects and how the service calls are implimented.</quote>.</p>

<p>Asif was also concerned about <quote who="Asif Ali">Support for 
both DotGNU based components (assemblies), webservices and java based 
components for reusability of objects at runtime.</quote> He 
explained that he saw a typical enterprise application as 
being <quote who="Asif Ali">a mish-mash of (a) DotGNU components 
(class libs) in the form of assemblies (b) loosely bound components 
like Webservices (c) EJB's if we are adding direct support for Java 
based components</quote> such as Enterprise Java Beans - 
<quote who="Asif Ali">if Java is implemented in DotGNU and bytecode 
generation is also possible as an added addition to IL..then (c) makes 
sense.</quote>. In this scenario, <quote who="Asif Ali">object 
reusability and distributed transactions across different types of 
components becomes very important.</quote> This was an issue that 
Microsoft .NET did not seem to be addressing. He would start to 
document some ideas on what a Application Server for DotGNU would 
need, to see how this fitted with what GNUe were already doing.
David Sugar felt that bridging <quote who="Dacid Sugar">a Python app 
server to Java might be interesting and challenging. Could GEAS invoke 
something like a bean?</quote>.</p>

<p>Earlier, David Sugar said he believed <quote who="David Sugar">there is 
a natural synergy between</quote> DotGNU and GNU Enterprise. 
<quote who="David Sugar">DotGNU could provide the framework and vehicle 
for extending GNUe into a webservice, and I think this is some place GNUe 
will need to eventually go.  Many of the things in GNUe, like invoice and 
supply chain management, general ledger, report generation, etc, are not 
"sexy" applications, but they are things at the core of and required for 
any enterprise, and being able to provide such services thru the web as 
well as locally could prove very useful</quote>, especially in the 
context of Business-to-Business (B2B) applications.</p>

<p><a href="https://web.archive.org/web/20071111035416/http://www.gnuenterprise.org/irc-logs/gnue-public.log.25Apr2002">on 
IRC</a>, Daniel asked whether Asif was looking to 
<quote who="Daniel Baumann">go a step further and make the app server 
support various environments?</quote> Andrew suggested 
<quote who="Andrew Mitchell">for a DotGNU-GEAS object loader, we could
wrap some of pnet/SEE in a shared lib &amp; python code, to make stuff
accessible</quote>. Daniel said he had been thinking 
<quote who="Daniel Baumann">we were going to do methods in other 
langs and that would the extent of it - but that proposition is 
intersting...</quote> Jason Cater (jcater) 
<quote who="Jason Cater">fears another case of over-complicating 
things</quote>. Andrew clarified that this would not be part of the 
core GNUe Application Server - <quote who="Andrew Mitchell">this'll 
be bloat we add later to a sleek, clean core :)</quote>. He felt that 
<quote who="Andrew Mitchell">with a decent structure they can work on 
that stuff while we get the base working right :)</quote>. Daniel 
said <quote who="Daniel Baumann">we should keep things in mind for 
reusability, but I don't want to freakin' make it the focus</quote>. 
Andrew said <quote who="Andrew Mitchell">i just wanted to keep these 
nice people in mind :)</quote> Daniel agreed.</p>

<p><a href="https://web.archive.org/web/20071111035416/http://www.gnuenterprise.org/irc-logs/gnue-public.log.26Apr2002">
The next day</a>, Gopal asked about 
<quote who="Gopal V.">XMLRPC support</quote>. 
James Thompson (jamest) explained that <quote who="James Thompson">gnurpc 
(working name) is an abstraction layer in our communication 
protocols</quote>, written in python - <quote who="James Thompson">that's 
where our usage of xmlrpc is being coded</quote>. Gopal 
hated CORBA, and wasn't keen on SOAP - he <quote who="Gopal V.">prefers 
XML for everything</quote>. James said <quote who="James Thompson">xml is 
nice but it's a little heavier on the wire IMHO - but we're all about 
options and xmlrpc is an option :)</quote>.</p>

</section>

<section title="Using XML for GNUe Class Definitions" subject="[Gnue-dev] GEAS (v2?)" archive="http://mail.gnu.org/pipermail/gnue-dev/2002-April/000101.html" posts="2" startdate="25 Apr 2002 19:08:06 -0800" enddate="25 Apr 2002 23:07:31 -0800">

<topic>Application Server</topic>

<p>Jason Felice asked <quote who="Jason Felice">Why are 
we not using XML</quote> for GNUe Class Definition 
(.gcd) files. Reinhard M&#252;ller said 
<quote who="Reinhard Müller">We were looking for a file 
format that's easy to author. Writing XML by hand is not 
efficient. However, as soon as we will have a visual designer,
the file format will be irrelevant. We will probably store 
the object definitions in the database and use XML to 
exchange them</quote>, as proposed in 
<kcref title="Object vs Relational Databases" startdate="02 Feb 2002 00:00:00 -0800"/></p>

</section>

<section title="Problems with triggers in Forms" subject="[IRC] 25 Apr 2002" archive="http://www.gnuenterprise.org/irc-logs/gnue-public.log.25Apr2002" startdate="24 Apr 2002 23:00:00 -0800" enddate="24 Apr 2002 23:00:00 -0800">

<topic>Forms</topic>

<p>Derek Neighbors (derek) was having problems with the PRE-COMMIT
trigger in Forms. He was trying to use it to pass the primary 
key from the master table to the detail table, but 
<quote who="Derek Neighbors">it definitely is passing 
null's</quote>. He was also having problems with the 
<quote who="Derek Neighbors">PreCommit and PreInsert</quote> 
triggers, and <quote who="Derek Neighbors">autoFill still 
isnt release reasdy :) - though jamest swears it works for 
him</quote>. The documentation on triggers had just been 
updated a few weeks ago, so some of these latest triggers 
were still undocumented as of time of writing. Jason 
pointed out that <quote who="Jason Cater">triggers were not 
"supported" prior to this next release - and most of the 
trigger code has been recently added</quote>, although 
<quote who="Jason Cater">we had "triggers" of some fashion 
or another the last few releases - but they were "proof of 
concept"</quote>. He confirmed they were looking to do a 
new release of Forms soon - <quote who="Jason Cater">and 
designer and reports and common</quote>.</p>

</section>

<section title="Record locking in Forms" subject="[IRC] 25 Apr 2002" archive="http://www.gnuenterprise.org/irc-logs/gnue-public.log.25Apr2002" startdate="24 Apr 2002 23:00:00 -0800" enddate="24 Apr 2002 23:00:00 -0800">

<topic>Forms</topic>
<topic>Common</topic>
<topic>Application Server</topic>

<p>Daniel Baumann (chillywilly) asked <quote who="Daniel Baumann">how 
does forms handle concurrency right now? like if 2 dudes were running 
the same form and modifying the same info</quote>? Jason Cater 
(jcater) said <quote who="Jason Cater">we would have the database lock 
the record being modified</quote>. In n-tier, where Forms was talking 
to the Application Server (GEAS) rather than directly to the database, 
it would be up to GEAS to do locking. Daniel agreed -
<quote who="Daniel Baumann">yea, geas should support an object locking 
mechanism like in the "Object" interface</quote>. He wondered 
<quote who="Daniel Baumann">what does the other guy see who doesn't 
lock the db? - he gets readonly values?</quote> Later, he added 
<quote who="Daniel Baumann">how much simultaneous access stuff have 
you guys tested? - do you get a phantom read? do you step on each 
others toes? what happes?</quote> Jason said 
<quote who="Jason Cater">it'd be a standard database error that gfclient 
would display - something like "Unable to reserve record for update"
would popup on your screen</quote>. However, you should still be able 
to <quote who="Jason Cater">read the record if it's locked</quote>.
He explained <quote who="Jason Cater">forms will (when we finish it) try 
to lock the record on the first keystroke you make that would modify it - 
if it can't lock then it wouldn't let you modify the record and issue a 
warning</quote>. Daniel liked the sound of this.</p>

<p>Earlier, Andrew Mitchell (ajmitch) asked what 
<quote who="Andrew Mitchell">if the db driver is too crap to provide 
proper locking?</quote> Jason felt that <quote who="Jason Cater">if 
someone chooses to use a crappy database - well, then, that's their 
decision</quote>. Andrew asked <quote who="Andrew Mitchell">is there 
a flatfile driver yet?</quote> Jason said <quote who="Jason Cater">no 
- but it's needed</quote>, adding <quote who="Jason Cater">I'd like to 
get one whipped up by the next-next release</quote>.</p>

<p>Daniel suggest that database drivers should emulate behaviour 
like row-locking <quote who="Daniel Baumann">if the db does not support 
it</quote>. Jason couldn't see how that would work unless 
<quote who="Jason Cater">they are on the same machine running under the 
same session</quote>. Later, Daniel felt <quote who="Daniel Baumann">now 
theoretically shouldn't a db abstraction layer support all 
features and provide emulation for those that don't support things or do you 
go with the common denominator? where do you draw the line?</quote> 
Jason agreed - <quote who="Jason Cater">for the most part, it's a common 
denominator - but all dbms' should support a minimum of features - 
if not, then they should be renamed to a "relational file system" - 
and not a "relational database"</quote>.</p>

</section>

<section title="Debian packages for GNUe" subject="[IRC] 27 Apr 2002" archive="http://www.gnuenterprise.org/irc-logs/gnue-public.log.27Apr2002" startdate="26 Apr 2002 23:00:00 -0800" enddate="26 Apr 2002 23:00:00 -0800">

<topic>Common</topic>
<topic>Forms</topic>

<p>Following on from <kcref title="Debian packages for GNUe and DCL" startdate="03 Apr 2002 23:00:00 -0800"/>, Nick Rusnov (nickr) said <quote who="Nick Rusnov">I have a few minutes to work on the packages for gnue now
- I was wondering what packages base depends on? or
recommends|suggests</quote>. Jason Cater (jcater) said that <quote who="Jason Cater">gnue-common</quote> was the effective "base" package - it
<quote who="Jason Cater">requires: python2.1,
python2.1-egenix-mxdatetime</quote>. He asked <quote who="Jason Cater">um,
what's the definition of "suggests" ? and "recommends"</quote>? Nick
explained <quote who="Nick Rusnov">Suggests are things that it'd be nice to
have but doesn't need to be useful - recommends are things that are not
required to use it but make it much better - like recommends would be whdere
you put db drivers</quote>. Jason thought that <quote who="Jason
Cater">python2.1-mysqldb and python2.1-psycopg should be in
recommends</quote>. Nick confirmed that GNUe Common could <quote who="Nick
Rusnov">build correctly without them installed and still support them if
they are installed?</quote> Jason thought the egenix-mxdatetime dependancy
was more problematic, as <quote who="Jason Cater">datetime will be
"required" for gnue-forms - but "recommended" for common - as I know forms
"needs" it - but I guess you're right, common doesn't</quote>. Nick
suggested <quote who="Nick Rusnov">it can still depend on it without having
a build-depend on it.</quote> Jason said that <quote who="Jason
Cater">gnue-common is a pure python play, so I don't think it "needs"
anything but python to "build"</quote>.</p>

<p>Nick asked <quote who="Nick Rusnov">is there any way to prevent 
setup from installing etc/ into etc? I can't install the sample conf 
files into /etc if eventually there'll be a debconf wizard to set 
that up or something - I have to put them in examples/</quote>. 
Jason said <quote who="Jason Cater">not at the moment</quote>,
but <quote who="Jason Cater">maybe you need to tell us what you need 
to do it "properly"</quote>. Nick suggested <quote who="Nick Rusnov">if 
setup stuck the etc/ stuff into etc/gnue/ I could just mv that 
down to usr/share/doc/gnue-common/examples/ - since you're using 
disttools it makes things really easy otherwise. As long as the prefix 
thing works correctly. Or if it didn't install etc at all that'd be 
easy too</quote>. He confirmed he was using python version 
<quote who="Nick Rusnov">2.1, snice that is the debian default I 
believe. or rather the 'official' version</quote>. Jason said 
<quote who="Jason Cater">it's a good "safe" version too - that's what 
we all do development with</quote>.</p>

<p>Nick noted that <quote who="Nick Rusnov">it sticks everything in 
usr/local</quote> and asked <quote who="Nick Rusnov">do you like 
hardcode usr/local into it?</quote> Jason said 
<quote who="Jason Cater">that's settable - although everything is 
still relative to a base directory i.e., gnue/ - I can hack around 
that if this is really causing a problem</quote>. He asked 
<quote who="Jason Cater">how do you want it installed - and I'll 
see what I can do real quick</quote>. Nick said 
<quote who="Nick Rusnov">alll the python libs should go in 
usr/lib/python$VERSION/gnue/ - all the images and stuff should go in 
usr/share - the docs and such can go wherever, I'll just move 
them</quote>. Jason noted <quote who="Jason Cater">the first one we 
fought hard to stop our setup from doing - as that's a bad no-no</quote>. 
It was <quote who="Jason Cater">great, for debian :) but we are more 
than debian - that's where our issue comes from</quote>. Nick wasn't 
aure why - <quote who="Nick Rusnov">makeing it fhs under the prefix 
would solve a host of problems with me but shouldn't really cause any 
for other platforms</quote>. Jason suggested <quote who="Jason Cater">I'm 
thinking of having a site.cfg that the scripts need to know the location 
of but it would contain pointers to the other directories</quote>. 
Nick said he would then need to tell the debian packages where to look 
to find this file, but that should not be too bad. 
<quote who="Nick Rusnov">once this is solved, the rest is 
easy</quote>.</p>

<p>Later, Jason asked <quote who="Jason Cater">do you have a 
build/install script or something that calls our setup.py?</quote> 
Nick explained <quote who="Nick Rusnov">from a makefile I call 
python2.1 setup.py build and then later on call install --root 
./debian/build --prefix '/'</quote>. Jason said he had amended 
the code so that <quote who="Jason Cater">in between the build 
and install parts a site_config.cfg file is created</quote>. If 
an external process such as the debian installer added path names 
to this file then <quote who="Jason Cater">the setup.py install 
(with a --cfg-path setting) will copy this file - and the tools 
will respect it</quote>. This <quote who="Jason Cater">gives you 
a way to make the tools respect any moves you do</quote>.</p>

</section>

<section title="Database drvier problem with Jump To Record" subject="[IRC] 27 Apr 2002" archive="http://www.gnuenterprise.org/irc-logs/gnue-public.log.27Apr2002" startdate="26 Apr 2002 23:00:00 -0800" enddate="26 Apr 2002 23:00:00 -0800">

<topic>Common</topic>
<topic>Forms</topic>

<mention>Harald Meyer</mention>

<p>Bajusz Tam&#0225;s (btami) reported problems with the 
'jump to record' using Interbase - <quote who="Bajusz Tamás">i'v
 tried it with pygresql too</quote>, and Harald Meyer had reported 
the same problem with MySQL. Jason Cater (jcater) explained 
<quote who="Jason Cater">we wrote all these drivers based on a 
Python DB-SIG standard - we quickly found out that they all behave 
differently against the "standard" which is why we see these quirks 
- so while it's easy to say "yeah, it's gnue's problem" (which is 
partially is) we are the first app AFAIK to actually use all these 
"standardized" database drivers side-by-side</quote>. He said 
<quote who="Jason Cater">as soon as I get a chance to test I'll see 
if I can find out the issues with those two drivers</quote>.</p>

<p>Later, Bajusz suggested 
<quote who="Bajusz Tamás">what do you think about a new lastrecord 
atrrib in the GDataObject ResultSet class ? maybe it would be a better 
workaround then owerriding the _loadNextRecord in many drivers</quote>.
Jason said there had been a reason why they had not done it that way, 
but he could not remember why. Bajusz explained 
<quote who="Bajusz Tamás">then  _loadNextRecord would be called only 
when lastrecord=0 in first/last/next/prev/set record</quote>. Jason 
agreed - <quote who="Jason Cater">at first I was afraid of a performance 
hit - but that could be a performance gain</quote>. He would 
<quote who="Jason Cater">try to get to it tomorrow if I can</quote>.</p>

</section>

<section title="Toolbars and UI in Designer" subject="[IRC] 27 Apr 2002" archive="http://www.gnuenterprise.org/irc-logs/gnue-public.log.27Apr2002" startdate="26 Apr 2002 23:00:00 -0800" enddate="26 Apr 2002 23:00:00 -0800">

<topic>Designer</topic>

<p>Christian Selig (sledge_) said he would like to get rid of 
the 'toolbar' in Designer. Derek Neighbors (derek) disagreed, but 
<quote who="Derek Neighbors">i do think its ok to make an option 
in gnue.conf</quote>. Jason said <quote who="Jason Cater">I don't 
necessarily like it either - but I want a complete UI plan before 
we do anything like that</quote>. Christopher said that the 
toolbar just <quote who="Christian Selig">provides a second 
functionally identical way of achieving something (in that case, 
changing certain values) which confuses users</quote>. Derek 
disagreed - <quote who="Derek Neighbors">its a matter of 
preference - its nice to have more than one way to do something - 
as long as all the way s do the same thning. I have NO problem 
making it optional - BUT to remove it will have 50% of the people 
asking why we dont have a toolbar</quote>. Nick Rusnov (nickr) 
felt <quote who="Nick Rusnov">menus are confusing - seriously, 
I don't understand why they are so widely adopted.</quote> 
Derek said <quote who="Derek Neighbors">i think OPTIONAL is the 
right answer -  as it give EVERYONE what they want - 
if you dont like the tool bar simply remove it via an option - 
hell if enough people are anti toolbar you could even make that 
the default</quote>.</p>

<p>Christopher clarified that he wasn't referring to 
<quote who="Christopher Selig">the toolbar which includes the little
icons!!!</quote>, but the <quote who="Christopher Selig">thing which 
is beneath the actual form layout, letting you change name, x, y, 
w, h</quote>, which was referred to as a 'toolbar' in the source 
code. Derek said <quote who="Derek Neighbors">ah dood, you have me 
worked up over nothing :) - i fully agree with that one :)</quote>
Jason said <quote who="Jason Cater">I still want to make it OPTIONAL
as I rely on that - I HATE having to have a Property Editor up
just to change common attributes</quote>. Derek agreed, but said
<quote who="Derek Neighbors">it wouldnt be bad if you made say F11 or F12
toggle between the form and the property editor - as then you can have 
one on top and one on bottom</quote>. Christopher pointed out that 
<quote who="Christopher Selig">a good drag&amp;drop (think: delphi) 
would render that ToolBar useless and is way more intuitive</quote>.
Derek said <quote who="Derek Neighbors">you can do some of that 
now</quote>. Jason clarified that <quote who="Jason Cater">I have 
no intention of making major UI changes prior to a release and 
without a cohesive plan. Our UI was certainly hacked together
and it needs to be revamped but I don't want to hack away 
hacks</quote>. Most of the drag and drop functionality was 
already there, but wasn't very responsive, due to the use 
of wx - <quote who="Jason Cater">but the advantages we gain 
currently outway the disadvantages</quote>.</p>

</section>

<section title="GNUe Document Store" subject="[IRC] 27 Apr 2002" archive="http://www.gnuenterprise.org/irc-logs/gnue-public.log.27Apr2002" startdate="26 Apr 2002 23:00:00 -0800" enddate="26 Apr 2002 23:00:00 -0800">

<topic>Doc Store</topic>

<p>Nick Rusnov (nickr) said that his Document Store proposal, 
as discussed in 
<kcref title="Document Management for GNUe" startdate="08 Mar 2002 00:00:00 -0800"/>, 
was <quote who="Nick Rusnov">Pretty dead in the water - no demand, 
no assistance, no motivation</quote>. David McWherter (dtm) 
said he had <quote who="David McWherter">found trivial document 
management</quote> project called 
<a href="https://web.archive.org/web/20071111035416/http://tavi.sf.net/">Tavi</a> - <quote who="David McWherter">we 
integrated it into phpgw</quote>. But <quote who="David McWherter">it's 
just for text and html - it does revisioning and stores in sql</quote>. 
Nick said he was <quote who="Nick Rusnov">thinking of 
restructurling</quote> his proposal <quote who="Nick Rusnov">to be more 
like a sort of immutable CVS of sorts - well not exactly - but something 
that more addresses my personal needs.</quote> However, 
<quote who="Nick Rusnov">I should lay out plans for an organic document 
system too</quote>.</p>

</section>

<section title="DCL structure and wish-lists" subject="[IRC] 27 Apr 2002" archive="http://www.gnuenterprise.org/irc-logs/gnue-public.log.27Apr2002" startdate="26 Apr 2002 23:00:00 -0800" enddate="26 Apr 2002 23:00:00 -0800">

<topic>DCL</topic>

<p>David McWherter (dtm) kicked off a discussion on 
<quote who="David McWherter">basic DCL usage</quote>. 
Jeff Bailey confirmed he had produced a new debian package for 
DCL, <quote who="Jeff Bailey">waiting for woody to release.  I 
don't want it in woody</quote>.</p>

<p>David <a href="https://web.archive.org/web/20071111035416/http://home.smuckola.org/dcl_wishlist.html">pointed</a> 
to his diagram of <quote who="David McWherter">my impression of 
how dcl's static structure is organized - i welcome anyone to 
clarify or correct that impression</quote>. He explained 
<quote who="David McWherter">the "type of hierarchy" is my 
improvisation - it's a little abstraction layer to help think 
about it - it may also serve in redesigning DCL to be more 
flexible. I would like to propose that we focus on those basic 
types of hierarchies.. in other words, create high level flows or 
whatever.  and then allow the configuration of arbitrary amounts 
of component hierarchies. In other words, to not have statically 
defined "domain" and "project" and "WO" concepts and to instead 
be more flexible for organizations who have higher levels of 
hierarchy, or finer grained hierarchy - like a corporate 
conglomerate with multiple business units - or for a workgroup 
that wants to use one DCL installation to manage their business 
and multiple related businesses and each of their personal 
lives.</quote>. Nick Rusnov (nickr) asked <quote who="Nick Rusnov">has 
the user interface been abstracted more? It seems ilke it was very ummm
crosslinked</quote>. David agreed - <quote who="David McWherter">it 
feels sometimes like a labyrinth of concentric circles - it's not bad, 
especially coz there are always the high level menus available - i 
think it's done for convenience. it's a deep app</quote>. Nick said 
he would like <quote who="Nick Rusnov">easier interaction with the 
database in an abstract way - like so additional apps could be written 
as sort of frontends to it</quote>.</p>

<p>Later, Jason looked at David's table, and said 
<quote who="Jason Cater">it looks ok to me - I do agree w/the 
defaulting - that's one of the oddities of dcl imho - in that, 
stuff that seems like it should default doesn't</quote>. 
David asked <quote who="David McWherter">what do you think about 
the idea of redesigning DCL to not be static around its 
organization?  and to instead just have types of hierarchies 
which are arbitrarily configurable?:  do you dig?</quote> As a 
non-coder he wasn't sure if this was sensible, but 
<quote who="David McWherter">all i know is that dcl doesn't 
scale organizationally</quote> Jason said his 
<quote who="Jason Cater">knee-jerk reaction says that it sounds 
great - but not sure how much recoding that'd take</quote>. 
David suggested <quote who="David McWherter">that its current static 
structure should be the 'default' config for my proposed dynamic 
structure</quote>, but <quote who="David McWherter">It'd be 
really, really cool if DCL could have sort of dynamic 
organizing like that. See, i want one dcl installation to serve 
multiple businesses, plus the personal lives of the individuals. 
So this would require that each person has their own products, 
departments, etc. phpgw has at least a concept of that, in terms 
of their "global category" - so maybe dcl could implement it 
literally as a "global category" from phpgwapi - or maybe that 
would require more fully porting dcl atop phpgwapi, rather that 
its current state of nestling within or next to it</quote>.</p>

<p>Earlier, David asked 
<quote who="David McWherter">does anyone here know if DCL 
domains create a separate namespace for usernames?  is there any ACL 
there, or is there one authentication base which can access all 
configured DCL domains?</quote> Daniel Baumann (chillywilly) said 
<quote who="Daniel Baumann">and as far as security goes we would be 
better off for an infrastructure for all of GNUe</quote>. He 
thought <quote who="Daniel Baumann">Role Based Access Control</quote> 
(RBAC) looked nice - <quote who="Daniel Baumann">it's what SE Linux 
uses</quote>.</p>

<p>David concluded that the discussion had been 
<quote who="David McWherter">*tremendously* valuable for me as a 
NON-CODER to have any of you people validate my ideas, or at least to 
look at em and to not discount them</quote>.</p>

</section>

<section title="Two-tier and n-tier GNUe" subject="[IRC] 29 Apr 2002" archive="http://www.gnuenterprise.org/irc-logs/gnue-public.log.29Apr2002" startdate="28 Apr 2002 23:00:00 -0800" enddate="28 Apr 2002 23:00:00 -0800">

<topic>Application Server</topic>

<p>Matthew Emmett (memmett) asked <quote who="Matthew Emmett">is 
there a "getting started" guide or something similiar i could look 
at? </quote> Derek Neighbors said <quote who="Derek Neighbors">its 
called this irc channel :) - get the snapshot or cvs - get the 
dependencies - and start going to town - ask here if you have 
questions :)</quote>. As of time of writing, he suggested 
<quote who="Derek Neighbors">ignore application server and gcd 
files altogether for right now - GEASv1 is being replaced by 
GEASv2 - so for now i suggest avoiding it, if you are wanting 
production stuff - and look at doing 2 tier for now - and when 
new version of GEAS is ready then upgrade to it</quote>. 
Matthew said <quote who="Matthew Emmett">ok.. 
so i'll just make a db normally and then use forms and designer 
to access it 2 tier for now</quote>.</p>

</section>

<section title="Documentation standards for GNUe" subject="[IRC] 29 Apr 2002" archive="http://www.gnuenterprise.org/irc-logs/gnue-public.log.29Apr2002" startdate="28 Apr 2002 23:00:00 -0800" enddate="28 Apr 2002 23:00:00 -0800">

<p>Further to 
<kcref title="GNUe Documentation" startdate="11 Apr 2002 23:00:00 -0800"/>, 
Derek Neighbors (dneighbo) noted <quote who="Derek Neighbors">there 
is now a docbook channel here on openprojects - and the maintainer 
(nwalsh) resides there so if you have docbook problems in teh future 
probably a good place to seek help</quote>. Peter Sullivan (psu) 
asked <quote who="Peter Sullivan">would there be any point in 
converting our docbook-sgml docs to docbook-xml docs?</quote>
Nick Rusnov (nickr) felt <quote who="Nick Rusnov">xml is easier 
to work with</quote>. Derek thought <quote who="Derek Neighbors">there 
is benefit - i dont think it would be a 'ton' of work - as iirc sgml 
is more strict that xml - so there probably isnt a 'ton' of change to 
the source</quote>. Nick said <quote who="Nick Rusnov">its more strict 
in a different way</quote>. Derek said the down side of using Docbook 
XML <quote who="Derek Neighbors">is i do not believe the xml/xslt combo 
is working all the way - i believe things like PDF etc are still not 
working for Docbook, but are close</quote>. He 
<quote who="Derek Neighbors">needs to find a channel</quote> with 
xslt experts like Doug Tidwell or James Clark.</p>

<p>He had had 
<a href="https://web.archive.org/web/20071111035416/http://www.oasis-open.org/docbook/xml/index.shtml">Simple 
Docbook</a> recommended to him as an alternative to the full Docbook 
markup, <quote who="Derek Neighbors">which is 100% compatiable if you 
ever wanted to go out side of simple docbook</quote>. Nick said 
<quote who="Nick Rusnov">I was advocating a simple markup language 
that didn't use &lt;&gt; tags - like a extended plaintext format</quote>. 
Derek said he <quote who="Derek Neighbors">wouldnt be opposed to making 
a python converter i.e. so that one can write docs in simple text</quote> 
and then convert them. Nick advocated POD - <quote who="Nick Rusnov">the 
perl document format</quote>. Looking into Simple Docbook, Derek 
noted <quote who="Derek Neighbors">gack simple docbook has 106 elements - 
i was thinking more like under 50</quote>.</p>

<p>Derek suggested <quote who="Derek Neighbors">i think i could take 
the list of elements in simple docbook - print them out - and go through 
and pare it down to a small subset we would actually use (probably about 
30) - and then that could be what we make supported for this pod format - 
and it would basically just convert a text file into docbook xml</quote>. 
However, this <quote who="Derek Neighbors">seems like such a waste 
though - why can not someone make a good doc tool?</quote>. Another 
option would be <quote who="Derek Neighbors">to get staroffice/abiword
to work i.e. if we defined 'styles' for those</quote>. Nick felt 
<quote who="Nick Rusnov">well writing an xslt thing to convert abiword
xml docs would be easy - abiword supports all the 'logical markup' we 
need - its just a pain to use it :)</quote>. Derek said you could use 
xslt to convert back and forth from abiword XML to Docbook XML, 
<quote who="Derek Neighbors">but would have to abide by a certain 
stylesheet</quote>. He <quote who="Derek Neighbors">just doesnt want 
to spend time donig this sort of thing - it would be nice to have a 
cohesive doc solution though</quote></p>

</section>

<section title="Creating Forms definitions without Designer" subject="[IRC] 29 Apr 2002" archive="http://www.gnuenterprise.org/irc-logs/gnue-public.log.29Apr2002" startdate="28 Apr 2002 23:00:00 -0800" enddate="28 Apr 2002 23:00:00 -0800">

<topic>Forms</topic>
<topic>Designer</topic>

<p>Matthew Emmett (memmett) asked <quote who="Matthew Emmett">is 
there a forms reference somewhere (so i can create a form by hand)
?</quote> Derek Neighbors (dneighbo) said it was 
<quote who="Derek Neighbors">in gnue/forms/doc/</quote>, but asked 
<quote who="Derek Neighbors">any reason you dont wnat to use the 
designer ?</quote> Matthew said his <quote who="Matthew Emmett">x11 
forwarding is busticated</quote>, which Derek thought was fair 
enough. He commented <quote who="Derek Neighbors">emacs works fine - 
we made forms for over a year this way :)</quote> before the 
visual Designer had been written.</p>

</section> 

<section title="Curses implementation of Forms for non-GUI clients" subject="[IRC] 29 Apr 2002" archive="http://www.gnuenterprise.org/irc-logs/gnue-public.log.29Apr2002" startdate="28 Apr 2002 23:00:00 -0800" enddate="29 Apr 2002 23:00:00 -0800">

<topic>Forms</topic>

<mention>Arturas Kriukovas</mention>

<p>Matthew Emmett (memmett) asked <quote who="Matthew Emmett">do 
i need to install a python ncurses module for -u text or -u pytext 
to work?</quote> Derek Neighbors (dneighbo) said 
<quote who="Derek Neighbors">um i think we have moved to ntti - 
the curses implementation is currently broken iirc - but its darn 
close to working again</quote>. He explained 
<quote who="Derek Neighbors">we hvae tried two different curses 
implemenations and are moving to our third - original was pyncurses 
- which is -u pytext - and then i think we went to native python 
curses which was -u text - now i think we have adopted ntti and i 
am not sure what -u it is</quote>.</p>

<p>Matthew asked what version of python was best for GNUe 
Forms. Derek said <quote who="Derek Neighbors">i had unicode 
problems with 2.2betaX but others didnt get same issue - so its 
probably safe - we generally recommend 2.1 if you dont have a python 
yet as thats what we develop on</quote>. Jason Cater (jcater) 
said <quote who="Jason Cater">2.2.1 should be safe - but I'd avoid 
2.2.0</quote>. Derek said they were trying as far as possible to 
support all versions of python <quote who="Derek Neighbors">2.x or 
greater :)</quote>.</p>

<p>Matthew said it <quote who="Matthew Emmett">looks like i'll 
need to install the "nstti" (not so tiny text interface...)</quote>.
Jason warned <quote who="Jason Cater">that is no where near 
usable</quote> as of time of writing. <quote who="Jason Cater">we 
are actually patching nstti to add more functionality to it</quote> 
and it would hopefully be included in the next release but one. 
It was not <quote who="Jason Cater">far enough along</quote> to be 
worth filing bugs against yet. Derek suggested 
<quote who="Derek Neighbors">jamest: what would be nice is if you 
could flesh out the TODO's to get nstti working and file them as 
workorders in dcl - or if you can just jot them down in a txt file 
and email me - i will start a 'project' and create the work orders
so people can monitor progress</quote>. James Thompson (jamest) 
said <quote who="James Thompson">it's a shell - basically enough 
code there to say this _might_ work</quote>. He explained 
<quote who="James Thompson">we're having to fix up nstti as we go 
(in fact it's in cvs on www.gnuenterprise.org with authors 
permission)</quote>. Derek said <quote who="Derek Neighbors">that 
is cool, but i imagine you have or will have a plan of attack - 
if you can get that to me in text file i can start some 'management' 
of it :)</quote>, adding it as a product in DCL and 
<quote who="Derek Neighbors">maybe i can find someone to write it :)
- maybe even me</quote>, or else Arturas Kriukovas (Arturas) - 
<quote who="Derek Neighbors">it would be nice to give him specific 
tasks</quote>.</p>

<p><a href="https://web.archive.org/web/20071111035416/http://www.gnuenterprise.org/irc-logs/gnue-public.log.30Apr2002">
The next day</a>, 
Gontran Zepeda (gontran) noted <quote who="Gontran Zepeda">so 
pyncurses hasn't been maintained in over a year on sourceforge, 
is there any use for it in gnue (anywhere) currently? or what was 
the vision for it's inclusion?</quote> Derek Neighbors (dneighbo) 
said <quote who="Derek Neighbors">the maintainer of pyncurses 
actually was doing gnue developemnt for a bit - he stopped doing 
gnue and pyncurses at same time - we were going to 'adopt' it, but 
then found native curses in python and switched to that. So we ahd
-u pytext and -u text for ui modes. Recently we have found nstti
which is better than both. It is unmaintained. We dopted it and 
its inour cvs tree. jamest almost has it working with forms - 
probably not this releasse but next</quote>. This would become 
the default text UI, <quote who="Derek Neighbors">however at 
anypoint someont could revive the pyncurses or native curses 
drivers</quote>.</p>

<p>Gontran asked <quote who="Gontran Zepeda">would 
there be any, ahem, strategic advantage to either pyncurses 
or the native drivers?</quote>. Derek said 
<quote who="Derek Neighbors">well pyncurses lacked to much - 
and was a dependency and not maintained - native was good 
(no dependency) but had very limited functionality - nstti 
was WAY more advanced so it is less work to maintain it
and add what we need</quote>. However, 
<quote who="Derek Neighbors">we certainly would not prevent 
anyone and would encourage anyone to write the drivers for 
pyncurses and/or native - as choices are good :) - though 
admittedly it woudl seem like a waste of time</quote>.</p>

</section>

<section title="GNUe as a Rapid Business Applications Development toolkit" subject="[IRC] 29 Apr 2002" archive="http://www.gnuenterprise.org/irc-logs/gnue-public.log.29Apr2002" startdate="28 Apr 2002 23:00:00 -0800" enddate="28 Apr 2002 23:00:00 -0800">

<topic>Why GNUe?</topic>

<p>David McWherter (dtm) asked <quote who="David McWherter">does gnue 
intend to become a RAD environment?</quote>. Derek Neighbors 
(dneighbo) said <quote who="Derek Neighbors">it is already - 
it does not want to be Delphi, powerbuilder, VisualBasic - 
it wants to be a Business RAD tool</quote>. David clarified 
<quote who="David McWherter">what i meant to say was, does gnue 
intend to be a RAD for newbies</quote>, like LAMP (the generic 
term for using Linux, Apache, MySQL and PHP - 
<quote who="David McWherter">you know, basically throwing 
something together quick and dirty but stable</quote>.)? 
He was <quote who="David McWherter">trying to envision phpgw's 
long term relationship toward gnue</quote>. Derek said his 
view was <quote who="Derek Neighbors">that GNUe Tools are RBAD = 
Rapid Business Application Development tools - geared as much towards 
:business/system analysts: as programmers. i.e. if you can understand 
teh structure model of your data and can define what 'rules' you want
you should be able to make applications in GNUe w/o beign a hard core 
programmer - much the way our analysts today can open up Excel, do some 
spiff work sheet functions, maybe even make some macros adn do some pretty 
cool stuff - but if you asked them to 'program' something they might 
laugh at you</quote>.</p>

<p>Later, after a long discussion about 
<a href="https://web.archive.org/web/20071111035416/http://sashxb.org/">sashxb</a> as an alternative to GNUe, he 
added <quote who="Derek Neighbors">GNUe's power is not ONLY in fact 
that its xplatform, XML based UI - we are starting to see these in 
droves - its REAL power is its data handling - fact i can make a 
master detail form that is xplatform in under 5 minutes - and all 
databinding is handled - no SQL no anything</quote>. He noted 
<quote who="Derek Neighbors">most of these other tools dont even 
think about making widgets talk to a database - much less complex 
stuff</quote>. <quote who="Derek Neighbors">for us data aware isnt 
an 'afterthought' it wsa the REASON to write GNUe - so why we dont 
have all the whiz bang pretty widgets to say write and ftp client - 
we make it easy to write a dataaware business appliction 
:)</quote></p>

</section>

<section title="GNUe and PHP Groupware" subject="[IRC] 29 Apr 2002" archive="http://www.gnuenterprise.org/irc-logs/gnue-public.log.29Apr2002" startdate="28 Apr 2002 23:00:00 -0800" enddate="28 Apr 2002 23:00:00 -0800">

<topic>Customer Relations</topic>

<p>David McWherter (dtm) asked about 
<quote who="David McWherter">writing groupware with gnue?</quote> 
Derek Neighbors (dneighbo) said <quote who="Derek Neighbors">you 
define GROUPWARE much differently than mdean and myself - to us 
groupware is a server thing not a client thing - i.e. we would 
expect it to be no problem for someone to extend say evolution, 
phpgw etc to use new items in gnue groupware - we do NOT plan 
on making clients - though forms and geas would be able to hook 
into the serices just like anyone else's clients</quote>. 
He noted that <quote who="Derek Neighbors">there are 
some prexisting specifications like iCalendar,vCard, LDAP and such that 
if we reused properly could be used by existing clients almost 
untouched - on other pieces we would make the service and pick client 
of choice and implement there or convince them its good for them to 
implement</quote>. He noted that a <quote who="Derek Neighbors">contact 
application (CRM) is not groupware :)</quote> per se, but 
<quote who="Derek Neighbors">groupware services would make it 
BETTER</quote>. He would be keen to extend the current PHP Groupware 
cliets if possible - <quote who="Derek Neighbors">the point is not to 
make clients from scratch :) - too many exist and we are busy 
:)</quote>.</p>

<p>David asked <quote who="David McWherter">so in other words do you 
want to reimplement the concept of</quote> PHP Groupware's API 
(Application Program Interface)? Derek said <quote who="Derek Neighbors">i 
dont know enough about phpgwapi to say if thats what im proposing :)</quote>.
David said <quote who="David McWherter">i know that 1) phpgwapi intends 
to be a php-based RAD 2) mdean severely doubts or discounts its 
robustness, and he knows it well 3) other people do take it seriously 
although i'm not sure if they fully understand it, but for example 
savannah.gnu.org wants to port all their services atop phpgwapi.</quote> 
Derek felt that <quote who="Derek Neighbors">to me GROUPWARE is not 
something you use to build savannah :) - imho GROUPWARE should not be a 
RAD - it should be services</quote>. However, 
<quote who="Derek Neighbors">mdean is the groupware mastermind though :)
so i defer all to him :)</quote>.</p>

</section>

<section title="i18n and translating error messages" subject="[IRC] 30 Apr 2002" archive="http://www.gnuenterprise.org/irc-logs/gnue-public.log.30Apr2002" startdate="29 Apr 2002 23:00:00 -0800" enddate="29 Apr 2002 23:00:00 -0800">

<topic>Forms</topic>
<topic>Common</topic>

<mention>James Thompson</mention>

<p>Arturas Kriukovas (Arturas) was starting work on some i18n 
code, which would be needed in all parts of GNUe. 
He asked <quote who="Arturas Kriukovas">how should i call 
file that will be imported into EVERY .py file? i thought 
about something like GImport.py (in /common/src)</quote>. 
Ideally, he wanted to <quote who="Arturas Kriukovas">write 
it once in some main, basic file, that is imported in EVERY 
other .py file</quote> but <quote who="Arturas Kriukovas">i 
haven't found such file - so i create GImport.py and import 
it everywhere - this file will have 'gettext import...' and 
some other commands can be added</quote>. Bajusz Tam&#0225;s
(btami) asked <quote who="Bajusz Tamás">isn't the GBaseApp.py 
the main basic ?</quote> Arturas said there were some files, 
such as <quote who="Arturas Kriukovas">GDebug :(</quote> that 
didn't include it. Reinhard M&#252;ller (reinhard) said 
<quote who="Reinhard Müller">it's a matter of taste - 
but I don't like those everywhere-included files
as they tend to become bigger and bigger</quote>. He felt 
<quote who="Reinhard Müller">it's not clear what really depends 
on what</quote>. Arturas said he wasn't keen either,
<quote who="Arturas Kriukovas">but sometimes it's (?) 
convenient</quote>.</p>

<p>Bajusz asked Arturas <quote who="Bajusz Tamás">have you read the jamest
<kcref title="Providing translated error messages without over-using gettext" startdate="18 Apr 2002 23:00:00 -0800">ideas</kcref> </quote> about
having error messages <quote who="Bajusz Tamás">loading when program
starts</quote>? Arturas asked <quote who="Arturas Kriukovas">do we have so
much translatable strings in .py files? at least in /common there are not
10Mb :) - i don't believe loading will take a lot</quote>. He asked <quote who="Arturas Kriukovas">what is the principal difference between dict and
_("string") ? why dict is cheaper?</quote>. Bajusz said it was down to
<quote who="Bajusz Tamás">exec time</quote>. He didn't <quote who="Bajusz
Tamás">i dont know the whole size of msgs</quote> but <quote who="Bajusz
Tamás">in Abiword this is some KB</quote>. They decided to ask James
Thompson (jamest).</p>

<p>Later, Derek Neighbors (dneighbo) suggested 
<quote who="Derek Neighbors">before you commit anything talk 
to jamest/jcater</quote>. His understanding of the i18n functionality 
that Arturas was adding <quote who="Derek Neighbors">is that it would 
be part of GBaseApp - which is an object that can be available to 
virtually anything - just because its not in GDebug doesnt mean it 
cant be</quote>. James confirmed he was talking to Arturas about 
it.</p>

</section>

<section title="Using XML-RPC with GNU-RPC (GNUe Common)" subject="[IRC] 30 Apr 2002" archive="http://www.gnuenterprise.org/irc-logs/gnue-public.log.30Apr2002" startdate="29 Apr 2002 23:00:00 -0800" enddate="29 Apr 2002 23:00:00 -0800">

<topic>Common</topic>

<p>Jan Ischebeck (siesel) confirmed that there was no debian package for 
the xmlrpc library needed to use XML-RPC as the remote procedure call 
transport mechanism for GNU-RPC (GNUe Common). Reinhard M&#252;ller (reinhard)
said <quote who="Reinhard Müller">did you look at the possibility of 
using the library that is in debian?</quote> He thought it would be 
good if the basic GNUe system only had dependancies that were in the 
common distributions, such as Debian woody (3.0) and RedHat 7.7. 
Jan said there was an alternative XMLRPC library that was available 
in Debian woody and which was under the GPL (GNU Public License) and 
was faster, but which was more difficult to set up - 
<quote who="Jan Ischebeck">the client is working ok,  but the server 
is a bit difficult</quote>. He noted <quote who="Jan Ischebeck">the 
orignal server from the py-xmlrpc package (the one in debian) 
is written i pure c with python bindings. The problem is, that the 
name of all methods has to be registered in an array accessible by 
the c part. i.e. no way to do a real dispatch.</quote></p>

<p>Later, he noted <quote who="Jan Ischebeck">eeh, there is a 
mistake in the README, there is no debian package. (python-xmlrpc 
is not the right one) - it's called differently</quote>. 
Christian Selig (sledge_) was surprised that 
<quote who="Christian Selig">there are two xmlrpc library for python 
in debian?</quote>. Jan confirmed 
<quote who="Jan Ischebeck">python-xmlrpc is the wrong package. you 
have to download xmlrpclib.py from pythonware.</quote> Christian 
asked <quote who="Christian Selig">why not use python-xmlrpc?
(noi)</quote></p>

</section>

<section title="Extent of GNU-RPC functionality" subject="[IRC] 30 Apr 2002" archive="http://www.gnuenterprise.org/irc-logs/gnue-public.log.30Apr2002" startdate="29 Apr 2002 23:00:00 -0800" enddate="29 Apr 2002 23:00:00 -0800">

<topic>Common</topic>

<p>After a discussion about preferred XML editors, Derek Neighbors 
(dneighbo) commented <quote who="Derek Neighbors">i would imagine 
you wouldnt need much xml for grpc - as the objects are not in xml - 
i.e. it should be fairly generic wrapper - unless things have massively 
changed</quote>. Jan Ischebeck (siesel) said <quote who="Jan Ischebeck">Its 
not about moving objects, just about describing a way to contact them. 
If a RPC method returns an object, the object is stored on the server. 
and an handle is send to the client.</quote> He had 
<quote who="Jan Ischebeck">thought of using the grpc package to check 
which methods can be called and which not...</quote> Derek said he 
hadn't anticipated supporting <quote who="Derek Neighors">all 
features of every rpc</quote>. Christian Selig (sledge_) agreed - 
<quote who="Christian Selig">if someone needs specific features, he 
won't be interested in the other protocols anyway</quote>. Jan took 
the point, and said <quote who="Jan Ischebeck">I try to get the things 
running as fast as possible (and with minimal efford) and would be happy 
about comments after the things are checked in.</quote></p>

</section>

<section title="Query mode in Forms" subject="[IRC] 30 Apr 2002" archive="http://www.gnuenterprise.org/irc-logs/gnue-public.log.30Apr2002" startdate="29 Apr 2002 23:00:00 -0800" enddate="30 Apr 2002 23:00:00 -0800">

<topic>Forms</topic>

<p>Matthew Emmett (memmett) asked <quote who="Matthew Emmett">using 
forms, i can insert new records and everything is cool, but when 
i reload the records aren't displayed (i can confirm with psql 
that they were in fact inserted).</quote> Derek Neighbors 
(dneighbo) confirmed that forms opened in entry mode by default, 
but you could run a query using f8 and f9. He explained 
<quote who="Derek Neighbors">ok the way it works is we have inline 
query building - so if you hit F8 then go fill out data in your 
fields then hit F9 it does a select that uses those values in the 
where clause</quote>. He confirmed <quote who="Derek Neighbors">there 
is a way in the datasource to make it AUTO query at start up -  in 
the datasource tag you put prequery="" - HOWEVER i think its broken 
right now in cvs (or was a few days ago)</quote>. Forms could cope 
with large numbers of records <quote who="Derek Neighbors">as we 
have cache="" which tells how many records to keep in memory - 
i think the default is like 5</quote>. He suggested 
<quote who="Derek Neigbors">you play iwth the 'prep query' F8 and 
'exec query' F9 - you can do some cool stuff - you can use the tool 
bar buttons as well or menu items you arent forced to use the F 
keys</quote>. Matthew asked <quote who="Matthew Emmett">do the 
"wildcards" depend on which db driver i'm using?</quote>. Derek 
did not think so. Natthew said <quote who="Matthew Emmett">it'd be really 
cool if we could put regexp's in the fields, but i guess that isn't 
standard SQL.. oh well</quote>.</p>

<p><a href="https://web.archive.org/web/20071111035416/http://www.gnuenterprise.org/irc-logs/gnue-public.log.01May2002">
The next day</a>, 
Derek asked how queries on Master-Detail forms 
worked - previously this had not been supported at all. 
He had expected that if he put conditions on both the 
Master part of the form and the Detail, that both conditions would 
be applied. However, <quote who="Derek Neighbors">what it did was 
query just the entire detail table (regardless of master) - is that 
what is 'expected' ?</quote>. Jason Cater (jcater) said 
<quote who="Jason Cater">I do know query by detail is not 
supported - we haven't implemented it yet</quote>. Derek said 
<quote who="Derek Neighbors">it used to give you an ERROR if you 
querired by ddetail - not an error but a message saying 'thats not 
supported' - if its not supported we need to reinstate the message
imho</quote>. He was surprised it had gone, 
<quote who="Derek Neighbors">as prequery and this error message were 
two things jamest added orginally from his users complaints</quote>.</p>

<p>He had <quote who="Derek Neighbors">started to redo prequery as WE 
REALLY need it - and it should be default behavior (imho) as its a 
major user stumbling block - EVERY user that comes inhere with a new 
install asks how come i cant see my data :)</quote>. James Thompson 
(jamest) investigated, and concluded <quote who="James Thompson">wow
- i guess it is borked - i can't believe no one complained</quote>. 
He noted <quote who="James Thompson">prequery on datasources does work 
or all my dropdowns would have broken - it's not displaying though - 
unless someone did something fancy to make prequery work only with 
dropdowns which I doubt</quote>. Derek said 
<quote who="Derek Neighbors">thats why it wasnt 'critical' as it 
didnt break my dropdowns :)</quote> but he would now raise a bug 
in DCL for both this <quote who="Derek Neighbors">and for the 
'query detail not supported' issue</quote>.</p>

</section>

<section title="Overview of GNUe" subject="[IRC] 30 Apr 2002" archive="http://www.gnuenterprise.org/irc-logs/gnue-public.log.30Apr2002" startdate="29 Apr 2002 23:00:00 -0800" enddate="29 Apr 2002 23:00:00 -0800">

<topic>Financials (Accounting)</topic>
<topic>Application Server</topic>
<topic>Common</topic>

<p>It was asked if the GNUe tools could be used to build frontends for an 
enterprise resource planing system (ERP). 
Daniel Baumann (chillywilly) said <quote who="Daniel Baumann">well 
I think we are sort of an ERP project - we could always use more 
help ;)</quote> He explained <quote who="Daniel Baumann">we are 
building the tools first...packages are also in parallel development, 
but that app server is now being redone so package development is 
sorta at a stand still</quote>, although there was a design for 
an accounting package. It was noted that in Germany, accounting 
software has to be certified, which was quite expensive - this 
might be a barrier to the use of GNUe Financials in Germany.</p>

<p><a href="https://web.archive.org/web/20071111035416/http://www.gnuenterprise.org/irc-logs/gnue-public.log.01May2002">
The next day</a>, Reinhard M&#252;ller (reinhard) commented 
<quote who="Reinhard Müller">i am 100% positive after finishing 
the financial module we will find someone who approves it in 
germany very quickly</quote>. He said <quote who="Reinhard Müller">if 
we find only say 20 companies wanting to use GNUe accounting in 
germany and dividing the costs among them it would be doable</quote>.
That was <quote who="Reinhard Müller">how free software works 
imho</quote></p>

<p>Previously, in response to questions about architetcture, 
project plans and timelines, Daniel said 
<quote who="Daniel Baumann">well their used to be architecture 
guides but they are old - forms has a
technical reference and 
user guide - geas is being reworked and 
a draft architecture giude is in cvs</quote>. Derek Neighbors
(dneighbo) said there were <quote who="Derek Neighbors">6 or 
so core folks</quote> doing development 
<quote who="Derek Neighbors">but as of late i think we have 
nearly 40 people that have copright assignment that can or have 
contributed on some level - i believe we have several hundred 
folks following the mailing lists and such - and certainly more 
nameless ones that keep in touch via 
<a href="https://web.archive.org/web/20071111035416/http://kt.zork.net/GNUe/">GNUe KC</a></quote>.</p>

<p>Derek said <quote who="Derek Neighbors">we will have GNUe 
Workflow eventually, its not a current focus however</quote>. 
He explained that the first version of the GNUe Application Server 
(GEAS) was being re-written - <quote who="Derek Neighbors">basically its 
middleware - in the sense that it provides rpc communication to 
clients - and allows business logic to sit on it - instead of in 
the client or as triggers/stored procs in the db. It will also quite 
likely offer relational to object mappings</quote>. There was also 
much work going on developing GNU-RPC (GNUe Common).</p>

</section>

<section title="Documenting GNU-RPC (GNUe Common)" subject="[IRC] 30 Apr 2002" archive="http://www.gnuenterprise.org/irc-logs/gnue-public.log.30Apr2002" startdate="29 Apr 2002 23:00:00 -0800" enddate="30 Apr 2002 23:00:00 -0800">

<topic>Common</topic>

<p>Further to <kcref title="Documenting GNUe Common" startdate="10 Apr 2002 23:00:00 -0800"/>, Derek Neighbors (dneighbo) pointed to a <quote who="Derek Neighbors"> <a href="https://web.archive.org/web/20071111035416/http://gnuenterprise.org/docs/tools/common.dia">diagram</a> of common
for chillywilly</quote>. Daniel Baumann (chillywilly) said <quote who="Daniel Baumann">all we really need is to embed some comments/docs into
the code and we can have ourselves api documentation that can be
generated</quote>. He didn't <quote who="Daniel Baumann">like the fact that
in gnurpc we call the various rcp methods 'Interfaces' - we should call them
transports or something like that and an interface would be the exposed
methods, imho</quote>. However, it would be confusing to change this
now.</p>

<p><a href="https://web.archive.org/web/20071111035416/http://www.gnuenterprise.org/irc-logs/gnue-public.log.01May2002">
After midnight</a>, Daniel Baumann 
(chillywilly) asked <quote who="Daniel Baumann">why is 
there always a proxy object involved?</quote> Jason Cater 
(jcater) replied <quote who="Jason Cater">to proxy the 
requests</quote> - however, this might not be necessary 
with object-orientated transports - 
<quote who="Jason Cater">in corba's case, I think it'd 
handle the proxying for us</quote> but he wasn't sure.
Daniel asked why GNUe Common supported a
<quote who="Daniel Baumann">connection to 
a unix domain socket and a tcp/ip socket at the same 
time?</quote> Jason said <quote who="Jason Cater">a 
socket file is faster, iirc - but you have to be on the 
same machine</quote>. It was <quote who="Jason Cater">not 
a big deal providing either option</quote>. The 
parameters for a TCP/IP connection would be the host name 
and port number. The ansychat module it used was not 
standard python - <quote who="Jason Cater">it's part of 
medusa - which we may bring into our cvs tree (if licensing 
permits)</quote>. This was also what 
<quote who="Jason Cater">Zope and Webware used</quote>. 
Jason explained that code like 
<quote who="Jason Cater">__name__ = '__main__'</quote> 
could be used to test whether a module was being run 
directly <quote who="Jason Cater">from the command line</quote> 
or whether it was being called from within another module. 
Daniel thought this was <quote who="Daniel Baumann">a nice 
way to add text code for your module</quote>. Jason agreed, 
but said there were other uses too.</p>

<p>Later that day, Gontran Zepeda (gontran) posted 
a <quote who="Gontran Zepeda">semi-beautified 
<a href="https://web.archive.org/web/20071111035416/http://www.gontran.net/pub/gnue/common.dia">common.dia</a></quote>. 
Jan Ischebeck (siesel) said <quote who="Jan Ischebeck">cool. 
I want to have a poster of it</quote> and noted 
<quote who="Jan Ischebeck">hey jcater: there is even an 
bakery on it ;)</quote></p>

<p>Later, Daniel asked about <quote who="Daniel Baumann">this 
call() method in the xmlrpc driver</quote>. Jason explained 
<quote who="Jason Cater">gnurpc supports objects whether 
the underlying transport does or not. xmlrpc does not - 
so when an object is being used the server creates the object, 
but the client creates a proxy of that object (this is the 
client code in gnurpc, not the actual client app). So when 
a method is called against an object a string representing 
that object is passed back and forth via the transport 
(xmlrpc)</quote>. In general, he felt there was 
<quote who="Jason Cater">not much to it</quote> in GNU-RPC
(GNUe Common) - <quote who="Jason Cater">just basically a 
few methods to say, "what methods do you expose" - you're 
gonna know more about gnurpc than I here shortly :)</quote></p>

</section>

<section title="Coding standards for GNUe" subject="[IRC] 01 May 2002" archive="http://www.gnuenterprise.org/irc-logs/gnue-public.log.01May2002" startdate="31 Mar 2002 23:00:00 -0800" enddate="30 Apr 2002 23:00:00 -0800">

<p>Reinhard asked about using CamelCase ("HumpBack") or under_scores
in function names. Jan Ischebeck (siesel) said that, as a Java 
convert, he tended to use CamelCase <quote who="Jan Ischebeck">but 
i think both ways are ok. its just important to be</quote> 
consistent. Reinhard said that the GNU standard was 
under_scores, but the code for GNUe Forms and Common used CamelCase. 
Derek 
Neighbors (dneighbo) said <quote who="Derek Neighbors">in code 
camel case i think is preferred - in table definitions _ is 
preferred</quote>. Jan noted that under_scores used
<quote who="Jan Ischebeck">one byte more in the code than 
doFoo (bar, baz).... so the real performance freaks ;) use the 
last one</quote>. James Thompson (jamest) suggested that, in that 
case, <quote who="James Thompson">1 letter function names 
rock!</quote> Derek suggested <quote who="Derek Neighbors">since 
common, forms, reports, designer are written - rather than go 
and and change - lets use what they do</quote>, although he 
was not <quote who="Derek Neighbors">certain what that 
is</quote>. Reinhard asked about spacing before a function 
name or between parameters. Derek said he didn't think 
consistancy here was essential <quote who="Derek Neighbors">the 
important part is the name - as that is what will be 
'referenced'</quote>. Reinhard agreed - 
<quote who="Reinhard Müller">iAmHappyWithEverythingYouWant</quote>.</p>

</section>

<section title=".grpc files in GNU-RPC (GNUe Common)" subject="[IRC] 01 May 2002" archive="http://www.gnuenterprise.org/irc-logs/gnue-public.log.01May2002" startdate="31 Mar 2002 23:00:00 -0800" enddate="30 Apr 2002 23:00:00 -0800">

<topic>Common</topic>

<p>Derek Neighbors (dneighbo) asked <quote who="Derek Neighbors">what 
is a .grpc file?</quote> He was <quote who="Derek Neighbors">just 
nervous that specs are being made w/o any formal review</quote>. 
Jan Ischebeck (siesel) said it was <quote who="Jan Ischebeck">a 
description of an RPC connection. (in XML)</quote>. This was 
not a replacement for a .gcd (GNUe Class Definition). 
Jason Cater (jcater) explained <quote who="Jason Cater">it 
defines what methods we want exposed, so each "Server" app will 
have a grpc file - yeah, like the old geas.idl files - only 
generalized</quote>. It would not be different for each provider - 
<quote who="Jason Cater">geas would have ONE grpc file - 
and gfrom that we can generate corba stubs</quote> or equivalent 
for the RPC protocol in use. He had used .grpc as the file 
extension, as <quote who="Jason Cater">I was afraid gr? would 
be confused/conflict with reports stuff</quote> but 
<quote who="Jason Cater">none of this is set in stone</quote>. 
Derek clarified that <quote who="Derek Neighbors">im not opposed 
to greater than 3 car extensions</quote> - Daniel Baumann 
(chillywilly) noted <quote who="Daniel Baumann">this is not DOS 
;)</quote>.</p>

<p>Jan noted that <quote who="Jan Ischebeck">many 
protocolls (like xmlrpc f.e.)  won't even need an  .grpc  
file, but its good to have one to control access on the server 
side</quote>. It might also be possible to 
<quote who="Jan Ischebeck">Add an lokal socket implementation, 
which allows any kind of RPC methods, and which writes a 
communication protocoll into a GRPC file. with this tool it is 
possible to change your application, or write a new application, 
then use the special protokoll one time and voila get a GRPC file 
for normal protocolls</quote>.</p>

<p>Derek said <quote who="Derek Neighbors">my concern was if we 
were to have lots of these - it woudl be worth renaming</quote>. 
Jason said <quote who="Jason Cater">well, honestly, I foresee 
GNUe having a total of maybe 3 of these files - one for geas, 
one for integrator, one for report server</quote>. Derek agreed. 
Jason added <quote who="Jason Cater">well depending on how we 
do other stuff (Authenticaion Server, Workflow Server, etc)
I suppose there could be more than 3 - but you get the point
i.e., these are NOT a replacement for GCD</quote>.</p> 

</section>

</kc><!--
     FILE ARCHIVED ON 03:54:16 Nov 11, 2007 AND RETRIEVED FROM THE
     INTERNET ARCHIVE ON 09:28:32 Dec 05, 2018.
     JAVASCRIPT APPENDED BY WAYBACK MACHINE, COPYRIGHT INTERNET ARCHIVE.

     ALL OTHER CONTENT MAY ALSO BE PROTECTED BY COPYRIGHT (17 U.S.C.
     SECTION 108(a)(3)).
-->
<!--
playback timings (ms):
  LoadShardBlock: 675.765 (3)
  esindex: 0.014
  captures_list: 694.14
  CDXLines.iter: 12.197 (3)
  PetaboxLoader3.datanode: 338.34 (4)
  exclusion.robots: 0.343
  exclusion.robots.policy: 0.325
  RedisCDXSource: 2.216
  PetaboxLoader3.resolve: 1483.904 (2)
  load_resource: 1444.72
-->