<?xml version="1.0" ?>

<script src="//archive.org/includes/analytics.js?v=cf34f82" type="text/javascript"></script>
<script type="text/javascript">window.addEventListener('DOMContentLoaded',function(){var v=archive_analytics.values;v.service='wb';v.server_name='wwwb-app104.us.archive.org';v.server_ms=162;archive_analytics.send_pageview({});});</script>
<script type="text/javascript" src="/static/js/ait-client-rewrite.js?v=1543384230.0" charset="utf-8"></script>
<script type="text/javascript">
WB_wombat_Init('https://web.archive.org/web', '20071111040818', 'www.kerneltraffic.org');
</script>
<script type="text/javascript" src="/static/js/wbhack.js?v=1543384230.0" charset="utf-8"></script>
<script type="text/javascript">
__wbhack.init('https://web.archive.org/web');
</script>
<link rel="stylesheet" type="text/css" href="/static/css/banner-styles.css?v=1543384230.0" />
<link rel="stylesheet" type="text/css" href="/static/css/iconochive.css?v=1543384230.0" />
<!-- End Wayback Rewrite JS Include -->
<!-- BEGIN WAYBACK TOOLBAR INSERT -->
<script type="text/javascript" src="/static/js/timestamp.js?v=1543384230.0" charset="utf-8"></script>
<script type="text/javascript" src="/static/js/graph-calc.js?v=1543384230.0" charset="utf-8"></script>
<script type="text/javascript" src="/static/js/auto-complete.js?v=1543384230.0" charset="utf-8"></script>
<script type="text/javascript" src="/static/js/toolbar.js?v=1543384230.0" charset="utf-8"></script>
<style type="text/css">
body {
  margin-top:0 !important;
  padding-top:0 !important;
  /*min-width:800px !important;*/
}
.wb-autocomplete-suggestions {
    text-align: left; cursor: default; border: 1px solid #ccc; border-top: 0; background: #fff; box-shadow: -1px 1px 3px rgba(0,0,0,.1);
    position: absolute; display: none; z-index: 2147483647; max-height: 254px; overflow: hidden; overflow-y: auto; box-sizing: border-box;
}
.wb-autocomplete-suggestion { position: relative; padding: 0 .6em; line-height: 23px; white-space: nowrap; overflow: hidden; text-overflow: ellipsis; font-size: 1.02em; color: #333; }
.wb-autocomplete-suggestion b { font-weight: bold; }
.wb-autocomplete-suggestion.selected { background: #f0f0f0; }
</style>
<div id="wm-ipp" lang="en" style="display:none;direction:ltr;">
<div style="position:fixed;left:0;top:0;right:0;">
<div id="wm-ipp-inside">
  <div style="position:relative;">
    <div id="wm-logo" style="float:left;width:130px;padding-top:10px;">
      <a href="/web/" title="Wayback Machine home page"><img src="/static/images/toolbar/wayback-toolbar-logo.png" alt="Wayback Machine" width="110" height="39" border="0" /></a>
    </div>
    <div class="r" style="float:right;">
      <div id="wm-btns" style="text-align:right;height:25px;">
                  <div id="wm-save-snapshot-success">success</div>
          <div id="wm-save-snapshot-fail">fail</div>
          <a href="#"
             onclick="__wm.saveSnapshot('http://www.kerneltraffic.org/GNUe/gnue20020413_24.xml', '20071111040818')"
             title="Share via My Web Archive"
             id="wm-save-snapshot-open"
          >
            <span class="iconochive-web"></span>
          </a>
          <a href="https://archive.org/account/login.php"
             title="Sign In"
             id="wm-sign-in"
          >
            <span class="iconochive-person"></span>
          </a>
          <span id="wm-save-snapshot-in-progress" class="iconochive-web"></span>
        	<a href="http://faq.web.archive.org/" title="Get some help using the Wayback Machine" style="top:-6px;"><span class="iconochive-question" style="color:rgb(87,186,244);font-size:160%;"></span></a>
	<a id="wm-tb-close" href="#close" onclick="__wm.h(event);return false;" style="top:-2px;" title="Close the toolbar"><span class="iconochive-remove-circle" style="color:#888888;font-size:240%;"></span></a>
      </div>
      <div id="wm-share" style="text-align:right;">
	<a href="#" onclick="window.open('https://www.facebook.com/sharer/sharer.php?u=https://web.archive.org/web/20071111040818/http://www.kerneltraffic.org/GNUe/gnue20020413_24.xml', '', 'height=400,width=600'); return false;" title="Share on Facebook" style="margin-right:5px;" target="_blank"><span class="iconochive-facebook" style="color:#3b5998;font-size:160%;"></span></a>
	<a href="#" onclick="window.open('https://twitter.com/intent/tweet?text=https://web.archive.org/web/20071111040818/http://www.kerneltraffic.org/GNUe/gnue20020413_24.xml&amp;via=internetarchive', '', 'height=400,width=600'); return false;" title="Share on Twitter" style="margin-right:5px;" target="_blank"><span class="iconochive-twitter" style="color:#1dcaff;font-size:160%;"></span></a>
      </div>
    </div>
    <table class="c" style="">
      <tbody>
	<tr>
	  <td class="u" colspan="2">
	    <form target="_top" method="get" action="/web/submit" name="wmtb" id="wmtb"><input type="text" name="url" id="wmtbURL" value="http://www.kerneltraffic.org/GNUe/gnue20020413_24.xml" onfocus="this.focus();this.select();" /><input type="hidden" name="type" value="replay" /><input type="hidden" name="date" value="20071111040818" /><input type="submit" value="Go" /></form>
	  </td>
	  <td class="n" rowspan="2" style="width:110px;">
	    <table>
	      <tbody>
		<!-- NEXT/PREV MONTH NAV AND MONTH INDICATOR -->
		<tr class="m">
		  <td class="b" nowrap="nowrap"><a href="https://web.archive.org/web/20050910121250/http://www.kerneltraffic.org:80/GNUe/gnue20020413_24.xml" title="10 Sep 2005"><strong>Sep</strong></a></td>
		  <td class="c" id="displayMonthEl" title="You are here: 04:08:18 Nov 11, 2007">NOV</td>
		  <td class="f" nowrap="nowrap">Dec</td>
		</tr>
		<!-- NEXT/PREV CAPTURE NAV AND DAY OF MONTH INDICATOR -->
		<tr class="d">
		  <td class="b" nowrap="nowrap"><a href="https://web.archive.org/web/20050910121250/http://www.kerneltraffic.org:80/GNUe/gnue20020413_24.xml" title="12:12:50 Sep 10, 2005"><img src="/static/images/toolbar/wm_tb_prv_on.png" alt="Previous capture" width="14" height="16" border="0" /></a></td>
		  <td class="c" id="displayDayEl" style="width:34px;font-size:24px;white-space:nowrap;" title="You are here: 04:08:18 Nov 11, 2007">11</td>
		  <td class="f" nowrap="nowrap"><img src="/static/images/toolbar/wm_tb_nxt_off.png" alt="Next capture" width="14" height="16" border="0" /></td>
		</tr>
		<!-- NEXT/PREV YEAR NAV AND YEAR INDICATOR -->
		<tr class="y">
		  <td class="b" nowrap="nowrap"><a href="https://web.archive.org/web/20050910121250/http://www.kerneltraffic.org:80/GNUe/gnue20020413_24.xml" title="10 Sep 2005"><strong>2005</strong></a></td>
		  <td class="c" id="displayYearEl" title="You are here: 04:08:18 Nov 11, 2007">2007</td>
		  <td class="f" nowrap="nowrap">2008</td>
		</tr>
	      </tbody>
	    </table>
	  </td>
	</tr>
	<tr>
	  <td class="s">
	    	    <div id="wm-nav-captures">
	      	      <a class="t" href="/web/20071111040818*/http://www.kerneltraffic.org/GNUe/gnue20020413_24.xml" title="See a list of every capture for this URL">6 captures</a>
	      <div class="r" title="Timespan for captures of this URL">09 May 2003 - 11 Nov 2007</div>
	      </div>
	  </td>
	  <td class="k">
	    <a href="" id="wm-graph-anchor">
	      <div id="wm-ipp-sparkline" title="Explore captures for this URL" style="position: relative">
		<canvas id="wm-sparkline-canvas" width="575" height="27" border="0"></canvas>
	      </div>
	    </a>
	  </td>
	</tr>
      </tbody>
    </table>
    <div style="position:absolute;bottom:0;right:2px;text-align:right;">
      <a id="wm-expand" class="wm-btn wm-closed" href="#expand" onclick="__wm.ex(event);return false;"><span id="wm-expand-icon" class="iconochive-down-solid"></span> <span style="font-size:80%">About this capture</span></a>
    </div>
  </div>
    <div id="wm-capinfo" style="border-top:1px solid #777;display:none; overflow: hidden">
            <div style="background-color:#666;color:#fff;font-weight:bold;text-align:center">COLLECTED BY</div>
    <div style="padding:3px;position:relative" id="wm-collected-by-content">
            <div style="display:inline-block;vertical-align:top;width:50%;">
			<span class="c-logo" style="background-image:url(https://archive.org/services/img/webwidecrawl);"></span>
		Organization: <a style="color:#33f;" href="https://archive.org/details/webwidecrawl" target="_new"><span class="wm-title">Internet Archive</span></a>
		<div style="max-height:75px;overflow:hidden;position:relative;">
	  <div style="position:absolute;top:0;left:0;width:100%;height:75px;background:linear-gradient(to bottom,rgba(255,255,255,0) 0%,rgba(255,255,255,0) 90%,rgba(255,255,255,255) 100%);"></div>
	  The Internet Archive discovers and captures web pages through many different web crawls.

At any given time several distinct crawls are running, some for months, and some every day or longer.

View the web archive through the <a href="http://archive.org/web/web.php">Wayback Machine</a>.
	</div>
	      </div>
      <div style="display:inline-block;vertical-align:top;width:49%;">
			<span class="c-logo" style="background-image:url(https://archive.org/services/img/aroundtheworldcrawl)"></span>
		<div>Collection: <a style="color:#33f;" href="https://archive.org/details/aroundtheworldcrawl" target="_new"><span class="wm-title">Around The World Crawl</span></a></div>
		<div style="max-height:75px;overflow:hidden;position:relative;">
	  <div style="position:absolute;top:0;left:0;width:100%;height:75px;background:linear-gradient(to bottom,rgba(255,255,255,0) 0%,rgba(255,255,255,0) 90%,rgba(255,255,255,255) 100%);"></div>
	  Data crawled by Sloan Foundation on behalf of Internet Archive
<br /><br />
	</div>
	      </div>
    </div>
    <div style="background-color:#666;color:#fff;font-weight:bold;text-align:center" title="Timestamps for the elements of this page">TIMESTAMPS</div>
    <div>
      <div id="wm-capresources" style="margin:0 5px 5px 5px;max-height:250px;overflow-y:scroll !important"></div>
      <div id="wm-capresources-loading" style="text-align:left;margin:0 20px 5px 5px;display:none"><img src="/static/images/loading.gif" alt="loading" /></div>
    </div>
  </div></div></div></div><script type="text/javascript">
__wm.bt(575,27,25,2,"web","http://www.kerneltraffic.org/GNUe/gnue20020413_24.xml","2007-11-11",1996);
</script>
<!-- END WAYBACK TOOLBAR INSERT --><kc>

<title>GNUe Traffic</title>

<author contact="mailto:psu@manorcon.demon.co.uk">Peter Sullivan</author>

<issue num="24" date="12 Apr 2002 23:00:00 -0800"/>

<headquote>
&quot;<cite>this is NZ - in norway they do IP over pigeons, 
here we have IP over sheep</cite>&quot;
</headquote>

<intro>

<p>This Cousin covers the three main mailing lists for the GNU 
Enterprise project, gnue, gnue-dev and gnue-announce. For more 
information about GNUe, see their home page at 
<a href="https://web.archive.org/web/20071111040818/http://www.gnuenterprise.org/">
http://www.gnuenterprise.org</a>. Details of the mailing lists 
can be found at 
<a href="https://web.archive.org/web/20071111040818/http://mail.gnu.org/mailman/listinfo/gnue">
http://mail.gnu.org/mailman/listinfo/gnue</a>, 
<a href="https://web.archive.org/web/20071111040818/http://mail.gnu.org/mailman/listinfo/gnue-dev">
http://mail.gnu.org/mailman/listinfo/gnue-dev</a>,
<a href="https://web.archive.org/web/20071111040818/http://mail.gnu.org/mailman/listinfo/gnue-announce">
http://mail.gnu.org/mailman/listinfo/gnue-announce</a>.</p>

<p>It also covers the #gnuenterprise IRC channel. A great deal of 
development discussion for this project goes on in IRC. You can 
find #gnuenterprise on irc.openprojects.net:6667, or you can 
review the logs at <a href="https://web.archive.org/web/20071111040818/http://www.gnuenterprise.org/irc-logs/">
http://www.gnuenterprise.org/irc-logs/</a>.</p>

</intro>

<section title="GNUe at Linux World Expo SF" subject="Linux World Expo SF -- interested?" archive="http://mail.gnu.org/pipermail/gnue/2002-April/003055.html" posts="1" startdate="05 Apr 2002 19:06:12 -0800" enddate="09 Apr 2002 23:00:00 -0800">
<topic>Why GNUe?</topic>
<topic>Bayonne</topic>


<p>Mark Miller said <quote who="Mark Miller">I've heard GNUe has been 
shown at a few user groups with very positive feedback.  Would 
anyone be interested in putting together a demo that could be 
showcased in the AMD booth at Linux World Expo in San 
Francisco?</quote></p>

<p>Some days later 
<a href="https://web.archive.org/web/20071111040818/http://www.gnuenterprise.org/irc-logs/gnue-public.log.08Apr2002">
on IRC</a>, Derek Neighbors (dneighbo) asked 
<quote who="Derek Neighbors">is there anyone willing to come to 
Linux World Expo in August</quote>? He said 
<quote who="Derek Neighbors">it sounds as though AMD will give us 
facilities to present GNUe for 20 min every hour or so on their 
floor - which means if we want our own booth we will need more 
than one person there - i am hoping to be able to make the 
trek</quote>.</p>

<p><a href="https://web.archive.org/web/20071111040818/http://www.gnuenterprise.org/irc-logs/gnue-public.log.10Apr2002">
Two days later</a>, Derek asked David Sugar (dyfet) about Bayonne's 
experiences <quote who="Derek Neighbors">with being at Intel booth 
in NY that one year?</quote>. He <quote who="Derek Neighbors">was 
wondering if you had horror stories or not :)</quote> David said 
<quote who="David Sugar">The problem was we were the only free 
software at the booth...and nobody thought to look for us there</quote>. 
Derek said <quote who="Derek Neighbors">we would maintian our own 
booth still</quote>. David felt <quote who="David Sugar">the other 
problem with the Intel booth was it was huge and we were so easily 
lost in it :).  AMD might be much better in that respect</quote>.</p>

</section>

<section title="Debian packages for GNUe and DCL" subject="[IRC] 04 Apr 2002" archive="http://www.gnuenterprise.org/irc-logs/gnue-public.log.04Apr2002" startdate="03 Apr 2002 23:00:00 -0800" enddate="04 Apr 2002 23:00:00 -0800">
<topic>DCL</topic>


<p>Continuing 
<kcref title="Debian packages for GNUe" startdate="20 Mar 2002 00:00:00 -0800"/>,
Nick Rusnov (nickr) said <quote who="Nick Rusnov">I'm 
looking at the current debian packages [...] they are 
rather wonky</quote>. He noted <quote who="Nick Rusnov">the 
guy put the ./debian directory right into the setup.py - 
rather than doing the DESTDIR thing you're supposed ot do - 
I have to reread the quick guide to packaging to figure out 
the best way to do it. I think it'll involve wrapping 
setpu.py in a Makefile - althigh since I know the people who 
wrote setup.py I could just tell them to support 
debian</quote>.</p>

<p>Later, continuing 
<kcref title="Debian packages for DCL" startdate="30 Mar 2002 00:00:00 -0800"/>,
Jeff Bailey (jabiley) said he had 
<quote who="Jeff Bailey">some not-finished debs for DCL.</quote> 
He was <quote who="Jeff Bailey">trying to decide if I Should 
automate database selection and creation, and whether that's an 
abuse of debconf.</quote>. He would be the DCL package maintainer -
<quote who="Jeff Bailey">It was placed up for adoption and I've 
announced my intention to adopt it already.</quote> He thought 
<quote who="Jeff Bailey">Maybe we should get a 
debian-gnue@lists.debian.org setup for good group discussion, 
and do the uploaders thing.</quote> Derek Neighbors (derek) 
suggested <quote who="Derek Neighbors">feel free to use the 
gnue-dev list</quote>. Jeff thought that <quote who="Jeff Bailey">The 
advantage of a Debian list just ofr packaging is visibility.</quote>.
Also, <quote who="Jeff Bailey">while you're different, most upstream 
folks tend to chew a new asshole in people who report packaging bugs 
to them.</quote> Andrew Mitchell (ajmitch) volunteered to get 
<quote who="Andrew Mitchell">a list organised</quote>. Jeff warned it 
might take some time.</p>

<p><a href="https://web.archive.org/web/20071111040818/http://www.gnuenterprise.org/irc-logs/gnue-public.log.05Apr2002">
The next day</a>, Jeff noted that <quote who="Jeff Bailey">There are 
apparently only 5 users of dcl</quote>, based on the figures reported 
by the Debian 
<a href="https://web.archive.org/web/20071111040818/http://people.debian.org/~apenwarr/popcon/results.web.html">
popularity-contest</a> package. Derek Neighbors (derek) said 
<quote who="Derek Neighbors">there are lots of dcl users (more than 5)
BUT i would imagine probably none of them installed from the debian 
:) - so i dont think 'breaking' the upgrade of the debian is a big 
deal</quote>.</p>

</section>

<section title="GNUe as an alternative to gnucash" subject="[IRC] 04 Apr 2002" archive="http://www.gnuenterprise.org/irc-logs/gnue-public.log.04Apr2002" startdate="03 Apr 2002 23:00:00 -0800" enddate="03 Apr 2002 23:00:00 -0800">
<topic>Financials (Accounting)</topic>


<p>Derek Neighbors (dneighbo) said <quote who="Derek Neighbors">i love 
the gnucash list - rate they are going they will demand smoething 
like gnue for personal finances :) - i.e. sql database with middle 
ware via RPC etc etc etc</quote>. He had started using gnucash 
personally, despite the lack of <quote who="Derek Neighbors">budgeting
- and the reporting sucks</quote>. Jason Cater (jcater) said 
<quote who="Jason Cater">I plan to use GNUe for personal finances?
what's the big deal? plus then the wifey can use it on her Win98 
machine :)</quote> James Thompson (jamest) had a simpler solution -  
<quote who="James Thompson">i use wife for personal finance - 
then I don't have to dick with it at all :)</quote>. Jason said 
<quote who="Jason Cater">I tried that - but only so many register 
entries can be written on a woman that small</quote>.</p>

</section>

<section title="Using pysablot as an XML transformation tool with GNUe Reports" subject="[IRC] 04 Apr 2002" archive="http://www.gnuenterprise.org/irc-logs/gnue-public.log.04Apr2002" startdate="03 Apr 2002 23:00:00 -0800" enddate="06 Apr 2002 23:00:00 -0800">
<topic>Reports</topic>


<p>Derek Neighbors (dneighbo) said he had a real need for a
<quote who="Derek Neighbors">reporting solution here</quote> at work, 
and asked how GNUe Reports was progressing after 
<kcref subject="[Gnue-dev] GNUe Reports and xmlns, oh my!" startdate="19 Mar 2002 18:38:20 -0800"/> 
- <quote who="Derek Neighors">have 
you formalized the 'tags' yet for NORMAL reporting? if so im ready to 
beta test</quote>. Jason Cater (jcater) said 
<quote who="Jason Cater">that's what I've been working on last 2 days - 
I wanna release reports 0.0.1 when we do forms/designer</quote>. He 
said <quote who="Jason Cater">fwiw, I'm doing a &quot;generic&quot; 
tag format that doesn't have to be the &quot;formal&quot; format
[...] that will demo what it will do</quote>. 
Derek said <quote who="Derek Neighbors">i will write an xsl for the 
output to excel -  as im hurting here - the report tool sucks so bad 
here ive dumped the data out to access (from olap) and am using access 
to write a report and its SHIT. I would rather dump to postgres 
then use gnue reports</quote>.</p>

<p>Jason <quote who="Jason Cater">really wants to see an XML to XSLT 
converter :)</quote>. Derek said <quote who="Derek Neighbors">i might 
try a convertor tonight to html</quote>, using 
<quote who="Derek Neighors">pysablot</quote>, although he wished 
there were Debian packages for this. Jason asked 
<quote who="Jason Cater">nickr: yes, could you package 
<a href="https://web.archive.org/web/20071111040818/http://pysablot.sf.net/">pysablot.sf.net</a>?? - /me would 
be your best friend - or at least nicer to you than I am to 
chillywilly ;)</quote> Nick Rusnov (nickr) suggested using 
<quote who="Nick Rusnov">4front instead - which is already 
packaged</quote>. Jason noted that <quote who="Jason Cater">sablotron 
plus the perl and php bindings are already in woody - just no python 
bindings</quote>. Derek said he had mainly used sablotron, 
<quote who="Derek Neighbors">as its what mdean and i found to have 
best docs :) - both beign new to xslt this was important :) - 
we got it working for DCL - and it seems very easy and simple to 
use - and has a plethora of bindings</quote>. Nick said 
<quote who="Nick Rusnov">I was going to use sablotron at one time 
but then I found 4front which did everything I needed</quote>. 
Christian Selig (sledge_) recommended 
<a href="https://web.archive.org/web/20071111040818/http://www.dpawson.co.uk/">the XSLT FAQ</a> - 
<quote who="Christian Selig">it's a faq for those who already use 
xslt - it gives some good advice on the more tricky issues 
:-)</quote>.</p>

<p><a href="https://web.archive.org/web/20071111040818/http://www.gnuenterprise.org/irc-logs/gnue-public.log.06Apr2002">
Two days later</a>, Jason asked <quote who="Jason Cater">nickr: 
did we ever volunteer you to package pysablot for us?</quote>
Nick replied <quote who="Nick Rusnov">you tried to convince me 
- but I'm whiley</quote>. Jason explained that psyablot was 
a <quote who="Jason Cater">a wrapper to sablotron</quote>, 
which was <quote who="Jason Cater">an XSL processor fully 
implemented in C++</quote>. Nick pointed out that 
<quote who="Nick Rusnov">you guys do know that pysablot was 
last released in nov 2000? and that its still alpha?</quote>
He said he would <quote who="Nick Rusnov">make a deb of it, but 
I don't think I should put it in the debian archive if</quote> 
it wasn't being actively maintained. Derek said that there 
was a freeze on new packages until the May 1st release of 
Debian woody (as the new stable distribution) anyway. He didn't 
think that it was a problem that there had been no more recent 
releases of psyablot - <quote who="Derek Neighbors">i mean all 
it is a wrapper to sablotron - and from what i have used it 
works w/o issue - and seemed to have all functionality - 
so unless sablotron changes i wouldnt expect a lot from pysablot 
to change - i am willing to contact the maintainer of pysablot to 
see if they have abandoned it or not</quote>. If so, 
<quote who="Derek Neighbors">i will probably see if he is willing 
to turn it over - call me sick but i like it :)</quote>. He 
thought it was important, as <quote who="Derek Neighbors">iirc 
there were only like 2 or 3 xslt packages for python - 
sablotron and pysablot were the only combo that were BOTH GPL - 
i also liked that sablotron is maintained by a commercial 
company that puts money into the development</quote>. Nick 
pointed out that <quote who="Nick Rusnov">python 4suite is free - 
and maintained</quote>. Derek said <quote who="Derek Neighbors">fwiw 
i suppose in reports and such we could treat it like db drivers - 
where you can use your 'favorite' xslt engine. To me i think one 
issue with 4suite - is it is a REAL suite - i.e. its a LOT of 
junk we dont use</quote>, although it did have support for
<quote who="Derek Neighbors">a Python implementation of the 
ODMG 3.0 object database standard</quote> which Daniel Baumann 
(chillywilly) had been championing. Later, Nick reported 
<quote who="Nick Rusnov">I appear to have successfully created 
pysablot packages</quote>, in versions for both python 2.1 
and 2.2, which were now 
<a href="https://web.archive.org/web/20071111040818/http://nick.industrialmeats.com/proj/gnue/pysablot/">
available</a> for testing. There was much gratitude from 
various people.</p>

<p><a href="https://web.archive.org/web/20071111040818/http://www.gnuenterprise.org/irc-logs/gnue-public.log.07Apr2002">
The next day</a>, Jason declared that Nick 
<quote who="Jason Cater">rocks because he created a pysablot 
deb for us :)</quote> He had done some testing and 
<quote who="Jason Cater">it appears to</quote> work. Nick 
said <quote who="Nick Rusnov">if you guys take on maintainership 
and clarify the license I'll upload itto debian</quote>. It 
would also need <quote who="Nick Rusnov">some documentation - 
there isn't so much as a readme in the tarball</quote>. 
Jason suggested <quote who="Jason Cater">who knows by the time 
we're done we might end up &quot;adopting&quot; a lot of small 
python projects</quote>, as a <quote who="Jason Cater">GNUe 
Python Orphanage</quote>. Daniel suggested 
<quote who="Daniel Baumann">GNUe Rehabilitation Center</quote>.</p>

</section>

<section title="Patching and profiling GNUe Forms" subject="[IRC] 05 Apr 2002" archive="http://www.gnuenterprise.org/irc-logs/gnue-public.log.05Apr2002" startdate="04 Apr 2002 23:00:00 -0800" enddate="04 Apr 2002 23:00:00 -0800">
<topic>Forms</topic>


<p>James Thompson (jamest) said that <quote who="James Thompson">one issue 
with the win32 patch on multilines that jcater pointed out in his (and 
my environments) we have both win32 and unix clients - if a win32 client 
saves cr/lf to the db and a unix client reads it and modifies it then we 
have a problem :)</quote> Harald Meyer (Harald1) said 
<quote who="Harald Meyer">one just has to make a workaround, when things 
get saved into the database</quote>. He <quote who="Harald Meyer">might 
take a look, but I'm not sure if I understand enough of forms. How is the 
transfer from GFObjects into the database done?</quote>. James said 
<quote who="James Thompson">i'll try and find some time over the next few 
days as this is going to be  a pain in the rear - GFObjects never really 
hold anything - they pass it all to the data system -  even forms not 
connected to a database create dummy datasources to store their info - so 
the edits would probably need to go into common</quote>. He explained 
that the FieldDisplayHandler was <quote who="James Thompson">new - 
while an edit is taking place the value of the field is passing into 
the handler - once the edit is completed then value is passed back to the 
entry which store it in the datasource</quote>. He had 
<quote who="James Thompson">removed internal event name translation into 
lower case today and make a cool error - where the event handler events 
were not being seen -  so you go to a field , try and edit it (it'd go 
blank), then the old value would return on exit :)</quote> It hadn't 
taken very long to spot this error!</p>

<p>He added <quote who="James Thompson">my 
test case was calling lower something like 11700 times - removing it from 
the event system saved a few calls - however</quote> by writing the 
'force to lower-case' as an exception rather than the norm
<quote who="James Thompson">in one function dropped that to about 1200 - 
profiling is good :)</quote>. Daniel Baumann (chillywilly) asked whether 
James had used <quote who="Daniel Baumann">gprof</quote> for profiling. 
James said <quote who="James Thompson">no - it's built into common's 
GBaseApp - forms, designer, reports, nav all based upon it</quote> 
and accepted a --profile option flag from the command line. He explained 
<quote who="James Thompson">python has an internal profiler module</quote>. 
He didn't think it used gprof, as <quote who="James Thompson">the profiler 
is written in python - and uses the way python works to hook into it - 
read the module manual profile section</quote>. Daniel wasn't so sure.</p>

</section> 

<section title="GNUe Presentations" subject="[IRC] 05 Apr 2002" archive="http://www.gnuenterprise.org/irc-logs/gnue-public.log.05Apr2002" startdate="04 Apr 2002 23:00:00 -0800" enddate="04 Apr 2002 23:00:00 -0800">
<topic>Why GNUe?</topic>


<p>Continuing the theme of 
<kcref title="GNUe demo at Phoenix Linux User Group" startdate="14 Mar 2002 00:00:00 -0800"/>,
Derek Neighbors (dneighbo) reported <quote who="Derek Neighbors">i think 
get to do gnue presentation for local community college CS division next week
i.e. one of those things where professors demand students attend kind of 
lectures</quote>. Arturas Kriukovas (Arturas) said 
<quote who="Arturas Kriukovas">not only Derek does this :) - 
on Friday i'll read a lecture in university about open source - linux &amp; 
gnue main themes -  but not for students - for professors :)</quote></p>

</section>

<section title="Using CORBA and other RPCs with GNUe" subject="[IRC] 05 Apr 2002" archive="http://www.gnuenterprise.org/irc-logs/gnue-public.log.05Apr2002" startdate="04 Apr 2002 23:00:00 -0800" enddate="04 Apr 2002 23:00:00 -0800">
<topic>Common</topic>
<topic>Application Server</topic>


<p>Stefano Baronio (steu) asked whether <quote who="Stefano Baronio">geas 
is based on corba?</quote> Andrew Mitchell (ajmitch) said that GNUe Application 
Server (GEAS) was <quote who="Andrew Mitchell">being rewritten anyway, so it 
can use corba, soap, xml-rpc, other funky system</quote>. Derek Neighbors 
(dneighbo) confirmed <quote who="Derek Neighbors">geas v1 uses corba yes</quote>. 
However, the new version <quote who="Derek Neighbors">will use gnue rpc - 
which is an rpc abstraction library - it will support XML-RPC, SOAP, CORBA 
probably right away - but its design is such that it can support any rpc 
that one wishes to write a driver for</quote>. Stefano said he was 
<quote who="Stefano Baronio">writing a generic system for distrib objects in 
corba, and I have found geas, but</quote> wasn't sure if it could help him. 
Derek said <quote who="Derek Neighbors">geas is not really distributed corba 
objects - i.e. our approach is to not lock ourselves into things - the idea 
is we use rpc as a transport only - not to actually deal with the 
objects</quote>. This was true of even the first, CORBA-only, version of 
GEAS - <quote who="Derek Neighbors">i.e. you defined objects via a class 
definition - that got loaded into GEAS but there was not individual IDL for 
every object</quote>. Stefano said <quote who="Stefano Baronio">my problem is 
not how to write a system like this, but how a medium developer can interoperate 
with it without knowledge of corba and c++. - for example, a VB or delphi 
developer</quote>. Derek said <quote who="Derek Neighbors">our view was that 
if you merely have an abstraction the developer really need not understand 
much of CORBA etc - as they have a lightweight CORBA api to deal with - 
instead of having to use CORBA to ineract with every object</quote>. 
Stefano said he needed a multi-platform solution that was quick to develop on.   
Derek said <quote who="Derek Neighbors">gnu enterpise doesnt have the goal 
of being a component company for vb/delphi (which it sounds like what you 
are looking for) - so i guess my short answer is that geas has little value 
in that context</quote>. However, <quote who="Derek Neighbors">there are 
plenty of folks that would discuss such things here as we discuss about 
anything</quote>.</p>

<p>Later, Derek said <quote who="Derek Neighbors">there is some misnomer 
that i love delphi - i think some things in delphi are great adn i think 
borland builds much better tools than say m$ - but i dont think gnue should 
be delphi</quote>. Calum Morrell (drochaid) suggested that tools 
<quote who="Calum Morrell">like kylix</quote> were better as free alternatives 
to Delphi as a generic rapid development tool.</p> 

</section>

<section title="GNUe as a free alternative to Microsoft Access - and more" subject="[IRC] 06 Apr 2002" archive="http://www.gnuenterprise.org/irc-logs/gnue-public.log.06Apr2002" startdate="05 Apr 2002 23:00:00 -0800" enddate="05 Apr 2002 23:00:00 -0800">
<topic>Forms</topic>


<mention>ra3vat</mention>

<p>Rob Adamson (bobacus) said he had come 
<quote who="Rob Adamson">across gnue on the web a couple of 
weeks ago, and it looks like an exciting development - particularly 
if it can replace MS Access :)</quote>, as previously discussed in
<kcref title="GNUe as a free alternative to Microsoft Access - and more" startdate="18 Mar 2002 00:00:00 -0800"/>.
Peter Sullivan (psu) said <quote who="Peter Sullivan">well, it's 
a bit more than that (or will be, anyway)</quote>. However, 
<quote who="Peter Sullivan">the beauty of GNUe Forms as an Access 
replacement is that you get to use *your* choice of 
&quot;real&quot; back end database - be it postgresql, 
SAP-DB, mysql, firebird or one of the non-free &quot;famous 
names&quot; DBs</quote>. Rob said he was installing the 
Debian packages. Peter said <quote who="Peter Sullivan">I'm not sure 
how &quot;solid&quot; the debs are at the moment</quote>. Nick 
Rusnov (nickr) warned <quote who="Nick Rusnov">the debs are being 
dropped from the distirbution I think because the latest ones are 
unbuildable</quote>. Peter felt <quote who="Peter Sullivan">It's a 
tad embaressing for a free software project (and a GNU project at 
that), but the &quot;easiest&quot; platform to install on at the 
moment is M$ Windows - just grab the setup.exe and go</quote>. 
He suggested <quote who="Peter Sullivan">I suspect you may be better 
installing from source on Debian GNU/Linux - I don't believe the 
dependancies are too awful to hack manually - and are reducing 
anyway ;-)</quote> Nick agreed - <quote who="Nick Rusnov">installing 
from CVS is very easy</quote>. Later, Derek Neighbors (derek) 
agreed - <quote who="Derek Neighbors">on debian get all dependencies 
from sid via apt and just get the cvs copy of gnue</quote>.</p>

<p>Dmitry Sorokin (ra3vat) <quote who="Dmitry Sorokin">wonders why 
so many peoples do not like access that much?</quote>. Peter 
said that Microsoft Access was not a 'real' relational data base 
managment system, <quote who="Peter Sullivan">but it gets (ab)used 
for fairly big d/b jobs because most people on Win platforms have 
it as part of Office - and hence it is &quot;free&quot; (as in beer) 
to them</quote>. Rob said it <quote who="Rob Adamson">does 
horrible locking stuff with its mdb files, which seems to interact 
badly with samba, afaict - but it can be used with other back-ends 
via ODBC</quote>.</p> 

</section>

<section title="Scalability of GNUe Application Server (GEAS)" subject="[IRC] 07 Apr 2002" archive="http://www.gnuenterprise.org/irc-logs/gnue-public.log.07Apr2002" startdate="06 Apr 2002 23:00:00 -0800" enddate="06 Apr 2002 23:00:00 -0800">
<topic>Application Server</topic>


<p>Andrew Mitchell (ajmitch) asked <quote who="Andrew Mitchell">should 
the different parts of GEAS be all running as separate threads 
in one python instance, or would you rather them be in separate 
instances, communicating via gnue-common libs?</quote>. Peter 
Sullivan (psu) suggested <quote who="Peter Sullivan">I would 
guess that GEAS should be as separated as possible as you might 
want to have it on multiple servers</quote>. Andrew felt that 
<quote who="Andrew Mitchell">would make it more scalable, &amp;
robust, imho</quote>. He noted <quote who="Andrew Mitchell">webware 
has an appserver, i think we shoudl look at that for how they 
do object caching, etc</quote>. Peter said that 
<quote who="Peter Sullivan">scalability is important</quote> for 
GNUe, as <quote who="Peter Sullivan">no matter what we say, some 
people will use it as a Quicken/SAGE/M$Money clone on a single PC
[...] but at the other end you can replicate your GEAS servers as 
much as you like</quote>. Andrew suggested 
<quote who="Andrew Mitchell">a node controller</quote> to provide 
functionality such as <quote who="Andrew Mitchell">automagical 
failover, so that transactions aren't lost</quote>.</p>

</section>

<section title="Running applications from Navigator" subject="[Gnue-dev] Re: Running applications from Navigator (Kernel Cousin #23)" archive="http://mail.gnu.org/pipermail/gnue-dev/2002-April/000088.html" posts="1" startdate="08 Apr 2002 14:03:17 -0800" enddate="08 Apr 2002 14:03:17 -0800">
<topic>Navigator</topic>


<p>Further to 
<kcref title="Running applications from Navigator" startdate="02 Apr 2002 00:00:00 -0800"/>, 
Stan Klein said that, in so far as <quote who="Stan Klein">Navigator is 
based on my business-process-oriented menu system proposal</quote>, he
had always intended <quote who="Stan Klein">to include the ability to run
general commands and to pass parameters to those cammands</quote> for 
functionality such as:</p>

<quote who="Stan Klein">
<ol>
   <li>Viewing reports</li>
   <li>Getting program-specific help</li>
   <li>Accessing organizational policies related to specific business
   processes</li>
</ol>
</quote>

</section>

<section title="Porting GNUe objects to XSD" subject="[IRC] 08 Apr 2002" archive="http://www.gnuenterprise.org/irc-logs/gnue-public.log.08Apr2002" startdate="07 Apr 2002 23:00:00 -0800" enddate="07 Apr 2002 23:00:00 -0800">
<topic>Application Server</topic>
<topic>Common</topic>


<p>Ian Stewart (Javaguy) <quote who="Ian Stewart">wanted 
to run past an idea re: porting GNUe business objects to 
<a href="https://web.archive.org/web/20071111040818/http://www.w3.org/TR/xmlschema-0/">XSD</a> - 
XML Schema Definition</quote>. Jason Cater (jcater) 
<quote who="Jason Cater">thought xml schema was a replacement 
for dtd</quote>. Ian said <quote who="Ian Stewart">XML 
Schema is being used to replace DTD's, but that's only one 
use - Basically, you have an XSD (schema definition), which 
describes a complex structure, and then you have an XSI (Schema 
Instance) for each instance of said structure</quote>. 
Daniel Baumann (chillywilly) said <quote who="Daniel Baumann">our 
schema language should be ODL as that's the purpose of it, 
to describe the schema of an ODMS (which include object application 
servers)</quote>. Ian said that, although 
<quote who="Ian Stewart">ODL seems to make the most sense for 
internal definitions If you want GNUe to interface with .NET services, 
SOAP, etc, ODL is not going to do you much good...</quote>. 
Daniel said <quote who="Daniel Baumann">ah, but we have a layer 
to do remote communication protocols</quote>. He added 
<quote who="Daniel Baumann">we don't have DotGNU integration 
yet.... juets ways to call methods remotely</quote>.</p>

</section>

<section title="Working on GNUe Reports" subject="[IRC] 08 Apr 2002" archive="http://www.gnuenterprise.org/irc-logs/gnue-public.log.08Apr2002" startdate="07 Apr 2002 23:00:00 -0800" enddate="09 Apr 2002 23:00:00 -0800">
<topic>Reports</topic>


<p>Derek Neighbors (derek) said he would use a sample GNUe 
Reports Definition (.gfd), and do <quote who="Derek Neighbors">an 
html.xsl sheet as it should be easy - then i think i might make a 
gnumeric one - if i get VERY brave i will look at a formatted 
objects one which will segway into ps, pdf etc</quote>. Jason Cater 
(jcater) <quote who="Jason Cater">wants a text one, too</quote>. He 
asked <quote who="Jason Cater">how does everyone feel about 
standardizing on SVG for dynamically generated graphics
(i.e., charts, etc)</quote>. Derek said 
<quote who="Derek Neighbors">i feel good about svg but i claim 
to know little :)</quote></p>

<p>Jason confirmed that the output parameter for GNUe Reports 
was <quote who="Jason Cater">-p or --destination</quote>. Derek 
thought this <quote who="Derek Neighbors">seems like an odd choice 
:)</quote>. Jason said <quote who="Jason Cater">-d is taken for 
&quot;debug&quot;</quote> but he was going to see if that could 
be changed. Nick Rusnov (nickr) suggested 
<quote who="Nick Rusnov">why not -o</quote> for output?</p>

<p>Derek asked what the &lt;GNUe-report&gt; and &lt;GNUe-request&gt; 
tags in the output were for. Jason said <quote who="Jason Cater">you 
can ignore the GNUe-report-* stuff</quote>, whilst 
<quote who="Jason Cater">the GNUe-request are the options the report 
was run with - in case the raw xml was written to a file and later 
transformed</quote>. He didn't really want to remove either of 
these <quote who="Jason Cater">unless it really causes you a 
problem</quote> - <quote who="Jason Cater">nothing is 
permanent at this stage :) but my intent is to keep them</quote>.</p>

<p>Later, Derek confirmed <quote who="Derek Neighbors">basic 
transformatoin for title is done :)</quote> He suggested 
<quote who="Derek Neighbors">for now i want to be 'simple'
so im going to ignore 'page breaks' in html - and instead insert 
&lt;hr&gt;</quote>. Jason confirmed that section titles would 
be marked up as <quote who="Jason Cater">&lt;sectionTitle&gt;
foo &lt;/sectionTitle&gt;</quote> in the source XML. Derek was 
<quote who="Derek Neighbors">just curious if we are avoiding 
&lt;section title=&quot;something&quot;&gt; for a reason - 
i think its easier in xslt to do the way we are doing it :)</quote>. 
He confirmed he had <quote who="Derek Neighbors">subtitles and 
sectdions</quote> working.</p>

<p>On formatting the tables, Derek thought 
<quote who="Derek Neighbors">width, alignment etc should possibly 
not be in the [...] source file - this is where im torn - 
if we leave it out we are better off - BUT people will whine if 
we dont - i think the right way to do it is allow custom .xsl files 
to apply ontop of standard - but that another debate</quote>. 
Jason said <quote who="Jason Cater">I have ONLY one reason for doing 
that - I don't like it - BUT - this is a demo in which I need PS and 
Text demos - and at the moment, I can't figure out tables :) - 
so if you have a &quot;width&quot; we can fudge it for the moment. 
Now, if you know how to draw tables w/o that information - I'm game - 
long run, that's what I'd like - and remember, this is a proof of 
concept markup, not necessarily &quot;official gnue&quot;</quote>.
Derek suggested hard-coding a 
<quote who="Derek Neighbors">&lt;table 
width=&quot;100%&quot;&gt;</quote> in the HTML output for the moment. 
Nick Rusnov (nickr) suggested <quote who="Nick Rusnov">use CSS, it 
makes size and formatting much easier</quote>, but admitted this 
would only help with HTML output.</p>

<p>After some more work, Derek was 
<quote who="Derek Neighbors">getting closer</quote> with the HTML 
output, and posted <quote who="Derek Neighbors">a 
<a href="https://web.archive.org/web/20071111040818/http://gnuenterprise.org/~dneighbo/monthly.html">sample</a></quote>. 
Jason got all emotional - <quote who="Jason Cater">my baby - she's 
becoming a girl</quote>. Derek said <quote who="Derek Neighbors">let 
me knock out subtotaling - and then i will look at respecting the 
attributes</quote>. He did not <quote who="Derek Neighbors">like how 
you ahve done subtotals :) it will make me work</quote>. Jason asked 
<quote who="Jason Cater">how would you like it? we can change</quote>. 
Derek suggested XML source mark-up like 
<quote who="Derek Neighbors">&lt;subtotalRow 
level=&quot;2&quot;&gt;</quote>. Jason said 
<quote who="Jason Cater">actually, I think I prefer that</quote>.</p>

<p>Derek did some more research on <quote who="Derek Neighbors">some 
xslt stuff - like attribute processing</quote>. He noted 
<quote who="Derek Neighbors">you can combine documents</quote> using 
attribute values to contain filenames, and 
<quote who="Derek Neighbors">we can do formulas in xslt if we so 
desire - hmm it can do sorting and the likes too</quote>. He 
reported <quote who="Derek Neighbors">well i have it respecting 
attributes :) - but its not pretty</quote>, as the table width 
<quote who="Derek Neighbors">of 100% makes it ugly</quote>. Jason 
suggested removing this - <quote who="Jason Cater">the table column 
widths are actual max character widths - which may or may not be 
relative in html output - but was mainly for text/ps</quote>.</p>

<p>Nick reformatted the output using a Cascading Style Sheet (CSS) 
to show how this would work. Derek <quote who="Derek Neighbors">looked 
at the version you made but struggling to implement it</quote>, but 
noted <quote who="Derek Neighbors">if i remove that 
text=&quot;css/text&quot; works fine - prolly will choke the snot 
out of old browsers though</quote>. Nick said the stylesheet would 
normally be a seperate file. Derek suggested 
<quote who="Derek Neighbors">if you want want to pretty this up 
some</quote>, he might be able to get <quote who="Derek Neighbors">the 
xslt sheet</quote> to apply the formatting rather than have to use 
CSS. Nick noted <quote who="Nick Rusnov">you are getting logical 
information about the rows aren't you? [...] if you're getting that 
information, you can put it in class names - if its in class names 
you can mark up based on it</quote>. Jason agreed, 
<quote who="Jason Cater">as I don't wanna put css in</quote> the 
GNUe Report Definition (.grd) format.</p>

<p><a href="https://web.archive.org/web/20071111040818/http://www.gnuenterprise.org/irc-logs/gnue-public.log.09Apr2002">
After midnight</a>, Nick suggested XML tagging like 
<quote who="Nick Rusnov">class=&quot;total&quot;</quote>. 
However, <quote who="Nick Rusnov">it doesn't matter what 
you call it on tehe grd side, as long as we can guess 
logical information about the data and convert it to CSS 
classes</quote>. For number formatting, 
<quote who="Nick Rusnov">what you should do is do like 
spreadsheets do it - and say 'this item should be numeric' 
etc - and then we can say at the HTML level 'numeric classed 
things are right aligned'</quote> Jason said he had been 
planning to <quote who="Jason Cater">have something like 
&lt;field type=&quot;date&quot; 
format=&quot;y-m-d h:m:s.i&quot;&gt;2002-04-01 
00:00:00.00&lt;/field&gt; -  and the XSLT could take it as 
provided - or if the locale preferred, could convert the 
format</quote>.</p>

<p>Derek said <quote who="Derek Neighbors">technically
it might be preferred to make xslt do formatting</quote>. Nick 
agreed - <quote who="Nick Rusnov">I say remove all physical 
formatting from grd - only provide logical information for the 
formatting side to use as hints</quote>. But Derek did not 
<quote who="Derek Neighbors">want to lock us into xslt - 
so i woudl rather put the tag in grd and have our engine do 
it - though it think when we get cooking we probably wont have 
anything but xslt</quote>. Jason said <quote who="Jason Cater">fwiw, 
I don't want to put TOOO much processing off into the XSLT - as 
it isn't exactly known for its speed - i.e., transforms is one 
thing, sorting and format masks are another</quote>. Nick 
thought <quote who="Nick Rusnov">definitely do sorting and char 
level formatting on the grd side. but leave alignments and stuff 
up to the xslt based on type/class hints</quote>. Jason said 
<quote who="Jason Cater">there's several instances where I've 
needed right-aligned text- or left-aligned numbers - however, 
I do agree that the &quot;default&quot; could vary based on 
type</quote>.</p>

<p>Jason went to bed, and Derek and Nick discussed using 
italics or sans-serif fonts, making more changes as they 
went. As more people joined the channel, Derek gave a quick 
summary of progress to date - <quote who="Derek Neighbors">the 
report is certainly lame but its really living and breathing
i.e. it actually gets its database from a database - 
you have an .grd which is xml that is like a form to define 
what db and such to connect too - then it goes out gets the 
data and makes an outputted xml file - and we do an xslt 
translation to turn it into html</quote>. He felt it was 
<quote who="Derek Neighbors">a pretty solid start</quote>.</p>

<p>Derek and Nick continued to adjust the format to see 
what looked best. Derek explained 
<quote who="Derek Neighbors">subtotalling is not fully 
functional</quote> yet - <quote who="Derek Neighbors">jcater 
will probably have them workign tomorrow</quote>. He started 
to experiment with outputting newlines and tabs for plain 
ASCII output, and posted <quote who="Derek Neighbors">the 
start of a text version</quote> before going to bed - 
<quote who="Derek Neighbors">i just think jcater needs 
ascii output for some dot matrix forms at work - 
so wanted to encourage that it might be doable pretty 
quick</quote>, although he admitted 
<quote who="Derek Neighbors">it was easier to try txt 
as a second transformation</quote> than formatted 
objects for Postscript or PDF.</p>

<p>After some sleep, Derek started on the Gnumeric 
format as well. He asked <quote who="Derek Neighbors">i 
thought that gnumeric saved in xml? [...] but default 
is some binary</quote>. Reinhard M&#252;ller (reinhard) 
said that the default was just 
<quote who="Reinhard Müller">compressed xml - via 
gzip</quote>. Derek decompressed it and exclaimed 
<quote who="Derek Neighbors">man is it 'verbose' - 
will have to do for loops with variables in xslt
get it to output</quote>.</p>

<p><a href="https://web.archive.org/web/20071111040818/http://www.gnuenterprise.org/irc-logs/gnue-public.log.10Apr2002">
The next day</a>, Jason asked about progress on the text XSL. 
Derek said he <quote who="Derek Neighbors">was going to write some 
'functions' so col width=&quot;&quot; is respected - and would 
justify off that</quote>. Jason asked <quote who="Jason Cater">can 
I send you a sample of what I'd like to see?</quote>. Derek asked 
<quote who="Derek Neighbors">what do you want for 'pages' in the 
.txt version - will a 'form feed' char work?</quote>. Jason said
that <quote who="Jason Cater">will work</quote>. Jason said 
<quote who="Jason Cater">if you can get the text.xsl up to speed
then that'll free me up to make the datasources respect those 
passed parameters - this is gonna be one helluva 0.0.1 
release</quote>. Derek said <quote who="Derek Neighbors">we really 
need all the items released - forms, designer, reports etc - 
its been a while on all of them</quote>. Jason said 
<quote who="Jason Cater">hopefully this weekend or next 
week</quote>.</p>

<p>Derek said that one of the <quote who="Derek Neighbors">downsides 
to GNUe - every time you need info you are your own best reference 
(according to google)</quote>. Jason agreed - 
<quote who="Jason Cater">no kidding - I searched for xslt postscript 
yesterday - and guess what was at the top spot? gnue reports :) -
which blew me away</quote>.</p>

<p>Jason posted a sample 
<a href="https://web.archive.org/web/20071111040818/http://www.gnuenterprise.org/~jcater/foobulations.txt">text</a>
report, and asked <quote who="Jason Cater">btw, is there any way in 
XSLT to store arrays?</quote>. Derek said <quote who="Derek Neighbors">um
 not really - its morelike a functional language than a procedurual 
one</quote>. Jason recognised that, but <quote who="Jason Cater">was 
wondering if it'd be possible to remember the &quot;width&quot; settings 
for the &lt;col&gt;</quote> headings. He <quote who="Jason Cater">only 
had those in the &lt;heading&gt; section - it seems SO wasteful to have 
to repeat those for each row - but if that's all we can do, then that's 
all we can do :)</quote>. Derek said <quote who="Derek Neighbors">you 
can have it persist</quote>.</p>

</section>

<section title="i18n and translating error messages" subject="[IRC] 10 Apr 2002" archive="http://www.gnuenterprise.org/irc-logs/gnue-public.log.10Apr2002" startdate="09 Apr 2002 23:00:00 -0800" enddate="09 Apr 2002 23:00:00 -0800">
<topic>Common</topic>


<p>Arturas Kriukovas (Arturas) suggested 
<quote who="Arturas Kriukovas">maybe it would be better to 
assign for i18n one directory - put there translations 
(maybe in subdirectories), some kind of readme what i18n is, 
in what ways it's going to be realised and etc.) - and that 
everyone could put his ideas/corrections there</quote>. 
Jason Cater (jcater) suggested the translations could go 
into <quote who="Jason Cater">/usr/local/gnue/etc/lang/</quote> - 
or possibly <quote who="Jason Cater">etc/locale</quote>, to 
allow for localisations like time format as well - 
<quote who="Jason Cater">and maybe have subdirectories under 
that for each supported locale</quote>.</p>

<p>Further to 
<kcref subject="[Gnue-dev] customized (non-ascii) forms" startdate="27 Mar 2002 13:02:33 -0800"/>,
Arturas reported <quote who="Arturas Kriukovas">some good 
news from i18n world - i &amp; Dmitry (ok, it was Dmitry on the 
whole :) managed to get i18n (=&gt; Russian) symbols in wxForm
under win - source still looks awfully, but it 
works</quote>.</p>

<p>Derek Neighbors (dneighbo) felt that 
<quote who="Derek Neighbors">documentation of what we are doing 
for all of i18n probably belongs in docbook/ -  with proposals 
and other docs</quote>. Derek felt there probably wouldn't be 
any tool-specific i18n files, so Jason suggested 
<quote who="Jason Cater">to continue w/our current model, they 
should all go into common/etc</quote>. This might not be ideal, 
but they could <quote who="Jason Cater">worry about cleaning up 
when we clean it ALL up :)</quote> Derek said 
<quote who="Derek Neighbors">let Arturas check it in so we can 
blame him later when people complain ;)</quote>. Arturas didn't 
like the sound of that, but Jason reassured him 
<quote who="Jason Cater">don't worry.. we do that to derek ALL 
the time :)</quote>.</p>

<p>Arturas asked <quote who="Arturas Kriukovas">do we transalate 
error, debug messages?</quote> Jason thought error messages 
needed translating, but <quote who="Jason Cater">I wouldn't worry 
about debug messages at this point</quote>. James Thompson 
(jamest) thought <quote who="James Thompson">i think the msg_blah 
stuff in gnue.conf needs to come out of there</quote>. Arturas 
agreed, as then <quote who="Arturas Kriukovas">there is no need 
to translate gnue.conf :)</quote> Nick Rusnov (nickr) asked 
<quote who="Nick Rusnov">does python support gettext?</quote>. 
Jason said it did, but <quote who="Jason Cater">unfortunately, 
we have to be careful in implementing that - as that adds a lot 
of overhead</quote> as it <quote who="Jason Cater">causes a python 
method call</quote>. James asked whether they could be 
cached once on startup and <quote who="James Thompson">then the 
apps only reference the var that holds the output of the 
original _() call</quote>.</p>

<p>Derek suggested that <quote who="Derek Neighbors">if its a 
message that is useful to teh END USER it shoudl be translated - 
if its more a 'developer' message - it should be in english 
only - as we already are assuming all 'developers' will speak 
english at least enough to code in english :)</quote>. He said 
<quote who="Derek Neighbors">the problem i think lies in that 
our lower level debug statements - some of the stuff is actuall
'user messages' - but not all of it</quote>. Arturas agreed - 
<quote who="Arturas Kriukovas">all other strings (that end user 
can see) will be translated</quote>.</p>

</section>

<section title="Bayonne (GNU Comm) version 0.8 release" subject="[IRC] 10 Apr 2002" archive="http://www.gnuenterprise.org/irc-logs/gnue-public.log.10Apr2002" startdate="09 Apr 2002 23:00:00 -0800" enddate="09 Apr 2002 23:00:00 -0800">
<topic>Bayonne</topic>


<p>David Sugar (dyfet) said there would be another release of Bayonne 
this week - <quote who="David Sugar">It's the big 0.8 :)</quote>. 
He confirmed that Bayonne contained some regression tests which 
could be used to check out problems. Later, Derek Neighbors 
(dneighbo) said <quote who="Derek Neighbors">if you could post a 
story to main site i will publish it - i dont know what we had 
worked out re: downloads and such - i think we have a mirror of 
sorts setup</quote>. David said <quote who="David Sugar">we may 
have 1.0 out by June</quote>.</p>

</section>

<section title="Jabber and Mozilla with GNUe" subject="[IRC] 10 Apr 2002" archive="http://www.gnuenterprise.org/irc-logs/gnue-public.log.10Apr2002" startdate="09 Apr 2002 23:00:00 -0800" enddate="09 Apr 2002 23:00:00 -0800">
<topic>Forms</topic>
<topic>Common</topic>


<p>Justin Kirby (return_this) said <quote who="Justin Kirby">I found GNUe 
yesterday and it peaked my interest</quote>. He noted GNUe was written 
in python, and said <quote who="Justin Kirby">I am thinking about 
mozilla and jabber (my main points of experience) - does it make sense 
to integrate GNUe into these platforms? or is it too divergant?</quote>.</p> 

<p>Nick Rusnov (nickr) said <quote who="Nick Rusnov">Currently most of 
it is in python</quote> but <quote who="Nick Rusnov">you already know 
python, basically, if you know C++</quote>. He explained that, as 
python was interpreted rather than compiled, it  
<quote who="Nick Rusnov">has a library management system similar to 
perl's</quote>. But <quote who="Nick Rusnov">for most things
like simple scripts its just write and run</quote>. Justin 
said <quote who="Justin Kirby">maybe perl has tainted my outlook... 
but scripts and I do not get along at all</quote> - he thought this 
might cause stability problems for <quote who="Justin Kirby">something 
that will grow as large as GNUe will...</quote>. Nick said 
<quote who="Nick Rusnov">I see where perl would give you a bad impression 
of interpreted lanuages - Python is by nature object oriented - 
its not like perl umm package wise</quote>.</p>

<p>Later, he explained <quote who="Nick Rusnov">python goes like 
this &quot;you use whitespace for what!?&quot; then &quot;okay, 
its not so bad&quot; then &quot;Wow, this is easy&quot; then 
&quot;I love python!&quot;</quote>. Justin said 
he had <quote who="Justin Kirby">just hit that &quot;You use 
whitespace for what?!?!?!&quot; phase</quote>. Nick said 
<quote who="Nick Rusnov">yea, thats the most painful phase of 
all - a lot of people get stuck there</quote>. 
Justin said <quote who="Justin Kirby">also the lack of 
typesafety is troublesome too</quote>. Daniel Baumann 
(chillywilly) said <quote who="Daniel Baumann">that's what 
exceptions are for ;)</quote>. Justin asked 
<quote who="Justin Kirby">are braces optional?</quote>. 
Nick said <quote who="Nick Rusnov">you don't use braces at 
all</quote>. Daniel said <quote who="Daniel Baumann">python 
seems very natural to me even coming from c/c++ background - 
I don't miss the braces</quote>.</p>

<p>Earlier, Justin said he was looking at GNUe for 
<quote who="Justin Kirby">several things: a POS, Accounting for 
bother Retail and Service oriented biz - I am looking for a base 
to build off of for these types of apps... GNUe seems almost 
perfect</quote>. Jason Cater (jcater) asked 
<quote who="Jason Cater">how are you envisioning either mozilla 
or jabber working with business software?</quote>. 
Nick said <quote who="Nick Rusnov">I could see 
jabber for a distributed sort of business object network - you 
could use mozilla with a web-based forms client - but I don' 
see why it'dhave to be specificly mozilla</quote>. Justin 
said he would use <quote who="Justin Kirby">mozilla for the XUL 
and XPCOM...</quote> Nick wasn't sure about that, 
<quote who="Nick Rusnov">although theres nothing stopping you 
from writing a XUL forms client</quote>. Jason said that 
the <a href="https://web.archive.org/web/20071111040818/http://www.gnu.org/projects/gnue/faq.html">FAQ</a>
explained why GNUe was not keen on Java-style technology.</p>

<p>Later, Derek Neighbors (derek) said he saw GNUe using jabber 
<quote who="Derek Neighbors">in two ways - a. as an option for 
asyncronous messaging in gnurpc (i.e. just one more rpc choice) - 
b. as a integral part of the groupware/workflow components</quote>.
On Mozilla, <quote who="Derek Neighbors">i see someone could make 
an 'alternative' forms client with XUL model and java script</quote>
if they wanted, but he didn't <quote who="Derek Neighbors">think 
its what core gnue developers should be focusing on</quote>.</p>

</section>
	
</kc><!--
     FILE ARCHIVED ON 04:08:18 Nov 11, 2007 AND RETRIEVED FROM THE
     INTERNET ARCHIVE ON 09:28:44 Dec 05, 2018.
     JAVASCRIPT APPENDED BY WAYBACK MACHINE, COPYRIGHT INTERNET ARCHIVE.

     ALL OTHER CONTENT MAY ALSO BE PROTECTED BY COPYRIGHT (17 U.S.C.
     SECTION 108(a)(3)).
-->
<!--
playback timings (ms):
  LoadShardBlock: 83.435 (3)
  esindex: 0.007
  captures_list: 99.975
  CDXLines.iter: 11.137 (3)
  PetaboxLoader3.datanode: 79.562 (4)
  exclusion.robots: 0.308
  exclusion.robots.policy: 0.294
  RedisCDXSource: 2.7
  PetaboxLoader3.resolve: 18.749
  load_resource: 46.146
-->