<?xml version="1.0" ?>

<script src="//archive.org/includes/analytics.js?v=cf34f82" type="text/javascript"></script>
<script type="text/javascript">window.addEventListener('DOMContentLoaded',function(){var v=archive_analytics.values;v.service='wb';v.server_name='wwwb-app12.us.archive.org';v.server_ms=161;archive_analytics.send_pageview({});});</script>
<script type="text/javascript" src="/static/js/ait-client-rewrite.js?v=1543384230.0" charset="utf-8"></script>
<script type="text/javascript">
WB_wombat_Init('https://web.archive.org/web', '20071111053103', 'www.kerneltraffic.org');
</script>
<script type="text/javascript" src="/static/js/wbhack.js?v=1543384230.0" charset="utf-8"></script>
<script type="text/javascript">
__wbhack.init('https://web.archive.org/web');
</script>
<link rel="stylesheet" type="text/css" href="/static/css/banner-styles.css?v=1543384230.0" />
<link rel="stylesheet" type="text/css" href="/static/css/iconochive.css?v=1543384230.0" />
<!-- End Wayback Rewrite JS Include -->
<!-- BEGIN WAYBACK TOOLBAR INSERT -->
<script type="text/javascript" src="/static/js/timestamp.js?v=1543384230.0" charset="utf-8"></script>
<script type="text/javascript" src="/static/js/graph-calc.js?v=1543384230.0" charset="utf-8"></script>
<script type="text/javascript" src="/static/js/auto-complete.js?v=1543384230.0" charset="utf-8"></script>
<script type="text/javascript" src="/static/js/toolbar.js?v=1543384230.0" charset="utf-8"></script>
<style type="text/css">
body {
  margin-top:0 !important;
  padding-top:0 !important;
  /*min-width:800px !important;*/
}
.wb-autocomplete-suggestions {
    text-align: left; cursor: default; border: 1px solid #ccc; border-top: 0; background: #fff; box-shadow: -1px 1px 3px rgba(0,0,0,.1);
    position: absolute; display: none; z-index: 2147483647; max-height: 254px; overflow: hidden; overflow-y: auto; box-sizing: border-box;
}
.wb-autocomplete-suggestion { position: relative; padding: 0 .6em; line-height: 23px; white-space: nowrap; overflow: hidden; text-overflow: ellipsis; font-size: 1.02em; color: #333; }
.wb-autocomplete-suggestion b { font-weight: bold; }
.wb-autocomplete-suggestion.selected { background: #f0f0f0; }
</style>
<div id="wm-ipp" lang="en" style="display:none;direction:ltr;">
<div style="position:fixed;left:0;top:0;right:0;">
<div id="wm-ipp-inside">
  <div style="position:relative;">
    <div id="wm-logo" style="float:left;width:130px;padding-top:10px;">
      <a href="/web/" title="Wayback Machine home page"><img src="/static/images/toolbar/wayback-toolbar-logo.png" alt="Wayback Machine" width="110" height="39" border="0" /></a>
    </div>
    <div class="r" style="float:right;">
      <div id="wm-btns" style="text-align:right;height:25px;">
                  <div id="wm-save-snapshot-success">success</div>
          <div id="wm-save-snapshot-fail">fail</div>
          <a href="#"
             onclick="__wm.saveSnapshot('http://www.kerneltraffic.org/GNUe/gnue20020803_40.xml', '20071111053103')"
             title="Share via My Web Archive"
             id="wm-save-snapshot-open"
          >
            <span class="iconochive-web"></span>
          </a>
          <a href="https://archive.org/account/login.php"
             title="Sign In"
             id="wm-sign-in"
          >
            <span class="iconochive-person"></span>
          </a>
          <span id="wm-save-snapshot-in-progress" class="iconochive-web"></span>
        	<a href="http://faq.web.archive.org/" title="Get some help using the Wayback Machine" style="top:-6px;"><span class="iconochive-question" style="color:rgb(87,186,244);font-size:160%;"></span></a>
	<a id="wm-tb-close" href="#close" onclick="__wm.h(event);return false;" style="top:-2px;" title="Close the toolbar"><span class="iconochive-remove-circle" style="color:#888888;font-size:240%;"></span></a>
      </div>
      <div id="wm-share" style="text-align:right;">
	<a href="#" onclick="window.open('https://www.facebook.com/sharer/sharer.php?u=https://web.archive.org/web/20071111053103/http://www.kerneltraffic.org/GNUe/gnue20020803_40.xml', '', 'height=400,width=600'); return false;" title="Share on Facebook" style="margin-right:5px;" target="_blank"><span class="iconochive-facebook" style="color:#3b5998;font-size:160%;"></span></a>
	<a href="#" onclick="window.open('https://twitter.com/intent/tweet?text=https://web.archive.org/web/20071111053103/http://www.kerneltraffic.org/GNUe/gnue20020803_40.xml&amp;via=internetarchive', '', 'height=400,width=600'); return false;" title="Share on Twitter" style="margin-right:5px;" target="_blank"><span class="iconochive-twitter" style="color:#1dcaff;font-size:160%;"></span></a>
      </div>
    </div>
    <table class="c" style="">
      <tbody>
	<tr>
	  <td class="u" colspan="2">
	    <form target="_top" method="get" action="/web/submit" name="wmtb" id="wmtb"><input type="text" name="url" id="wmtbURL" value="http://www.kerneltraffic.org/GNUe/gnue20020803_40.xml" onfocus="this.focus();this.select();" /><input type="hidden" name="type" value="replay" /><input type="hidden" name="date" value="20071111053103" /><input type="submit" value="Go" /></form>
	  </td>
	  <td class="n" rowspan="2" style="width:110px;">
	    <table>
	      <tbody>
		<!-- NEXT/PREV MONTH NAV AND MONTH INDICATOR -->
		<tr class="m">
		  <td class="b" nowrap="nowrap"><a href="https://web.archive.org/web/20051028194232/http://www.kerneltraffic.org:80/GNUe/gnue20020803_40.xml" title="28 Oct 2005"><strong>Oct</strong></a></td>
		  <td class="c" id="displayMonthEl" title="You are here: 05:31:03 Nov 11, 2007">NOV</td>
		  <td class="f" nowrap="nowrap">Dec</td>
		</tr>
		<!-- NEXT/PREV CAPTURE NAV AND DAY OF MONTH INDICATOR -->
		<tr class="d">
		  <td class="b" nowrap="nowrap"><a href="https://web.archive.org/web/20051028194232/http://www.kerneltraffic.org:80/GNUe/gnue20020803_40.xml" title="19:42:32 Oct 28, 2005"><img src="/static/images/toolbar/wm_tb_prv_on.png" alt="Previous capture" width="14" height="16" border="0" /></a></td>
		  <td class="c" id="displayDayEl" style="width:34px;font-size:24px;white-space:nowrap;" title="You are here: 05:31:03 Nov 11, 2007">11</td>
		  <td class="f" nowrap="nowrap"><img src="/static/images/toolbar/wm_tb_nxt_off.png" alt="Next capture" width="14" height="16" border="0" /></td>
		</tr>
		<!-- NEXT/PREV YEAR NAV AND YEAR INDICATOR -->
		<tr class="y">
		  <td class="b" nowrap="nowrap"><a href="https://web.archive.org/web/20051028194232/http://www.kerneltraffic.org:80/GNUe/gnue20020803_40.xml" title="28 Oct 2005"><strong>2005</strong></a></td>
		  <td class="c" id="displayYearEl" title="You are here: 05:31:03 Nov 11, 2007">2007</td>
		  <td class="f" nowrap="nowrap">2008</td>
		</tr>
	      </tbody>
	    </table>
	  </td>
	</tr>
	<tr>
	  <td class="s">
	    	    <div id="wm-nav-captures">
	      	      <a class="t" href="/web/20071111053103*/http://www.kerneltraffic.org/GNUe/gnue20020803_40.xml" title="See a list of every capture for this URL">8 captures</a>
	      <div class="r" title="Timespan for captures of this URL">14 May 2003 - 11 Nov 2007</div>
	      </div>
	  </td>
	  <td class="k">
	    <a href="" id="wm-graph-anchor">
	      <div id="wm-ipp-sparkline" title="Explore captures for this URL" style="position: relative">
		<canvas id="wm-sparkline-canvas" width="575" height="27" border="0"></canvas>
	      </div>
	    </a>
	  </td>
	</tr>
      </tbody>
    </table>
    <div style="position:absolute;bottom:0;right:2px;text-align:right;">
      <a id="wm-expand" class="wm-btn wm-closed" href="#expand" onclick="__wm.ex(event);return false;"><span id="wm-expand-icon" class="iconochive-down-solid"></span> <span style="font-size:80%">About this capture</span></a>
    </div>
  </div>
    <div id="wm-capinfo" style="border-top:1px solid #777;display:none; overflow: hidden">
            <div style="background-color:#666;color:#fff;font-weight:bold;text-align:center">COLLECTED BY</div>
    <div style="padding:3px;position:relative" id="wm-collected-by-content">
            <div style="display:inline-block;vertical-align:top;width:50%;">
			<span class="c-logo" style="background-image:url(https://archive.org/services/img/webwidecrawl);"></span>
		Organization: <a style="color:#33f;" href="https://archive.org/details/webwidecrawl" target="_new"><span class="wm-title">Internet Archive</span></a>
		<div style="max-height:75px;overflow:hidden;position:relative;">
	  <div style="position:absolute;top:0;left:0;width:100%;height:75px;background:linear-gradient(to bottom,rgba(255,255,255,0) 0%,rgba(255,255,255,0) 90%,rgba(255,255,255,255) 100%);"></div>
	  The Internet Archive discovers and captures web pages through many different web crawls.

At any given time several distinct crawls are running, some for months, and some every day or longer.

View the web archive through the <a href="http://archive.org/web/web.php">Wayback Machine</a>.
	</div>
	      </div>
      <div style="display:inline-block;vertical-align:top;width:49%;">
			<span class="c-logo" style="background-image:url(https://archive.org/services/img/aroundtheworldcrawl)"></span>
		<div>Collection: <a style="color:#33f;" href="https://archive.org/details/aroundtheworldcrawl" target="_new"><span class="wm-title">Around The World Crawl</span></a></div>
		<div style="max-height:75px;overflow:hidden;position:relative;">
	  <div style="position:absolute;top:0;left:0;width:100%;height:75px;background:linear-gradient(to bottom,rgba(255,255,255,0) 0%,rgba(255,255,255,0) 90%,rgba(255,255,255,255) 100%);"></div>
	  Data crawled by Sloan Foundation on behalf of Internet Archive
<br /><br />
	</div>
	      </div>
    </div>
    <div style="background-color:#666;color:#fff;font-weight:bold;text-align:center" title="Timestamps for the elements of this page">TIMESTAMPS</div>
    <div>
      <div id="wm-capresources" style="margin:0 5px 5px 5px;max-height:250px;overflow-y:scroll !important"></div>
      <div id="wm-capresources-loading" style="text-align:left;margin:0 20px 5px 5px;display:none"><img src="/static/images/loading.gif" alt="loading" /></div>
    </div>
  </div></div></div></div><script type="text/javascript">
__wm.bt(575,27,25,2,"web","http://www.kerneltraffic.org/GNUe/gnue20020803_40.xml","2007-11-11",1996);
</script>
<!-- END WAYBACK TOOLBAR INSERT --><kc>

<title>GNUe Traffic</title>

<author contact="mailto:psu@manorcon.demon.co.uk">Peter Sullivan</author>

<issue num="40" date="03 Aug 2002 00:00:00 -0800"/>

<headquote>
An endorsement (I think) - 
&quot;<cite>python might be crap, but we consider it a polished turd - 
not diarreha like java ;) - or bloated gas cramps like C# (i.e. a 
crap waiting to happen)</cite>&quot;
</headquote>

<intro>

<p>This Cousin covers the three main 
mailing lists for the GNU Enterprise project,
<a href="https://web.archive.org/web/20071111053103/http://mail.gnu.org/mailman/listinfo/gnue">gnue</a>, 
<a href="https://web.archive.org/web/20071111053103/http://mail.gnu.org/mailman/listinfo/gnue-dev">gnue-dev</a> and 
<a href="https://web.archive.org/web/20071111053103/http://mail.gnu.org/mailman/listinfo/gnue-announce">gnue-announce</a>.  
It also covers the #gnuenterprise IRC channel. A great deal of 
development discussion for this project goes on in IRC. You can find 
#gnuenterprise on irc.openprojects.net:6667, or you can review the 
<a href="https://web.archive.org/web/20071111053103/http://www.gnuenterprise.org/irc-logs/">logs</a>.
For more information about the GNU Enterprise project, see their 
home page at <a href="https://web.archive.org/web/20071111053103/http://www.gnuenterprise.org/">
http://www.gnuenterprise.org</a>.</p>

</intro>

<section title="xml2sql utility and .gsd (GNUe Schema Definitions)" subject="[IRC] 25 Jul 2002" archive="http://www.gnuenterprise.org/irc-logs/gnue-public.log.25Jul2002" startdate="24 Jul 2002 23:00:00 -0800" enddate="24 Jul 2002 23:00:00 -0800">

<topic>Common</topic>
<topic>Designer</topic>

<p>Further to 
<kcref title="Using schema creation tools to set up GNUe Applications" subject="[IRC] 23 Jul 2002"/>, 
Ariel Cal&#0242; (ariel_) noted <quote who="Ariel Calò">the 
syntax for foreign keys that you and jan are definining is not what 
the xsl's are expecting</quote>. Jason Cater (jcater) said he 
<quote who="Jason Cater">has not defined any foreign keys - 
that whole thing needs to be discussed - 
as jan is doing a lot of stuff in there</quote>. Ariel 
asked <quote who="Ariel Calò">so it is better that i speak to 
jan</quote>? Jason said <quote who="Jason Cater">well - 
that wasn't my point - but sure</quote>.</p>

<p>Later, Jay Felice (Eraserhd) asked 
<quote who="Jay Felice">Anyone with authority on xml2sql, 
.gsd in here?</quote> He was <quote who="Jay Felice">not 
using gnue or working on it, but in the spirit of not inventing 
wheels, would like to use xml2sql.</quote> Jason said 
<quote who="Jason Cater">xml2sql is really in the early stages - 
I don't think we are satisfied with its current state</quote>. 
Derek Neighbors (dneighbo) said <quote who="Derek Neighbors">the 
idea of xml2sql is it will be part of common - any product with a 
gpl compatiable license may use it. I dont necessarily seeing us 
packaging it outside common - as ultimately in will be a tool too 
small in the toolbox of GNUe to segregrate out. I think the idea 
is that integrator and designer will provide solid interfaces to 
it</quote>. He asked that <quote who="Derek Neighbors">before more 
changes are made to .gsd that they be documented and sent to dev 
list</quote> to keep everyone involved and up-to-date.</p> 
 
<p>Jay said he <quote who="Jay Felice">would 
like to collect multiple schemas into a composite schema.</quote>
Derek said <quote who="Derek Neighbors">im thinking you do this 
with includes</quote>. Jay said 
<quote who="Jay Felice">the includes could conceivably 
overlap, so the "combinator" would have to be smarter</quote> - 
<quote who="Jay Felice">I need a schema to be able to 
add a field. ... or one row, or a table, or an index.</quote>.
Derek invisioned <quote who="Derek Neighbors">we would provide 
update schemas</quote> as an alternative to the full scheme for
new installs, addoing <quote who="Derek Neighbors">we will have 
similar issues for 'package' management. Another idea i had 
was a schema 'diff' program or updater so to speak - so if you 
have an existing schema/database and you want want it to now 
look like schema X you could run this 
compare/diff utility and it would create the schema necessary to 
do the updates</quote>. Jay said this 
<quote who="Jay Felice">is something that I very much need.
I wrote a dbdiff utility a long time ago, but it only works on 
PostgreSQL databases and has some flaws.</quote></p>

<p>Derek suspected <quote who="Derek Neighbors">the first phase 
will be providing tags that do alter/drop etc</quote> which would 
allow you to have seperate schema definition files for upgrade and 
new install. <quote who="Derek Neighbors">Its not great because 
you have to maintain a separate update file by hand - but it provides 
upgrade mechanism - ultimately a program should be able to do 
compare 1.0.gsd to 1.1.gsd</quote> and work out the differeces for 
itself. Jay felt, based on his experience writing his own 
dbdiff utility, that <quote who="Jay Felice">there is 
no way for the database to "know" how to upgrade data structure 
without destroying data.</quote> Jan Ischebeck (siesel) said 
<quote who="Jan Ischebeck">you need a: GNUe schema transformation 
hint file</quote>. Jay suggested 
<quote who="Jay Felice">The hints would have to be fairly 
complex</quote> and gave some examples. He did not think 
<quote who="Jay Felice">there's a way around a tested 
upgrade script</quote> written by someone who understood the 
logic behind the changes <quote who="Jay Felice">but the diff 
utility (which prompts) is useful for 
developing on one db and publishing to another.</quote></p>

<p>Derek said he would expect to do an upgrade script from each 
previous version to the next - if people skipped upgrades, they 
would need to <quote who="Derek Neighbors">simply apply the 
upgrades in succession</quote>. Jay still was not sure 
<quote who="Jay Felice">why would the upgrade be a 
.gsd?</quote> Derek said that, by adding alter/drop/add to 
the existing insert/create/update syntax in GNUe Scheme 
Definition (.gsd) files, .gsds could support both - but 
if it would <quote who="Derek Neighbors">make everyone feel 
warm and fuzzy to have a .gud gnue update defition 
and maintain yet ANOTHER .xsl file?</quote> he would not object, 
although he did not see any real need. Jay said 
<quote who="Jay Felice">I'm thinking that how I plan 
to use this is tainting the conversation... at this point, I 
don't care about db independence for my project.</quote></p>

<p>Derek said <quote who="Derek Neighbors">to me that is only 
reason xml2sql is around (db independence)</quote> - and to 
provide <quote who="Derek Neighbors">a quick migration path</quote>
for converting from, say, PostgreSQL to SAP-DB. Although 
<quote who="Derek Neighbors">postgres is a good little database</quote>,
he was increasingly finding <quote who="Derek Neighbors">it has friggin 
issues - not as many as mysql but still</quote>, giving some examples 
involving type casting - <quote who="Derek Neighbors">which is fine if 
you only want to use postgres - but if you are doing any kind of x DB 
stuff you are hosed as its so non standard</quote>. He felt that 
<quote who="Derek Neighbors">from what i have seen of SAP-DB i think 
thats where its at - especially because its supported on windows 
exponentially better</quote>. It was <quote who="Derek Neighbors">GPL - 
so even a better license than postgres ;)</quote>, with all the tools 
released under either the GNU Public License (GPL) or Lesser GNU 
Public License (LGPL). He had had a really 
good response from their developers with queries, and 
<quote who="Derek Neighbors">we have committment from the SAP-DB team 
to work with us on any issues we find in the python driver for 
SAP-DB</quote>. He felt <quote who="Derek Neighbors">from what i have 
seen SAP AG might be one of the few big boys that actually gets free 
software - i.e. SAP-DB was not a money maker for them anymore (oracle 
and mssql and db2) were always chosen instead - but they wanted to keep 
it for those customers who do use it and believed in it - 
they figured making it GPL would help draw some new blood outside SAP 
R/3 users</quote>.</p>

<p>Jay explained what he would want to use xml2sql for - 
as a way of doing a consolidated schema from a number of php files, 
each of which defined <quote who="Jay Felice">it's own 
"interface" to the database.</quote> Derek felt 
<quote who="Derek Neighbors">this is outside scope of our 
toolset</quote> as <quote who="Derek Neighbors">gsd is mainly 
way to get cross db definitions.</quote> xml2sql could be used
to produce .gsds <quote who="Derek Neighbors">then write a program
that uses an xml parser to aggregrate them</quote> but 
<quote who="Derek Neighbors">that doesnt solve your issue</quote>. 
Jan suggested <quote who="Jan Ischebeck">the merging of schemata s
hould be done with gnue-designer - its quite easy to add wizards</quote>,
now that support had been added for plug-ins, as discussed in 
<kcref title="GNUe Designer plug-in support" subject="[IRC] 19 Jul 2002"/>, 
<quote who="Jan Ischebeck">so writing a "merge schema X wizard" should be 
quite easy.</quote>. Even if the underlying application was in PHP, 
that <quote who="Jan Ischebeck">doesn't mean that he cannot use a GNUe 
Development tool</quote>.</p>

<p>For the .gsd format, Jan asked <quote who="Jan Ischebeck">any 
objection against &lt;constraint name="fk_address_personid" 
type="foreignkey"&gt;&lt;constraintfield name="personid"/&gt;
&lt;constraintref name="id" table="person"/&gt;&lt;/constraint&gt; 
?</quote> Jay did not <quote who="Jay Felice">like 
uniqueKey/index/primaryKey, those should be the same, though. but 
all said, I just care if it works.</quote> Jan said 
<quote who="Jan Ischebeck">I can understand why differentiating 
between index and uniq index (=primary key), but doing 2 ways of 
specifying uniq keys possibly makes programming a bit complicated 
:)</quote>. Derek said <quote who="Derek Neighbors">i need time to 
look at what we have and where we are giong</quote> but in principle 
<quote who="Derek Neighbors">i like the idea of &lt;contraint with 
a type=</quote>.</p>

</section>


<section title="GNU Enterprise's influence on other projects" subject="[IRC] 25 Jul 2002" archive="http://www.gnuenterprise.org/irc-logs/gnue-public.log.25Jul2002" startdate="24 Jul 2002 23:00:00 -0800" enddate="24 Jul 2002 23:00:00 -0800">

<p>Marcos Dione (StyXman) asked a <quote who="Marcos Dione">python 
question: is there something like class enums?</quote> Jason Cater 
(jcater) said <quote who="Jason Cater">no enums :( - my ONE gripe 
w/python</quote>. Derek Neighbors (dneighbo) thought 
<quote who="Derek Neighbors">they had a clever work around 
to this</quote>, and suggested some web references. 
Jason said <quote who="Jason Cater">yeah, but that stuff is a little 
different</quote> - as a workaround <quote who="Jason Cater">it will 
suffice - but, bleh</quote>. Derek said <quote who="Derek Neighbors">it 
will be interesting to hear what python 3.0 will hold</quote>. 
Jason felt <quote who="Jason Cater">it will be interesting to see 
python after we become even more major - as zope had the most influence 
on the development of 2.x</quote>. Derek thought 
<quote who="Derek Neighbors">gnue will be one of python's glory projects 
soon - as well as wxWindows - we certainly abuse both of them a 
lot</quote>. Jason <quote who="Jason Cater">REALLY hopes we can 
influence DB_SIG 3.0</quote>. Derek thought this was unlikely. 
However, Jason noted <quote who="Jason Cater">read over the spec - 
DBSIG 2 is primarily for reading data i.e., non-transactional stuff - 
iow, DBSIG 2 was written to create a standard so that Zope could get a 
lot of drivers so it is really web-oriented</quote> - GNUe really 
needed a more transaction-based approach to the standard.</p>

</section>


<section title="CVS access issues" subject="[IRC] 25 Jul 2002" archive="http://www.gnuenterprise.org/irc-logs/gnue-public.log.25Jul2002" startdate="24 Jul 2002 23:00:00 -0800" enddate="24 Jul 2002 23:00:00 -0800">

<p>Derek Neighbors (dneighbo) noted that the changes made by 
Project papo staff had been kept in their own CVS tree until 
now, but the Free Software Foundation (FSF) had now 
received the postal copyright assignments, 
<quote who="Derek Neighbors">so i think we are probably ok to 
start taking patches from the papo pals ;)</quote>. 
Marcos Dione (StyXman) suggested <quote who="Marcos Dione">uh, 
we'll stick to our tree till everything's in place.</quote> 
Derek was <quote who="Derek Neighbors">more concerned that the 
longer it is the harder it will be to do</quote> - if he had 
known earlier that they were maintaining their own tree, 
then he might <quote who="Derek Neighbors">have told you we 
would take patches on good faith - to avoid having to merge 
really stale trees together</quote>. Marcos did not think 
there would be a problem - <quote who="Marcos Dione">we're not 
puttin too much stuff in. at least, nothing that can clash on 
your works...</quote> Derek <quote who="Derek Neighbors">just 
gets nervous that we will be playing the reintroducing fixed 
bugs game i have seen in places ive worked</quote> - he would 
rather all patches were applied to the central CVS tree, 
especially as the copyright assignment issues 
<quote who="Derek Neighbors">i think will be resolved by weeks 
end</quote>. For the future, <quote who="Derek Neighbors">im not 
sure best answer going forward - as there was thought of giong to 
colonels like the linux kernel - i.e. limited cvs write access 
heads of state - and way to do things is submit patches for review
and then colonel applies them if accepted. However there are many 
practical issues with that as far as resources go</quote>.</p>

</section>

<section title="Using the DCL e-mail gateway to accept tickets from other applications" subject="[IRC] 25 Jul 2002" archive="http://www.gnuenterprise.org/irc-logs/gnue-public.log.25Jul2002" startdate="24 Jul 2002 23:00:00 -0800" enddate="25 Jul 2002 23:00:00 -0800">

<topic>DCL</topic>

<p>Marc Lovelace (AnZaC) said he was 
<quote who="Marc Lovelace">lookin' to find a way to use an outside 
php script to create trouble tickets through the DCL functionality.. 
that make sense? As in, I'd like to be able to pass in all the 
information required to the function.. and let DCL run with the 
ball...</quote> Jason Cater (jcater) suggested 
<quote who="Jason Cater">look at the email gateway - 
it does just that - err, I mean as an example of what to do</quote>. 
Marc said he did not have root access, but Jason suggested 
<quote who="Jason Cater">I imagine you could set up a fetchmail 
script that runs like every 10 or so minutes that fetches mail 
from an account and pipes it into dcl-gateway.pl - that wouldn't 
require root access</quote>. This would involve setting up 
a .procmailrc and .forward file for the designated mail account.
Marc thought <quote who="Marc Lovelace">that might just 
work</quote>, asking <quote who="Marc Lovelace">any way I can 
set up the .forward file to ONLY forward email with XXXX in the 
subj?</quote> Jason <quote who="Jason Cater">thinks you'll need to 
use procmail for that</quote>, giving a sample procmail file.
Marc <quote who="Marc Lovelace">got qmail sending the email 
over to procmail... got the .procmailrc filtering the mail as it 
comes in... now I'm just trying to find where it put 
it..</quote></p>

<p><a href="https://web.archive.org/web/20071111053103/http://www.gnuenterprise.org/irc-logs/gnue-public.log.26Jul2002">
The next day</a>, Marc reported <quote who="Marc Lovelace">got the 
gateway workin' somewhat w/o the MIME module...</quote> Derek Neighbors 
(dneighbo) said <quote who="Derek Neighbors">i would still encourage 
getting them to let you install the mime module</quote>. Marc agreed, but 
asked <quote who="Marc Lovelace">how I can get the BODY part of the message 
w/o the module</quote>, just in case? He noted <quote who="Marc Lovelace">The 
rest of the script works like a charm.. I'd just like to be 
able to have a little more information inserted in the DB for the Issue 
Description...</quote> Jason was <quote who="Jason Cater">sure there are 
some perl cpan modules you can grab that'll break apart the mime 
message</quote> Marc said he did not have install rights on the box he 
was using - if he had, he would have installed the MIME module and solved 
the problem directly. Jason was <quote who="Jason Cater">sure you can 
install cpan modules locally</quote>. Derek said they had tried this, 
but, as Marc reported, it <quote who="Marc Lovelace">gave me a root 
permissions problem</quote>. Jason pointed to some information 
<a href="https://web.archive.org/web/20071111053103/http://www.rcbowen.com/imho/perl/modules.html">on the web</a>
about installing perl modules. Marc read the information and tried it
out, but still could not <quote who="Marc Lovelace">install it into 
the perl directory</quote>. He concluded that his 
<quote who="Marc Lovelace">best bet is to stand by and 
wait for the folks who own the box to give me a response on 
installing the MIME parser...</quote>.</p>

</section>


<section title="Using CVS or official releases on Microsoft Windows" subject="[IRC] 26 Jul 2002" archive="http://www.gnuenterprise.org/irc-logs/gnue-public.log.26Jul2002" startdate="25 Jul 2002 23:00:00 -0800" enddate="25 Jul 2002 23:00:00 -0800">

<topic>Designer</topic>
<topic>Application Server</topic>
<topic>Forms</topic>

<p>Carl Kigundu (clock) said he wanted <quote who="Carl Kigundu">to 
use gnue on windows 2000 with mysql</quote>. Andrew Mitchell (ajmitch) 
recommended <quote who="Andrew Mitchell">you should be fine with the 
0.3.0 release - i've used gnue designer &amp; forms on winXP with the mysql 
ODBC drivers (mysql on a GNU/Linux box)</quote>. For initial 
familiarisation, he would prefer the 0.3.0 release over CVS, as 
<quote who="Andrew Mitchell">i don't know how usable cvs is at the 
moment, jcater has been working heavily on designer</quote>, as 
referred to in 
<kcref title="Designer branched in CVS" subject="[IRC] 12 Jul 2002"/>. 
Alternatively, <quote who="Andrew Mitchell">you could install both in 
separate paths &amp; compare them if you wanted</quote>.</p>

<p>Carl asked <quote who="Carl Kigundu">now if my code is in the gfd 
does this mean each form will have to open its connection to the 
db? isnt that expensive? anything I can do? wouldnt i have to write a 
connection server or plug something into apperver to serve 
requests?</quote> Andrew said <quote who="Andrew Mitchell">only if you 
use appserver, i think</quote>. Carl asked <quote who="Carl Kigundu">i 
thought i call the forms from withing the triggers of other forms?</quote>
Ariel Cal&#0242; (ariel_) said <quote who="Ariel Calò">the issue of 
triggering other forms has been discussed</quote>, pointing to 
<kcref title="Opening one form from within another" subject="[IRC] 13 Jun 2002"/>,
saying <quote who="Ariel Calò">it is doable but not trivial right 
now</quote>.</p>

</section>


<section title="Primary keys in Forms and hand-editing GNUe Form Definitions (.gfd)" subject="[IRC] 26 Jul 2002" archive="http://www.gnuenterprise.org/irc-logs/gnue-public.log.26Jul2002" startdate="25 Jul 2002 23:00:00 -0800" enddate="28 Jul 2002 23:00:00 -0800">

<topic>Forms</topic>
<topic>Designer</topic>

<p>Matthew Emmett (memmett) noted <quote who="Matthew Emmett">when i was 
entering data into my "trip log" form that had a master/detail 
relationship, the "detail" wasn't picking up the new master id, so 
i had to continually press F8, F9, re-select the master i had just 
inserted, then enter the data for the detail... is there some 
magical thingy i'm missing? hmmm, i see some voodoo for "populating 
our primary key" in one of the examples... perhaps this is what i 
need?</quote> James Thompson (jamest) confirmed 
<quote who="James Thompson">you'll have to use a trigger to pull 
the value - our backend doesn't reload the record data after commit
so the primary key remains blank :( - this also causes issues with 
backend triggers altering data - the form doesn't reflect it</quote>. 
He gave <quote who="James Thompson">a working example</quote>, but 
felt <quote who="James Thompson">we really need to handle this better 
by default</quote>. Matthew said <quote who="Matthew Emmett">yeah 
that'd be nice.  althought i guess the trick finding a robust way to 
get the id of the record one just inserted.  MSAccess is totally broken 
in this regard, imo.</quote> Jason Cater (jcater) said 
<quote who="Jason Cater">designer now autocreates those triggers 
if you drag from the Schema navigator - /me needs to update the Create 
new form wizard to do the same</quote>.</p>

<p>Matthew said <quote who="Matthew Emmett">ahh... well my luck 
with designer isn't so great, and editing the xml by hand is just so 
much fun! :)</quote> James said that <quote who="James Thompson">before 
jcater created designer</quote>, that had been the only way to do it, 
but <quote who="James Thompson">nobody liked hand editing the gfd files 
:)</quote>. Matthew said <quote who="Matthew Emmett">heh.. yeah the only 
annoying part is having to tweak the x's and y's.  the great part about 
designer is that it produces clean xml, so that one can easily use their 
favorite text editor to quickly rename names="" or whatever.</quote> 
Jason said <quote who="Jason Cater">that was a BIG requirement when I 
wrote designer the XML had to be editable - a lot of that stemmed from 
the fact that the first designer couldn't do much more than move stuff 
around</quote>. James said even then <quote who="James Thompson">it was 
still a god send for widget placement - now it's almost a l33t 
development tool! ;)</quote></p>

<p><a href="https://web.archive.org/web/20071111053103/http://www.gnuenterprise.org/irc-logs/gnue-public.log.29Jul2002">
Some days later</a>, Matthew reported <quote who="Matthew Emmett">when 
i switch to a new master records (new as in, going to insert a 
new record) the detail remains as it was before i switched to the new record.
I think it causing problems when i press F6</quote> giving the log 
message. James explained <quote who="James Thompson">querys from a detail 
don't really work</quote> as of time of writing - <quote who="James Thompson">it 
should be generating a popup saying it's not supported but it stopped doing 
that for some reason</quote>.</p>

</section>


<section title="Application Server planning" subject="[IRC] 27 Jul 2002" archive="http://www.gnuenterprise.org/irc-logs/gnue-public.log.27Jul2002" startdate="26 Jul 2002 23:00:00 -0800" enddate="26 Jul 2002 23:00:00 -0800">

<topic>Application Server</topic>

<p>Jan Ischebeck (siesel) said he had written 
<quote who="Jan Ischebeck">some notes about transaction support and locking.
just need to add the stuff to _featuretest</quote> This was, as of time of 
writing, <quote who="Jan Ischebeck">on a good old piece of paper :)</quote> 
but an earlier version was at 
<a href="https://web.archive.org/web/20071111053103/http://www.gnuenterprise.org/~jan/appserver/object_life_cicle.png">
http://www.gnuenterprise.org/~jan/appserver/object_life_cicle.png</a>. 
Christian Selig (sledge_) supposed <quote who="Christian Selig">transactioning 
looks simpler that it is to code</quote>. Jan agreed, adding 
<quote who="Jan Ischebeck">writing transaction deadlock detection will 
be much more difficult to do code than simple transactional locking 
:)</quote> However, <quote who="Jan Ischebeck">there are many other small 
steps to go: f.e. appserver should read out a configuration file 
etc.</quote> Christian noted <quote who="Christian Selig">since 
python 2.x, there is a module for that in the standard 
distribution</quote>.</p>

</section>


<section title="Visual Schema plug-in for Designer" subject="[IRC] 27 Jul 2002" archive="http://www.gnuenterprise.org/irc-logs/gnue-public.log.27Jul2002" startdate="26 Jul 2002 23:00:00 -0800" enddate="28 Jul 2002 23:00:00 -0800">

<topic>Designer</topic>

<p>Christian Selig (sledge_) said he had <quote who="Christian Selig">a 
very specific idea on how</quote> the visual schema Designer plug-in for 
GNUe Designer (as previously discussed in 
<kcref title="GNUe Designer plug-in support" subject="[IRC] 19 Jul 2002"/>) 
<quote who="Christian Selig">should look like :)</quote>.
He suggested:</p>

<ul>
<li><quote who="Christian Selig">the order of fields should be 
draggable</quote></li>
<li><quote who="Christian Selig">a new field is created through that little 
"+"</quote></li>
<li><quote who="Christian Selig">connection of reference fields are created 
with d&amp;d, the links are drawn automatically</quote></li>
<li><quote who="Christian Selig">tables should be freely positionable, 
positions should be saved</quote></li>
</ul>

<p>Jan agreed, but said <quote who="Jan Ischebeck">the last point is a bit 
problematic</quote> as <quote who="Jan Ischebeck">I don't want to store the 
positions in the gsd.</quote> Christian agreed 
<quote who="Christian Selig">saving them in .gsd is not nice, right.</quote> 
Jan said <quote who="Jan Ischebeck">that would mean, that you would need a 
seperate file for every gsd</quote> - or else <quote who="Jan Ischebeck">have 
a position cache which safes the positions for the last 5 files</quote>. 
Christian suggested <quote who="Christian Selig">for the last "n" files, 
configurably :)</quote> Jan suspected that Christian 
<quote who="Jan Ischebeck">would set it to 9999 or something like that 
:)</quote>. Christian said <quote who="Christian Selig">i don't know who 
told you rumors that i'd ever do that :)</quote>. Alternatively, the 
application could try <quote who="Christian Selig">automatic 
positioning?</quote> - Jan suggested <quote who="Jan Ischebeck">depending 
on foreign key conections tables should be positioned in a way make it easy 
to look at</quote>.</p>

<p>Jason Cater (jcater) said he <quote who="Jan Ischebeck">didn't intend 
on the first version of schema designer to be an ERD - /me was thinking 
ala access (grid table) - ERD to me would be a secondary window</quote>.
Jan suggested <quote who="Jan Ischebeck">Why not use display modes, i.e. 
you can switch between graphical or table view</quote>? 
Derek Neighbors (dneighbo) asked <quote who="Derek Neighbors">can we 
keep things simple re schema editor in designer - and have REAL design 
sessions for the rest</quote>. Jan was not keen on making it look 
too much like Microsoft Access. Derek Neighbors (dneighbo) said 
<quote who="Derek Neighbors">i am not a huge access fan but in reality
90% of the business population uses access and knows how to use it</quote> - 
being able to say <quote who="Derek Neighbors">if you can use access you 
wont be too lost in GNUe Schema Editor</quote> was 
<quote who="Derek Neighbors">a HUGE factor</quote>. 
However, <quote who="Derek Neighbors">the goal of gnue is not 
access</quote>, and <quote who="Derek Neighbors">there are so many other 
parts of GNUe that need attention it seems silly to put too much effort 
early on into schema stuff - short of making it work</quote>. 
Jason said <quote who="Jason Cater">to me, having tables with lines 
connecting them to show foreign keys IS close enough to ERD to call it 
that</quote>. He felt that a full graphical canvas for tables 
was <quote who="Jason Cater">overkill for the time being</quote>.</p>

<p>Christian said <quote who="Christian Selig">there are two modes: 
editing the tables in grids, and visual display on a canvas - so, 
strategically, either visual display has to be left out or done 
right</quote>. Jason agreed - <quote who="Jason Cater">for the time 
being</quote> just a <quote who="Jason Cater">table designer</quote>. 
Derek said he could <quote who="Derek Neighbors">do some screen shots 
and such to better facilitate the discussion</quote>. Jason felt that 
<quote who="Jason Cater">"done right" is highly subjective - 
I threw away my ERD packages 3 years ago - because they are 
counter-productive - and once you move beyond a few tables, totally 
useless imho</quote> although he <quote who="Jason Cater">isn't 
arguing against such a tool in the future</quote>. Christian 
felt that <quote who="Christian Selig">personally, even with large 
databases, a visual designer and, more important, a way to print out 
the visual version :) is very helpful</quote>. Jan agreed 
<quote who="Jan Ischebeck">that its quite complicated to work visually 
with more than 20 tables</quote>.</p>

<p>Jan posted <a href="https://web.archive.org/web/20071111053103/http://ash.gnuenterprise.org/~jan/vschema_mod.png">a 
screenshot</a> of what <quote who="Jan Ischebeck">a visual editor 
could look like</quote>. Derek warned <quote who="Derek Neighbors">wx has 
been well not polite with drag/drop and mouse stuff - so it scares me to 
put too much effort (i do want something like what you are pasting very 
badly) - but im going best bang for buck to start with</quote>. As of 
time of writing, <quote who="Derek Neighbors">im concerned with BASIC
single table creation/modification - i.e. im not against what you are 
proposing but i think its the 'second' step not the first one</quote>. 
Initially he envisaged something more like 
<a href="https://web.archive.org/web/20071111053103/http://gnue.org/~dneighbo/viewer.jpg">this</a>.</p>

<p><a href="https://web.archive.org/web/20071111053103/http://www.gnuenterprise.org/irc-logs/gnue-public.log.29Jul2002">
Some days later</a>, Derek pointed to <quote who="Derek Neighbors">a free 
<a href="https://web.archive.org/web/20071111053103/http://squirrel-sql.sourceforge.net/index.php?page=screenshots.html">tool</a>
(nasty ole java) that might be some inspiration for what you all would like 
to do with gnue schema stuff - it is very similar to pgadmin</quote>. Jan said 
<quote who="Jan Ischebeck">I think the main goal of having a schema designer 
instead of f.e. pgaccess, is that you design a schema which will work on all 
databases which are supported by GNUe. I.e. it should be very easy to use, 
without providing too much db specific features i.e. if you just use GNUe tools 
for developing and creating your application you can move it from one type of 
database to another just with copying the data from one db to another - 
this is possibly a bit too optimistic, but I would like that :)</quote> Both 
Jason and Derek felt this was an absolute requirement. Derek said 
<quote who="Derek Neighbors">i dont think there is a good 'python' (xplatform) 
tool out there that we could just bolt on support for our schema stuff - 
or i would say lets go that route. I see GNUe as a real framework
in that it shouldnt be a replacement to hardcore db management tools
but certainly developers should be able to use the framework (so they 
dont have to learn something new and/or install more crap).  
I like it from the prospective of it should really help us
a. increase power of python DBSIG
b. increase functionality of our common dbdriver system :)
- maybe someday Zope or such might even consider using it :)</quote></p>

</section>


<section title="Application Server API and multi-language support" subject="[IRC] 30 Jul 2002" archive="http://www.gnuenterprise.org/irc-logs/gnue-public.log.30Jul2002" startdate="29 Jul 2002 23:00:00 -0800" enddate="29 Jul 2002 23:00:00 -0800">

<topic>Application Server</topic>

<mention>Dan Kuykendall</mention>

<p>Jan Ischebeck (sisel) said <quote who="Jan Ischebeck">it is 
important to split the API in different implementation 
levels:</quote></p>

<ul>
<li><quote who="Jan Ischebeck">level 1: no object, just remote 
method execution (should be able to implement in all 
languages)</quote></li>
<li><quote who="Jan Ischebeck">level 2: object support via proxy 
objects, but proxy objects just contain an 
execute("name","params") method and a "get" "set" method</quote></li>
<li><quote who="Jan Ischebeck">level 3: object support via fully 
transparent proxy objects, which catch all executed methods and 
send it over to the remote object (in python: using 
__call__)</quote></li>
</ul>

<p>Andrew Mitchell (ajmitch) said <quote who="Andrew Mitchell">we 
should define remote calls to other implementations, for getting 
lists of methods, etc - since this should be able to work over 
multiple transports</quote>. Jan agreed - 
<quote who="Jan Ischebeck">this would be a kind of introspection 
function which should be added to the API</quote>. Andrew said that, 
with some thought, this could be done in most languages - 
<quote who="Andrew Mitchell">for C# i'll probably need to build proxy 
objects using Reflection.Emit, which outputs IL (sort of like 
meta-assembly)</quote> - <quote who="Andrew Mitchell">with php - 
generate code &amp; cache it</quote>. <quote who="Andrew Mitchell">however 
for GNUe, since we have the beautiful python to use, it's much much 
simpler ;)</quote>. For php (especially php GroupWare), Andrew said that 
Dan Kuykendall (Seek3r) had hinted that once version 1.0 was 
stabilised, <quote who="Andrew Mitchell">a more structured project will 
be born that makes the phpgwapi more accessible - apps will be composed 
of a backend &amp; a frontend UI - so GNUe will be able to talk to the apps 
quite nicely</quote>. Jan said he had <quote who="Jan Ischebeck">talked 
a bit about defining object types with seek3r.</quote></p>

</section>


<section title="Contact Management and extreme database normalisation" subject="[IRC] 30 Jul 2002" archive="http://www.gnuenterprise.org/irc-logs/gnue-public.log.30Jul2002" startdate="29 Jul 2002 23:00:00 -0800" enddate="29 Jul 2002 23:00:00 -0800">

<topic>Forms</topic>
<topic>Customer Relations</topic>

<p>Jan Ischebeck (siesel) asked about <quote who="Jan Ischebeck">the 
status of that forms/samples/track/forms/contact_manager.gfd 
form?</quote> James Thompson (jamest) said 
<quote who="James Thompson">that's a derek form that was created long 
ago - i think it still works but IIRC the pre-existing data model he 
had to wrap around was fugly</quote>. Jan said 
<quote who="Jan Ischebeck">some parts are quite usable, but I can't 
test it, because the triggers are broken.</quote> It seemed to be 
using some old-style code, including using triggers to do 
nextRecord(). James said these were now done within the block 
rather than via triggers. The problem with the contact manager 
form was <quote who="James Thompson">IIRC that data was 
hyper-normalized just like you're taught in class - which doesn't 
work in the real world in most cases IMHO :)</quote> and in this case 
had meant having to use a specially-written trigger to check 
data integrity before calling nextRecord().</p>

<p>Jan asked <quote who="Jan Ischebeck">jamest: at the moment GFBlock 
just expose gotoRecord, newRecord and clear,  do you think that adding 
nextRecord, prevRecord, deleteRecord would break anything?</quote> 
James said <quote who="James Thompson">it shouldn't as long as you use 
the arrays in there to extend the trigger namespace</quote>.</p>

<p>Later, Derek Neighbors (dneighbo) noted 
<quote who="Derek Neighbors">before you do too much work i had 
(as of a month ago a WORKING contact_manager.gfd file)
just not in GNUe :) for some fsf stuff</quote>. He tried to get 
access to it, but did not have all his ssh keys set up properly. 
He eventually found <quote who="Derek Neighbors">a more up to date 
<a href="https://web.archive.org/web/20071111053103/http://gnuenterprise.org/~dneighbo/contacts.tar.gz">contact 
manager</a></quote> file he had written - 
<quote who="Derek Neighbors">im pretty sure a month or so ago it was 
working (er around 0.3.0) - i could swear the next/prev was working 
thne. I hope to work on this some tonight and then merge changes softly 
back into the samples directory</quote>. Now that he had 
<quote who="Derek Neighbors">got the LIST of copyright from youmans
i will add the 'assignment' status back in</quote> to the sample 
database, and also set this up for his own use to keep track 
of FSF copyright assignments for the GNUe project.</p>

</section>


<section title="Navigator search path for Forms" subject="[IRC] 30 Jul 2002" archive="http://www.gnuenterprise.org/irc-logs/gnue-public.log.30Jul2002" startdate="29 Jul 2002 23:00:00 -0800" enddate="29 Jul 2002 23:00:00 -0800">

<topic>Navigator</topic>
<topic>Forms</topic>

<p>Andrew Mitchell (ajmitch) reported <quote who="Andrew Mitchell">i 
can open forms in the current dir with navigator if i do "./form.gfd" 
but not "form.gfd"</quote>. Jan Ischebeck (siesel) said 
<quote who="Jan Ischebeck">if there is no ./ before form.gfd it 
looks for that file in ~/gnue/forms - there should be a setting for 
that in gnue.conf - but I think we should change it to search in local 
dir AND default forms path</quote>. James agreed - 
<quote who="James Thompson">I could test new forms in the std navigator 
menu by just cd'ing to dir holding new forms and running std 
navigator</quote>. Andrew changed the code and submitted it as a patch.</p>

</section>


<section title="GNU Enterprise tools as an alternative application development environment to PHP" subject="[IRC] 30 Jul 2002" archive="http://www.gnuenterprise.org/irc-logs/gnue-public.log.30Jul2002" startdate="29 Jul 2002 23:00:00 -0800" enddate="29 Jul 2002 23:00:00 -0800">

<topic>Why GNUe?</topic>
<topic>Financials (Accounting)</topic>

<p>Jose Javier (josejavier) asked <quote who="Jose Javier">i'm 
looking for a tool to make programs like accounting software, my 
question is, is gnuenterprise manure enough to do this kind of 
programs?</quote> He quickly changed 
<quote who="Jose Javier">manure=mature</quote> but 
James Thompson (jamest) thought <quote who="James Thompson">you 
had it right the first time ;-)</quote> He said 
<quote who="James Thompson">gnue could do accounting but it's very 
much a work in progress - i'd love to see you work with it but I 
don't want to give impression it'll be easy at this time - i'm sure 
you'll find things that are missing, need improved, etc, etc</quote>. 
Jose said <quote who="Jose Javier">i think this is a very 
interesting project, an i would like to contribute</quote> He had 
been considering using PHP for his next major project 
<quote who="Jose Javier">but gnuenterprise looks more 
interesting</quote>.</p>

</section>


<section title="Status of GNUe Applications" subject="[IRC] 30 Jul 2002" archive="http://www.gnuenterprise.org/irc-logs/gnue-public.log.30Jul2002" startdate="29 Jul 2002 23:00:00 -0800" enddate="29 Jul 2002 23:00:00 -0800">

<topic>Application Server</topic>
<topic>DCL</topic>
<topic>Financials (Accounting)</topic>
<topic>Bayonne</topic>
<topic>Forms</topic>
<topic>Reports</topic>

<p>Reinhard M&#252;ller (reinhard) said that 
<quote who="Reinhard Müller">the actual packages are 
_way_ too early in development - what is quite usable 
now is the tools like forms, reports etc. however appserver is still at 
the very beginning of development - and the packages would heavily depend 
on a working appserver :)</quote>. Derek Neighbors (dneighbo) said 
<quote who="Derek Neighbors">we have three 'applications' that are somewhat 
functional that are getting converted to the framework</quote>:</p>

<ul>
<li><quote who="Derek Neighbors">DCL - Project Management / Bug 
Tracking</quote></li>
<li><quote who="Derek Neighbors">NOLA - Accounting (Small Business 
ERP)</quote></li>
<li><quote who="Derek Neighbors">Bayonne - Telephony Application 
Server (actual tool of )</quote></li>
</ul>

<p>He clarified that NOLA was not actually part of GNUe, but 
<quote who="Derek Neighbors">the GNUe team is porting NOLA to 
the GNUe Framework</quote> and improving it - 
<quote who="Derek Neighbors">then we will add GNUe Forms Screens 
for it - we are offerring the (somewhat massive changes back to 
noguska) - if they accept them (they seem willing at this point)
it will be normal NOLA - other wise we will fork</quote>.</p>

<p>He also noted that Application Server 
<quote who="Derek Neighbors">works with forms now - its just not 'mature'
- and the 'business logic' side of the fence probably is very 
immature but its being actively worked on by siesle and sledge 
(iirc)</quote>. However, <quote who="Derek Neighbors">im about to beat 
jcater up for some gruesome report loving soon and 
that will probably spur appserver development</quote>.</p>

</section>


<section title="Config for encoding in Reports and Forms" subject="[IRC] 31 Jul 2002" archive="http://www.gnuenterprise.org/irc-logs/gnue-public.log.31Jul2002" startdate="30 Jul 2002 23:00:00 -0800" enddate="30 Jul 2002 23:00:00 -0800">

<topic>Reports</topic>
<topic>Forms</topic>
<topic>Common</topic>

<p>Ariel Cal&#0242; said that he had <quote who="Ariel Calò">a 
problem with the patch you introduced in GParser.py (encoding) - 
grcvs does'nt run if the encoding variable is not in gnue. conf. 
Either: 1)give it a default value, 2) check if it is defined in 
gnue.conf, if not call in line 220 as pre-patch</quote>. 
Arturas Kriukovas (Arturas) said that <quote who="Arturas Kriukovas">when 
i first introduced 'formFontEncoding' in gnue.conf i also introduced 
default value - going to check it...</quote> He confirmed 
<quote who="Arturas Kriukovas">it has 
default value already (it is there more than for a month if i'm not 
mistakening) called formFontEncoding - default value should be 
iso8859-1</quote>. Ariel said he was having problems with this in 
Reports. Jan Ischebeck (siesel) noted that it 
<quote who="Jan Ischebeck">seems like formFontEncoding is defined in 
section forms, but not defined in section reports - if you start up 
reports it uses "section reports" as default section, i.e. you can't 
access formFontEncoding (see: GConfig.py)</quote>. Arturas 
suggested <quote who="Arturas Kriukovas">would it be 
good if i add check whether encoding is set - and if not would set 
it to 'iso8859-1'?</quote>. Jan suggested <quote who="Jan Ischebeck">a 
much cleaner solution would to add a [gnue] section to the config 
file</quote>. James Thompson (jamest) agreed - 
<quote who="James Thompson">i think I started work on this but didn't 
finish</quote>. He <quote who="James Thompson">was wanting a global 
[gnue] section that std gconfig reads first then merges in the specific 
[forms] [reports] etc - so that a person could override specific global 
settings in certain apps</quote>. In terms of the code base, 
<quote who="James Thompson">I'd think it should be moved into a generic 
one in common - i _think_</quote>. Ariel suggested that 
<quote who="Ariel Calò">[common] is a better name than 
[gnue]</quote>.</p>

</section>


<section title="Walk-through on installing and running GNU Enterprise" subject="[IRC] 31 Jul 2002" archive="http://www.gnuenterprise.org/irc-logs/gnue-public.log.31Jul2002" startdate="30 Jul 2002 23:00:00 -0800" enddate="30 Jul 2002 23:00:00 -0800">

<topic>Forms</topic>

<p>Stuart Bain (stbain) said <quote who="Stuart Bain">I'm on a 
RHL7.3 box now, what do I need to get up and running w/ the latest 
and greatest?</quote> Derek Neighbors (dneighbo) said that 
<quote who="Derek Neighbors">the major components are python 2.x 
(preferably 2.1), wxPython and a database (Postgres, MySQL, SAP-DB).
Most of the other dependencies have started to go away. 
If you want to do reports you will probably want to pick up Sablotron 
and PySablot. Oh and you will need the python driver for whichever db 
you choose. I like to get wx and python first to verify a normal form 
works - then grab db set it up - then get its driver test a db form - 
then move on to swearing at reports :)</quote></p>

<p>Stuart confirmed <quote who="Stuart Bain">I have wxPython RPM 
installed - should I grab the CVS snapshot?</quote> Derek said 
yes - <quote who="Derek Neighbors">un tar it somewhere - then in 
gnue/ run setup-cvs.py and answer questions to your liking (i pretty 
much just hit enter (i.e. take defaults)) but certainly you can do as 
you like - the defaults put everything in your home dir (which makes 
nice for clean up later)) or running cvs in conjunction with 
stable</quote>.</p>

<p>Stuart set up postgres, and Derek suggesed <quote who="Derek Neighbors">go 
to gnue/forms/samples/intro/ and run the intro.gfd</quote>. Stuart reported 
an error - <quote who="Stuart Bain">This GNUe tool requires mxDateTime to be 
installed</quote>. Derek said <quote who="Derek Neighbors">grrrr - i forgot 
about that</quote>. Stuart confirmed the error message suggested an URL to 
collect the dependency, which he installed and reported 
<quote who="Stuart Bain">intro form is up and running</quote>.
Derek asked <quote who="Derek Neighbors">do you have postgres running?
if so do you ahve an databases? if so do you ahve any tables in the database
if so do they have any data :) and do you have a postgres python 
driver</quote>? Sturt said he had the 
<quote who="Stuart Bain">postgresql-python-7.2.1-5.i386.rpm</quote> driver.
Derek said that Stuart would have to edit his connections.conf file to 
alter the gnue database connection from psycopg to postgresql - 
<quote who="Derek Neighbors">then go to gnue/forms/samples/zipcode/ - 
do a psql gnue then inside psql do \i pg_zip_code.sql </quote>. 
He added <quote who="Derek Neighbors">after that loads do a 
~/bin/gfcvs zipcode.gfd and see if things work</quote>. He 
confirmed Stuart would have to set a user up within 
postgresql.</p>

<p>Stuart did this, but got a message <quote who="Stuart Bain">Error: 
Driver not installed: pygresql for PostgreSQL [No module named pgdb] - 
I must have missed something somwhere</quote>. After some digging, 
Stuart checked <quote who="Stuart Bain">if the postgresql-python RPM 
has the files we're looking for</quote>. Derek warned 
<quote who="Derek Neighbors">on redhat they have 1.5 and 2.x</quote>
versions of python. Stuart confirmed this was the problem - 
<quote who="Stuart Bain">postgresql-python - 
/usr/lib/python1.5/site-packages/pgdb.py</quote>. He had had 
similar problems with Red Hat before - <quote who="Stuart Bain">apparently 
they haven't noticed that the rest of the world is moving on without 
python 1.5.2</quote>. He found 
<quote who="Stuart Bain">postgresql-python-7.2.1-14.i386.rpm</quote> - 
<quote who="Stuart Bain">after a --nodeps install - it works - 
prompts me for a login - then promptly crashes</quote>. 
Derek said <quote who="Derek Neighbors">rerun it - i think some 'themes' 
dont play nicely - i.e. i have seen this on mor ethan on occasion - 
and simply relaunching makes problem go away</quote>.</p>

<p>Stuart confirmed <quote who="Stuart Bain">ok... now I have a bunch 
of blank fields - city, state, zip</quote>. Derek suggested 
<quote who="Derek Neighbors">hit the prepare query button on tool bar
then hit execute query button - or use the function keys or 
menus</quote>. Nothing was coming up in the zip code form, 
so Derek suggested <quote who="Derek Neighbors">ok shut it down 
and run states.gfd instead - then on login run f8/f9</quote>. 
Stuart reported <quote who="Stuart Bain">I have a list of hte states
- the states were populated in the zipcodes.gfd dropdown 
selection box as well</quote>. Derek confirmed 
<quote who="Derek Neighbors">if you are getting data loaded when 
you run states.gfd - then you are workign :) - you have a workign 
GNUe System - /me runs before you try to really use it and ask real 
hard questions</quote>.</p>

<p>Stuart asked <quote who="Stuart Bain">ok - so where do I 
download accessmdb2gnuegfd - lol</quote>. Derek said 
<quote who="Derek Neighbors">in all seriousness - go to 
pgadmin.postgresql.org - download that application (runs only on 
windows) and download the access migration tool - this tool will 
provide mechanism to convert all tables/indexes/keys etc from access 
into postgres which is half the battle. At which point with some 
effort you could then rebind their existing access screens/forms to 
use postgres tables - then you start on the conversion of access 
forms to gnue forms :) We have no 'direct' migration tool
for that part, but it should be fairly easy using our 'wizards' in designer
since the 'structures' exist</quote>.</p>

</section>


<section title="Preparing for Linux World Expo in San Fransisco" subject="[IRC] 31 Jul 2002" archive="http://www.gnuenterprise.org/irc-logs/gnue-public.log.31Jul2002" startdate="30 Jul 2002 23:00:00 -0800" enddate="30 Jul 2002 23:00:00 -0800">

<p>Derek Neighbors (dneighbo) asked <quote who="Derek Neighbors">how 
are the marketing items coming /me is hoping we will have somethign 
by friday?</quote> Jason Cater said <quote who="Jason Cater">/me will 
try to show you what I have tonight</quote>. Derek said he was not 
heading off to Linux World Expo early, <quote who="Derek Neighbors">just 
next week will be hectic so im hoping that this weekend or 
monday maybe can get stuff to printer (or if you are printing suppose it 
doesnt matter as long as it drops before next friday) :)</quote> 
Jason said it <quote who="Jason Cater">may work better for me</quote> 
for him to print them and ship direct to San Fransisco. Derek 
said <quote who="Derek Neighbors">i just have very little left of old 
stuff so will need something for the show and would rather not make 
copies of what we had :) i.e. we need more effective marketing. I also 
need to get our sample applications and such up and running on my laptop.
I want to demonstrate schema stuff as well i.e. create a db schema - 
push button and now its mysql and postgres. I also want to get sapdb 
installed and functioning well. /me pulls hair out, so much to do so 
little time</quote>.</p>

<p>Later, Derek asked David Sugar (dyfet) about demonstrating 
<quote who="Derek Neighbors">gnucomm/bayonne in gnue booth - i would 
love to get some stuff working - you have any samples that write to 
a database? preferablly postgres</quote>. David said he did not 
<quote who="David Sugar">know what type of demo rich had in mind to 
setup.</quote> Derek said he would <quote who="Derek Neighbors">love 
to make some forms to interact with it - to show not so much 
'integration' but combination</quote>. David agreed - 
<quote who="David Sugar">In fact, I want to do a model gnu enterprise 
"debit calling" system with the debit card accounts managed thru gnue 
forms.</quote></p>

</section>

</kc><!--
     FILE ARCHIVED ON 05:31:03 Nov 11, 2007 AND RETRIEVED FROM THE
     INTERNET ARCHIVE ON 09:27:31 Dec 05, 2018.
     JAVASCRIPT APPENDED BY WAYBACK MACHINE, COPYRIGHT INTERNET ARCHIVE.

     ALL OTHER CONTENT MAY ALSO BE PROTECTED BY COPYRIGHT (17 U.S.C.
     SECTION 108(a)(3)).
-->
<!--
playback timings (ms):
  LoadShardBlock: 100.482 (3)
  esindex: 0.009
  captures_list: 116.153
  CDXLines.iter: 11.429 (3)
  PetaboxLoader3.datanode: 81.303 (4)
  exclusion.robots: 0.339
  exclusion.robots.policy: 0.324
  RedisCDXSource: 1.237
  PetaboxLoader3.resolve: 19.794
  load_resource: 31.654
-->