<?xml version="1.0" ?>

<script src="//archive.org/includes/analytics.js?v=cf34f82" type="text/javascript"></script>
<script type="text/javascript">window.addEventListener('DOMContentLoaded',function(){var v=archive_analytics.values;v.service='wb';v.server_name='wwwb-app22.us.archive.org';v.server_ms=1240;archive_analytics.send_pageview({});});</script>
<script type="text/javascript" src="/static/js/ait-client-rewrite.js?v=1543384230.0" charset="utf-8"></script>
<script type="text/javascript">
WB_wombat_Init('https://web.archive.org/web', '20071111061645', 'www.kerneltraffic.org');
</script>
<script type="text/javascript" src="/static/js/wbhack.js?v=1543384230.0" charset="utf-8"></script>
<script type="text/javascript">
__wbhack.init('https://web.archive.org/web');
</script>
<link rel="stylesheet" type="text/css" href="/static/css/banner-styles.css?v=1543384230.0" />
<link rel="stylesheet" type="text/css" href="/static/css/iconochive.css?v=1543384230.0" />
<!-- End Wayback Rewrite JS Include -->
<!-- BEGIN WAYBACK TOOLBAR INSERT -->
<script type="text/javascript" src="/static/js/timestamp.js?v=1543384230.0" charset="utf-8"></script>
<script type="text/javascript" src="/static/js/graph-calc.js?v=1543384230.0" charset="utf-8"></script>
<script type="text/javascript" src="/static/js/auto-complete.js?v=1543384230.0" charset="utf-8"></script>
<script type="text/javascript" src="/static/js/toolbar.js?v=1543384230.0" charset="utf-8"></script>
<style type="text/css">
body {
  margin-top:0 !important;
  padding-top:0 !important;
  /*min-width:800px !important;*/
}
.wb-autocomplete-suggestions {
    text-align: left; cursor: default; border: 1px solid #ccc; border-top: 0; background: #fff; box-shadow: -1px 1px 3px rgba(0,0,0,.1);
    position: absolute; display: none; z-index: 2147483647; max-height: 254px; overflow: hidden; overflow-y: auto; box-sizing: border-box;
}
.wb-autocomplete-suggestion { position: relative; padding: 0 .6em; line-height: 23px; white-space: nowrap; overflow: hidden; text-overflow: ellipsis; font-size: 1.02em; color: #333; }
.wb-autocomplete-suggestion b { font-weight: bold; }
.wb-autocomplete-suggestion.selected { background: #f0f0f0; }
</style>
<div id="wm-ipp" lang="en" style="display:none;direction:ltr;">
<div style="position:fixed;left:0;top:0;right:0;">
<div id="wm-ipp-inside">
  <div style="position:relative;">
    <div id="wm-logo" style="float:left;width:130px;padding-top:10px;">
      <a href="/web/" title="Wayback Machine home page"><img src="/static/images/toolbar/wayback-toolbar-logo.png" alt="Wayback Machine" width="110" height="39" border="0" /></a>
    </div>
    <div class="r" style="float:right;">
      <div id="wm-btns" style="text-align:right;height:25px;">
                  <div id="wm-save-snapshot-success">success</div>
          <div id="wm-save-snapshot-fail">fail</div>
          <a href="#"
             onclick="__wm.saveSnapshot('http://www.kerneltraffic.org/GNUe/gnue20060612_120.xml', '20071111061645')"
             title="Share via My Web Archive"
             id="wm-save-snapshot-open"
          >
            <span class="iconochive-web"></span>
          </a>
          <a href="https://archive.org/account/login.php"
             title="Sign In"
             id="wm-sign-in"
          >
            <span class="iconochive-person"></span>
          </a>
          <span id="wm-save-snapshot-in-progress" class="iconochive-web"></span>
        	<a href="http://faq.web.archive.org/" title="Get some help using the Wayback Machine" style="top:-6px;"><span class="iconochive-question" style="color:rgb(87,186,244);font-size:160%;"></span></a>
	<a id="wm-tb-close" href="#close" onclick="__wm.h(event);return false;" style="top:-2px;" title="Close the toolbar"><span class="iconochive-remove-circle" style="color:#888888;font-size:240%;"></span></a>
      </div>
      <div id="wm-share" style="text-align:right;">
	<a href="#" onclick="window.open('https://www.facebook.com/sharer/sharer.php?u=https://web.archive.org/web/20071111061645/http://www.kerneltraffic.org/GNUe/gnue20060612_120.xml', '', 'height=400,width=600'); return false;" title="Share on Facebook" style="margin-right:5px;" target="_blank"><span class="iconochive-facebook" style="color:#3b5998;font-size:160%;"></span></a>
	<a href="#" onclick="window.open('https://twitter.com/intent/tweet?text=https://web.archive.org/web/20071111061645/http://www.kerneltraffic.org/GNUe/gnue20060612_120.xml&amp;via=internetarchive', '', 'height=400,width=600'); return false;" title="Share on Twitter" style="margin-right:5px;" target="_blank"><span class="iconochive-twitter" style="color:#1dcaff;font-size:160%;"></span></a>
      </div>
    </div>
    <table class="c" style="">
      <tbody>
	<tr>
	  <td class="u" colspan="2">
	    <form target="_top" method="get" action="/web/submit" name="wmtb" id="wmtb"><input type="text" name="url" id="wmtbURL" value="http://www.kerneltraffic.org/GNUe/gnue20060612_120.xml" onfocus="this.focus();this.select();" /><input type="hidden" name="type" value="replay" /><input type="hidden" name="date" value="20071111061645" /><input type="submit" value="Go" /></form>
	  </td>
	  <td class="n" rowspan="2" style="width:110px;">
	    <table>
	      <tbody>
		<!-- NEXT/PREV MONTH NAV AND MONTH INDICATOR -->
		<tr class="m">
		  <td class="b" nowrap="nowrap"><a href="https://web.archive.org/web/20061014092320/http://www.kerneltraffic.org/GNUe/gnue20060612_120.xml" title="14 Oct 2006"><strong>Oct</strong></a></td>
		  <td class="c" id="displayMonthEl" title="You are here: 06:16:45 Nov 11, 2007">NOV</td>
		  <td class="f" nowrap="nowrap"><a href="https://web.archive.org/web/20080509092530/http://www.kerneltraffic.org/GNUe/gnue20060612_120.xml" title="09 May 2008"><strong>May</strong></a></td>
		</tr>
		<!-- NEXT/PREV CAPTURE NAV AND DAY OF MONTH INDICATOR -->
		<tr class="d">
		  <td class="b" nowrap="nowrap"><a href="https://web.archive.org/web/20061014092320/http://www.kerneltraffic.org/GNUe/gnue20060612_120.xml" title="09:23:20 Oct 14, 2006"><img src="/static/images/toolbar/wm_tb_prv_on.png" alt="Previous capture" width="14" height="16" border="0" /></a></td>
		  <td class="c" id="displayDayEl" style="width:34px;font-size:24px;white-space:nowrap;" title="You are here: 06:16:45 Nov 11, 2007">11</td>
		  <td class="f" nowrap="nowrap"><a href="https://web.archive.org/web/20080509092530/http://www.kerneltraffic.org/GNUe/gnue20060612_120.xml" title="09:25:30 May 09, 2008"><img src="/static/images/toolbar/wm_tb_nxt_on.png" alt="Next capture" width="14" height="16" border="0" /></a></td>
		</tr>
		<!-- NEXT/PREV YEAR NAV AND YEAR INDICATOR -->
		<tr class="y">
		  <td class="b" nowrap="nowrap"><a href="https://web.archive.org/web/20061014092320/http://www.kerneltraffic.org/GNUe/gnue20060612_120.xml" title="14 Oct 2006"><strong>2006</strong></a></td>
		  <td class="c" id="displayYearEl" title="You are here: 06:16:45 Nov 11, 2007">2007</td>
		  <td class="f" nowrap="nowrap"><a href="https://web.archive.org/web/20170404025021/http://kerneltraffic.org/GNUe/gnue20060612_120.xml" title="04 Apr 2017"><strong>2017</strong></a></td>
		</tr>
	      </tbody>
	    </table>
	  </td>
	</tr>
	<tr>
	  <td class="s">
	    	    <div id="wm-nav-captures">
	      	      <a class="t" href="/web/20071111061645*/http://www.kerneltraffic.org/GNUe/gnue20060612_120.xml" title="See a list of every capture for this URL">6 captures</a>
	      <div class="r" title="Timespan for captures of this URL">14 Oct 2006 - 20 Oct 2017</div>
	      </div>
	  </td>
	  <td class="k">
	    <a href="" id="wm-graph-anchor">
	      <div id="wm-ipp-sparkline" title="Explore captures for this URL" style="position: relative">
		<canvas id="wm-sparkline-canvas" width="575" height="27" border="0"></canvas>
	      </div>
	    </a>
	  </td>
	</tr>
      </tbody>
    </table>
    <div style="position:absolute;bottom:0;right:2px;text-align:right;">
      <a id="wm-expand" class="wm-btn wm-closed" href="#expand" onclick="__wm.ex(event);return false;"><span id="wm-expand-icon" class="iconochive-down-solid"></span> <span style="font-size:80%">About this capture</span></a>
    </div>
  </div>
    <div id="wm-capinfo" style="border-top:1px solid #777;display:none; overflow: hidden">
            <div style="background-color:#666;color:#fff;font-weight:bold;text-align:center">COLLECTED BY</div>
    <div style="padding:3px;position:relative" id="wm-collected-by-content">
            <div style="display:inline-block;vertical-align:top;width:50%;">
			<span class="c-logo" style="background-image:url(https://archive.org/services/img/webwidecrawl);"></span>
		Organization: <a style="color:#33f;" href="https://archive.org/details/webwidecrawl" target="_new"><span class="wm-title">Internet Archive</span></a>
		<div style="max-height:75px;overflow:hidden;position:relative;">
	  <div style="position:absolute;top:0;left:0;width:100%;height:75px;background:linear-gradient(to bottom,rgba(255,255,255,0) 0%,rgba(255,255,255,0) 90%,rgba(255,255,255,255) 100%);"></div>
	  The Internet Archive discovers and captures web pages through many different web crawls.

At any given time several distinct crawls are running, some for months, and some every day or longer.

View the web archive through the <a href="http://archive.org/web/web.php">Wayback Machine</a>.
	</div>
	      </div>
      <div style="display:inline-block;vertical-align:top;width:49%;">
			<span class="c-logo" style="background-image:url(https://archive.org/services/img/aroundtheworldcrawl)"></span>
		<div>Collection: <a style="color:#33f;" href="https://archive.org/details/aroundtheworldcrawl" target="_new"><span class="wm-title">Around The World Crawl</span></a></div>
		<div style="max-height:75px;overflow:hidden;position:relative;">
	  <div style="position:absolute;top:0;left:0;width:100%;height:75px;background:linear-gradient(to bottom,rgba(255,255,255,0) 0%,rgba(255,255,255,0) 90%,rgba(255,255,255,255) 100%);"></div>
	  Data crawled by Sloan Foundation on behalf of Internet Archive
<br /><br />
	</div>
	      </div>
    </div>
    <div style="background-color:#666;color:#fff;font-weight:bold;text-align:center" title="Timestamps for the elements of this page">TIMESTAMPS</div>
    <div>
      <div id="wm-capresources" style="margin:0 5px 5px 5px;max-height:250px;overflow-y:scroll !important"></div>
      <div id="wm-capresources-loading" style="text-align:left;margin:0 20px 5px 5px;display:none"><img src="/static/images/loading.gif" alt="loading" /></div>
    </div>
  </div></div></div></div><script type="text/javascript">
__wm.bt(575,27,25,2,"web","http://www.kerneltraffic.org/GNUe/gnue20060612_120.xml","2007-11-11",1996);
</script>
<!-- END WAYBACK TOOLBAR INSERT --><kc>

<title>GNUe Traffic</title>

<editor contact="mailto:psu@burdonvale.co.uk">Peter Sullivan</editor>

<issue num="120" date="12 Jun 2006 12:00:00 -0800"/>

<intro>
  This newsletter mainly covers the the #gnuenterprise IRC channel, 
  with occasional coverage of the three main mailing lists 
  (gnue-announce, gnue and gnue-dev) for the 
  <a href="https://web.archive.org/web/20071111061645/http://www.gnuenterprise.org/">GNU Enterprise</a> 
  project.
</intro>


<section title="Dynamic and custom menu items in Forms" subject="[IRC] 06 Jun 2006" archive="http://www.gnuenterprise.org/irc-logs/gnue-public.log.2006-06-06" author="Peter Sullivan" contact="mailto:psu@burdonvale.co.uk" startdate="06 Jun 2006 12:00:00 -0800" enddate="06 Jun 2006 12:00:00 -0800">

<topic>Forms</topic>
<topic>Common</topic>

<p>Reinhard M&#252;ller (reinhard) had <quote who="Reinhard Müller">been 
playing around with dynamic menus lately. Currently you can have 
&lt;menu&gt; and &lt;menuitem&gt; tags in your</quote> GNUe Form Definition 
file (.gfd) <quote who="Reinhard Müller">that are added to the main 
menu. But we've once talked about making it possible to replace/hide 
standard menu items by putting some magic in the gfd. So I thought 
about introducing a config file with the xml code of the standard 
menu and the standard toolbar - which would be merged with the menu 
given in the gfd</quote>, with the .gfd version taking priority 
over the config file's defaults. This would allow both the standard 
menu items, plus any additional menu items specific to that form, 
to <quote who="Reinhard Müller">be merged into a single XML 
tree</quote> In fact, he confessed <quote who="Reinhard Müller">the 
starting point was common handling of standard menu and custom menu 
as well as &quot;not hardcoding things&quot;</quote> for the 
standard menu - <quote who="Reinhard Müller">and being able to 
site-customize menus is only an interesting side effect</quote>. 
James Thompson (jamest) did not <quote who="James Thompson">see 
a problem putting it in a file and I could see some 
advantages</quote>.</p>

</section>


<section title="Platform and backend independence in GNUe" subject="[IRC] 09 Jun 2006" archive="http://www.gnuenterprise.org/irc-logs/gnue-public.log.2006-06-09" author="Peter Sullivan" contact="mailto:psu@burdonvale.co.uk" startdate="09 Jun 2006 12:00:00 -0800" enddate="09 Jun 2006 12:00:00 -0800">

<topic>Why GNUe?</topic>
<topic>Common</topic>

<p>Reinhard M&#252;ller (reinhard) noted that there was 
<quote who="Reinhard Müller">no ready-to-go permission management yet 
- I guess you could build something with triggers</quote>, although 
built-in <quote who="Reinhard Müller">permission management is on the 
todo list, but with lower priority</quote>.</p>

<p>Reinhard said that what he liked about GNUe was that 
<quote who="Reinhard Müller">it is still the only way I know that gives you 
platform independence *and* backend independence at the same time</quote> - 
you could use it with any operating system and any database - 
<quote who="Reinhard Müller">and it is 100% free software</quote>. About 
the only negative was that GNUe was still <quote who="Reinhard Müller">not 
yet 1.0 if you understand what I mean - there might be some features missing, 
but what's normally needed is there - and we have seen other projects calling 
1.0 what we would have called 0.4 ;-)</quote>.</p>

<p>Later, Reinhard noted that, although there was a Developer's 
Introduction, there wasn't really a seperate Getting Started 
document. <quote who="Reinhard Müller">some people have written 
up something in the wiki, but most of that is not current anymore 
AFAICT - the problem with such a getting started document is that 
95% of what you do depends on platform, database used, and what 
you are aiming at at all - so it is very hard to write a generic 
howto</quote>.</p>

</section>


<section title="Using GNUe with Linux Terminal Server Project (LTSP)" subject="[IRC] 09 Jun 2006" archive="http://www.gnuenterprise.org/irc-logs/gnue-public.log.2006-06-09" author="Peter Sullivan" contact="mailto:psu@burdonvale.co.uk" startdate="09 Jun 2006 12:00:00 -0800" enddate="09 Jun 2006 12:00:00 -0800">

<p>James Thompson (jamest) noted <quote who="James Thompson">i'm 
running 30 person call center w/ gnue based apps - but we're an 
<a href="https://web.archive.org/web/20071111061645/http://www.ltsp.org/">LTSP</a> shop</quote>. He had three 
medium-sized servers <quote who="James Thompson">and people pick their 
login machine at startup</quote> all of which <quote who="James Thompson">run 
kde + a java app + gnue based apps for multiple people - the machine I'm 
logged into now has 8 people using it</quote> as of time of writing. 
There was also a seperate, slightly larger, <quote who="James Thompson">server 
containing the postgresql DB</quote>. This meant that if one of 
the LTSP servers <quote who="James Thompson">locks up or the hardware 
fails only the users logged into that box are effected - they reset 
their ltsp terminal and the process is repeated with less machines avail. 
I've blown a NIC and left the machine offline for a few weeks without 
issue. I also run one machine as our test login box. Users are welcome 
to use it like any other but i'll initially install new stuff there - 
and if issues arrise (say a new version of gnue breaks 2 or 3 forms 
only 1 person uses) then that person avoids the test box - until I 
resolve the issue, they test again, and the updates are pushed to all 
machines</quote>. He commented <quote who="James Thompson">this setup 
works really well for us - as our login servers aren't high end, our 
terminals are $50 old dells or compaqs purchased from a reseller</quote> 
- <quote who="James Thompson">it's a poor mans high availability for 
a call center :)</quote>.</p>

</section>


<section title="Communication between Application Server and Forms" subject="[IRC] 12 Jun 2006" archive="http://www.gnuenterprise.org/irc-logs/gnue-public.log.2006-06-12" author="Peter Sullivan" contact="mailto:psu@burdonvale.co.uk" startdate="12 Jun 2006 12:00:00 -0800" enddate="12 Jun 2006 12:00:00 -0800">

<topic>Application Server</topic>
<topic>Forms</topic>

<p>It was asked how the Application server sent data to the client.
Bajusz Tam&#0225;s (btami) said that data for the form on the client 
was sent using <quote who="Bajusz Tamás">xml-rpc</quote>.
Reinhard explained <quote who="Reinhard Müller">gnue-forms calls 
a RPC function on appserver, then appserver sends the form as the 
function result</quote>. However, the server did not refresh 
data in the form if it changes - <quote who="Reinhard Müller">in 
fact clients work in isolated transactions - i.e. you don't see 
changes made by other clients unless you explicitly commit or 
refresh your transaction - which is, BTW, how I really think it 
should be</quote>.</p>

</section>


<section title="GNUe compared to Ruby on Rails" subject="[IRC] 12 Jun 2006" archive="http://www.gnuenterprise.org/irc-logs/gnue-public.log.2006-06-12" author="Peter Sullivan" contact="mailto:psu@burdonvale.co.uk" startdate="12 Jun 2006 12:00:00 -0800" enddate="12 Jun 2006 12:00:00 -0800">

<p>Derek Neighbors (derek) asked <quote who="Derek Neighbors">has 
there been any more work done a on a web client by siesel?</quote> 
Jan Ischebeck (siesel) said <quote who="Jan Ischebeck">it is kind 
of stalled at the moment, as I #ve been occupied with real life - 
But I will have really much time in July - and have already many 
ideas, how to improve the webclient.</quote> Derek said that 
<quote who="Derek Neighbors">currently we are using a lot of ruby 
on rails - i think it does a lot of things well, but it still 
doesnt solve my primary problems :)</quote> He noted 
<quote who="Derek Neighbors">they have something like gnue designer 
wizards (only for web) called scaffolding that is interesting - and 
their active record stuff is similar to gnue-common. Certainly RoR 
has brought web applications very much into the future</quote> 
but <quote who="Derek Neighbors">it still misses the mark to be a 
specific enough framework to churn out enterprise applications</quote>. 
Jan said <quote who="Jan Ischebeck">recently I read a comparison 
between RoR and Zope. Both would be application frameworks, which 
would promote a programming language. And users would learn first 
about the framework and then start to use the language.</quote> 
Derek felt that was fair - <quote who="Derek Neighbors">there is 
much talk about how pretty and perfect ruby is.... but personally 
it reminds me of perl - only with a good object model - of course 
i liked object pascal so what do i know</quote>? He added 
<quote who="Derek Neighbors">dont get me wrong, ruby is really quite 
nice, but i dont think it this elegant thing of beauty people claim it 
to be - simply put, w/o rails i wouldnt be using ruby</quote>. 
Dmitry Sorokin (dimas) suggested <quote who="Dmitry Sorokin">then 
take replacement for ror from python's world</quote>.</p>

<p>Jan said that his <quote who="Jan Ischebeck">idea of an enterprise 
app framework is to use gnue-designer + vi to create the forms and 
reports and try it out using gnue-forms</quote> as a normal 
client-server application - <quote who="Jan Ischebeck">and then to 
transform it into a web application</quote>.</p>

</section>

</kc><!--
     FILE ARCHIVED ON 06:16:45 Nov 11, 2007 AND RETRIEVED FROM THE
     INTERNET ARCHIVE ON 09:22:03 Dec 05, 2018.
     JAVASCRIPT APPENDED BY WAYBACK MACHINE, COPYRIGHT INTERNET ARCHIVE.

     ALL OTHER CONTENT MAY ALSO BE PROTECTED BY COPYRIGHT (17 U.S.C.
     SECTION 108(a)(3)).
-->
<!--
playback timings (ms):
  LoadShardBlock: 256.963 (3)
  esindex: 0.034
  captures_list: 278.337
  CDXLines.iter: 13.362 (3)
  PetaboxLoader3.datanode: 144.691 (4)
  exclusion.robots: 0.34
  exclusion.robots.policy: 0.327
  RedisCDXSource: 4.616
  PetaboxLoader3.resolve: 164.048
  load_resource: 943.955
-->