<?xml version="1.0" ?>

<script src="//archive.org/includes/analytics.js?v=cf34f82" type="text/javascript"></script>
<script type="text/javascript">window.addEventListener('DOMContentLoaded',function(){var v=archive_analytics.values;v.service='wb';v.server_name='wwwb-app41.us.archive.org';v.server_ms=277;archive_analytics.send_pageview({});});</script>
<script type="text/javascript" src="/static/js/ait-client-rewrite.js?v=1543384230.0" charset="utf-8"></script>
<script type="text/javascript">
WB_wombat_Init('https://web.archive.org/web', '20071110082441', 'www.kerneltraffic.org');
</script>
<script type="text/javascript" src="/static/js/wbhack.js?v=1543384230.0" charset="utf-8"></script>
<script type="text/javascript">
__wbhack.init('https://web.archive.org/web');
</script>
<link rel="stylesheet" type="text/css" href="/static/css/banner-styles.css?v=1543384230.0" />
<link rel="stylesheet" type="text/css" href="/static/css/iconochive.css?v=1543384230.0" />
<!-- End Wayback Rewrite JS Include -->
<!-- BEGIN WAYBACK TOOLBAR INSERT -->
<script type="text/javascript" src="/static/js/timestamp.js?v=1543384230.0" charset="utf-8"></script>
<script type="text/javascript" src="/static/js/graph-calc.js?v=1543384230.0" charset="utf-8"></script>
<script type="text/javascript" src="/static/js/auto-complete.js?v=1543384230.0" charset="utf-8"></script>
<script type="text/javascript" src="/static/js/toolbar.js?v=1543384230.0" charset="utf-8"></script>
<style type="text/css">
body {
  margin-top:0 !important;
  padding-top:0 !important;
  /*min-width:800px !important;*/
}
.wb-autocomplete-suggestions {
    text-align: left; cursor: default; border: 1px solid #ccc; border-top: 0; background: #fff; box-shadow: -1px 1px 3px rgba(0,0,0,.1);
    position: absolute; display: none; z-index: 2147483647; max-height: 254px; overflow: hidden; overflow-y: auto; box-sizing: border-box;
}
.wb-autocomplete-suggestion { position: relative; padding: 0 .6em; line-height: 23px; white-space: nowrap; overflow: hidden; text-overflow: ellipsis; font-size: 1.02em; color: #333; }
.wb-autocomplete-suggestion b { font-weight: bold; }
.wb-autocomplete-suggestion.selected { background: #f0f0f0; }
</style>
<div id="wm-ipp" lang="en" style="display:none;direction:ltr;">
<div style="position:fixed;left:0;top:0;right:0;">
<div id="wm-ipp-inside">
  <div style="position:relative;">
    <div id="wm-logo" style="float:left;width:130px;padding-top:10px;">
      <a href="/web/" title="Wayback Machine home page"><img src="/static/images/toolbar/wayback-toolbar-logo.png" alt="Wayback Machine" width="110" height="39" border="0" /></a>
    </div>
    <div class="r" style="float:right;">
      <div id="wm-btns" style="text-align:right;height:25px;">
                  <div id="wm-save-snapshot-success">success</div>
          <div id="wm-save-snapshot-fail">fail</div>
          <a href="#"
             onclick="__wm.saveSnapshot('http://www.kerneltraffic.org/GNUe/gnue20031222_101.xml', '20071110082441')"
             title="Share via My Web Archive"
             id="wm-save-snapshot-open"
          >
            <span class="iconochive-web"></span>
          </a>
          <a href="https://archive.org/account/login.php"
             title="Sign In"
             id="wm-sign-in"
          >
            <span class="iconochive-person"></span>
          </a>
          <span id="wm-save-snapshot-in-progress" class="iconochive-web"></span>
        	<a href="http://faq.web.archive.org/" title="Get some help using the Wayback Machine" style="top:-6px;"><span class="iconochive-question" style="color:rgb(87,186,244);font-size:160%;"></span></a>
	<a id="wm-tb-close" href="#close" onclick="__wm.h(event);return false;" style="top:-2px;" title="Close the toolbar"><span class="iconochive-remove-circle" style="color:#888888;font-size:240%;"></span></a>
      </div>
      <div id="wm-share" style="text-align:right;">
	<a href="#" onclick="window.open('https://www.facebook.com/sharer/sharer.php?u=https://web.archive.org/web/20071110082441/http://www.kerneltraffic.org/GNUe/gnue20031222_101.xml', '', 'height=400,width=600'); return false;" title="Share on Facebook" style="margin-right:5px;" target="_blank"><span class="iconochive-facebook" style="color:#3b5998;font-size:160%;"></span></a>
	<a href="#" onclick="window.open('https://twitter.com/intent/tweet?text=https://web.archive.org/web/20071110082441/http://www.kerneltraffic.org/GNUe/gnue20031222_101.xml&amp;via=internetarchive', '', 'height=400,width=600'); return false;" title="Share on Twitter" style="margin-right:5px;" target="_blank"><span class="iconochive-twitter" style="color:#1dcaff;font-size:160%;"></span></a>
      </div>
    </div>
    <table class="c" style="">
      <tbody>
	<tr>
	  <td class="u" colspan="2">
	    <form target="_top" method="get" action="/web/submit" name="wmtb" id="wmtb"><input type="text" name="url" id="wmtbURL" value="http://www.kerneltraffic.org/GNUe/gnue20031222_101.xml" onfocus="this.focus();this.select();" /><input type="hidden" name="type" value="replay" /><input type="hidden" name="date" value="20071110082441" /><input type="submit" value="Go" /></form>
	  </td>
	  <td class="n" rowspan="2" style="width:110px;">
	    <table>
	      <tbody>
		<!-- NEXT/PREV MONTH NAV AND MONTH INDICATOR -->
		<tr class="m">
		  <td class="b" nowrap="nowrap"><a href="https://web.archive.org/web/20050212040103/http://www.kerneltraffic.org:80/GNUe/gnue20031222_101.xml" title="12 Feb 2005"><strong>Feb</strong></a></td>
		  <td class="c" id="displayMonthEl" title="You are here: 08:24:41 Nov 10, 2007">NOV</td>
		  <td class="f" nowrap="nowrap"><a href="https://web.archive.org/web/20080706154004/http://www.kerneltraffic.org/GNUe/gnue20031222_101.xml" title="06 Jul 2008"><strong>Jul</strong></a></td>
		</tr>
		<!-- NEXT/PREV CAPTURE NAV AND DAY OF MONTH INDICATOR -->
		<tr class="d">
		  <td class="b" nowrap="nowrap"><a href="https://web.archive.org/web/20050212040103/http://www.kerneltraffic.org:80/GNUe/gnue20031222_101.xml" title="04:01:03 Feb 12, 2005"><img src="/static/images/toolbar/wm_tb_prv_on.png" alt="Previous capture" width="14" height="16" border="0" /></a></td>
		  <td class="c" id="displayDayEl" style="width:34px;font-size:24px;white-space:nowrap;" title="You are here: 08:24:41 Nov 10, 2007">10</td>
		  <td class="f" nowrap="nowrap"><a href="https://web.archive.org/web/20080706154004/http://www.kerneltraffic.org/GNUe/gnue20031222_101.xml" title="15:40:04 Jul 06, 2008"><img src="/static/images/toolbar/wm_tb_nxt_on.png" alt="Next capture" width="14" height="16" border="0" /></a></td>
		</tr>
		<!-- NEXT/PREV YEAR NAV AND YEAR INDICATOR -->
		<tr class="y">
		  <td class="b" nowrap="nowrap"><a href="https://web.archive.org/web/20050212040103/http://www.kerneltraffic.org:80/GNUe/gnue20031222_101.xml" title="12 Feb 2005"><strong>2005</strong></a></td>
		  <td class="c" id="displayYearEl" title="You are here: 08:24:41 Nov 10, 2007">2007</td>
		  <td class="f" nowrap="nowrap">2008</td>
		</tr>
	      </tbody>
	    </table>
	  </td>
	</tr>
	<tr>
	  <td class="s">
	    	    <div id="wm-nav-captures">
	      	      <a class="t" href="/web/20071110082441*/http://www.kerneltraffic.org/GNUe/gnue20031222_101.xml" title="See a list of every capture for this URL">3 captures</a>
	      <div class="r" title="Timespan for captures of this URL">12 Feb 2005 - 06 Jul 2008</div>
	      </div>
	  </td>
	  <td class="k">
	    <a href="" id="wm-graph-anchor">
	      <div id="wm-ipp-sparkline" title="Explore captures for this URL" style="position: relative">
		<canvas id="wm-sparkline-canvas" width="575" height="27" border="0"></canvas>
	      </div>
	    </a>
	  </td>
	</tr>
      </tbody>
    </table>
    <div style="position:absolute;bottom:0;right:2px;text-align:right;">
      <a id="wm-expand" class="wm-btn wm-closed" href="#expand" onclick="__wm.ex(event);return false;"><span id="wm-expand-icon" class="iconochive-down-solid"></span> <span style="font-size:80%">About this capture</span></a>
    </div>
  </div>
    <div id="wm-capinfo" style="border-top:1px solid #777;display:none; overflow: hidden">
            <div style="background-color:#666;color:#fff;font-weight:bold;text-align:center">COLLECTED BY</div>
    <div style="padding:3px;position:relative" id="wm-collected-by-content">
            <div style="display:inline-block;vertical-align:top;width:50%;">
			<span class="c-logo" style="background-image:url(https://archive.org/services/img/webwidecrawl);"></span>
		Organization: <a style="color:#33f;" href="https://archive.org/details/webwidecrawl" target="_new"><span class="wm-title">Internet Archive</span></a>
		<div style="max-height:75px;overflow:hidden;position:relative;">
	  <div style="position:absolute;top:0;left:0;width:100%;height:75px;background:linear-gradient(to bottom,rgba(255,255,255,0) 0%,rgba(255,255,255,0) 90%,rgba(255,255,255,255) 100%);"></div>
	  The Internet Archive discovers and captures web pages through many different web crawls.

At any given time several distinct crawls are running, some for months, and some every day or longer.

View the web archive through the <a href="http://archive.org/web/web.php">Wayback Machine</a>.
	</div>
	      </div>
      <div style="display:inline-block;vertical-align:top;width:49%;">
			<span class="c-logo" style="background-image:url(https://archive.org/services/img/aroundtheworldcrawl)"></span>
		<div>Collection: <a style="color:#33f;" href="https://archive.org/details/aroundtheworldcrawl" target="_new"><span class="wm-title">Around The World Crawl</span></a></div>
		<div style="max-height:75px;overflow:hidden;position:relative;">
	  <div style="position:absolute;top:0;left:0;width:100%;height:75px;background:linear-gradient(to bottom,rgba(255,255,255,0) 0%,rgba(255,255,255,0) 90%,rgba(255,255,255,255) 100%);"></div>
	  Data crawled by Sloan Foundation on behalf of Internet Archive
<br /><br />
	</div>
	      </div>
    </div>
    <div style="background-color:#666;color:#fff;font-weight:bold;text-align:center" title="Timestamps for the elements of this page">TIMESTAMPS</div>
    <div>
      <div id="wm-capresources" style="margin:0 5px 5px 5px;max-height:250px;overflow-y:scroll !important"></div>
      <div id="wm-capresources-loading" style="text-align:left;margin:0 20px 5px 5px;display:none"><img src="/static/images/loading.gif" alt="loading" /></div>
    </div>
  </div></div></div></div><script type="text/javascript">
__wm.bt(575,27,25,2,"web","http://www.kerneltraffic.org/GNUe/gnue20031222_101.xml","2007-11-10",1996);
</script>
<!-- END WAYBACK TOOLBAR INSERT --><kc>

<title>GNUe Traffic</title>

<author contact="mailto:arturas@gsk.vtu.lt">Arturas Kriukovas</author>

<issue num="101" date="22 Dec 2003 00:00:00 -0800"/>

<headquote>
	"<i>about half year ago, I was finding out about GNUe and then whote to this IRC, why do you use Python (I said "so exotic") .........now I see, you're completely right----so have fun, GNUE is super</i>"
</headquote>

<intro>
  This covers the three main mailing lists for the <a href="https://web.archive.org/web/20071110082441/http://www.gnuenterprise.org/">GNU Enterprise</a> project, plus the #gnuenterprise IRC channel.
</intro>



<section title="AppServer" subject="[IRC] 15 Dec 2003" archive="http://www.gnuenterprise.org/irc-logs/gnue-public.log.15Dec2003" author="Arturas Kriukovas" contact="mailto:arturas@gsk.vtu.lt" startdate="15 Dec 2003 04:00:00 -0800" enddate="15 Dec 2003 04:00:00 -0800">

   <p>Jeff Bailey (jbailey) noticed that if <quote who="Jeff Bailey">appserver uses xml-rpc</quote>, <quote who="Jeff Bailey">is it possible to do some sort of authentication on that, or is it like corba, where you just pray the person has the rights to make the call?</quote> Reinhard M&#252;ller (Reinhard) corrected that statement "appserver uses xml-rpc" isn't a 100% correct. <quote who="Reinhard Müller">Appserver uses whatever the gnue rpc library provides</quote>. Jeff said using <quote who="Jeff Bailey">xml-rpc/soap over an http transport violates do-one-thing-well architecture</quote>.</p>
</section>

<section title="Moving to svn" subject="[IRC] 15 Dec 2003" archive="http://www.gnuenterprise.org/irc-logs/gnue-public.log.15Dec2003" author="Arturas Kriukovas" contact="mailto:arturas@gsk.vtu.lt" startdate="15 Dec 2003 04:00:00 -0800" enddate="15 Dec 2003 04:00:00 -0800">

   <p>It was agreed that there exist a consensus to move to svn <a href="https://web.archive.org/web/20071110082441/http://subversion.tigris.org/">http://subversion.tigris.org</a> on ash.</p>
<p>However, Jason Cater (jcater) was not sure <quote who="Jason Cater">about svn+ssh vs apache</quote>. <quote who="Jason Cater">the webdav support sounds really neat, but scares the heck out of me</quote> addmitted he, because <quote who="Daniel Baumann">apache auth methods</quote> are used. Jason was also interested whether it would be <quote who="Jason Cater">easy to go from svn+ssh to apache2 later on</quote>. Daniel Baumann (chillywilly) expected it to be easy - <quote who="Daniel Baumann">the repo is in the same format</quote>. Jason offered starting <quote who="Jason Cater">with svn+ssh, besides, if we went w/the other solution that's more to do, as apache2 isn't on ash</quote>.</p>
<p>Later, Jan Ischebeck (siesel) asked what <quote who="Jan Ischebeck">repos structure should we use? Trunk/gnue-common trunk/gnue-forms branches/gnue-test-common... or gnue-common/trunk gnue-common/branches...</quote> Jan <quote who="Jan Ischebeck">would prefer the first, as it would be easy then to check out the whole gnue tree and still be able to use the same setup-cvs.py which we use now. It would mean using just one svn repository, but we should be able to let it update different cvs repository as setup on savannah now. I think its easier to have the whole gnue project in one svn repository as it allows moving files from reports to common without loosing history but it is still possible to just check out gnue-common or gnue-forms etc.</quote> Jason grumbled about have moved <quote who="Jason Cater">to gnue-* in cvs</quote>. The was a reason to do so, but noone know remembered it. Jan agreed with Jason - <quote who="Jan Ischebeck">yeah, typing a "for .. " loop everytime to update gnue is bad</quote>. <quote who="Jan Ischebeck">Nevertheless using one tree with svn shouldn't be a problem, as we can do finegrained security with svn and it is possible to check out the tree as a whole (trunk/gnue-*) or single subdirs /trunk/gnue-common /trunk/gnue-forms ... even checking out just /trunk/gnue-common/src/datasource/drivers/postgresql is possible</quote>.</p>
<p>On 17 Dec, James Thompson (jamest) noticed that svn's hook system is <quote who="James Thompson">much easier than cvs's</quote>.</p>
</section>


</kc>
<!--
     FILE ARCHIVED ON 08:24:41 Nov 10, 2007 AND RETRIEVED FROM THE
     INTERNET ARCHIVE ON 09:23:12 Dec 05, 2018.
     JAVASCRIPT APPENDED BY WAYBACK MACHINE, COPYRIGHT INTERNET ARCHIVE.

     ALL OTHER CONTENT MAY ALSO BE PROTECTED BY COPYRIGHT (17 U.S.C.
     SECTION 108(a)(3)).
-->
<!--
playback timings (ms):
  LoadShardBlock: 151.65 (3)
  esindex: 0.014
  captures_list: 175.022
  CDXLines.iter: 16.841 (3)
  PetaboxLoader3.datanode: 156.9 (4)
  exclusion.robots: 0.458
  exclusion.robots.policy: 0.433
  RedisCDXSource: 1.821
  PetaboxLoader3.resolve: 40.061 (2)
  load_resource: 71.993
-->