<?xml version="1.0" ?>

<script src="//archive.org/includes/analytics.js?v=cf34f82" type="text/javascript"></script>
<script type="text/javascript">window.addEventListener('DOMContentLoaded',function(){var v=archive_analytics.values;v.service='wb';v.server_name='wwwb-app101.us.archive.org';v.server_ms=426;archive_analytics.send_pageview({});});</script>
<script type="text/javascript" src="/static/js/ait-client-rewrite.js?v=1543384230.0" charset="utf-8"></script>
<script type="text/javascript">
WB_wombat_Init('https://web.archive.org/web', '20071111052037', 'www.kerneltraffic.org');
</script>
<script type="text/javascript" src="/static/js/wbhack.js?v=1543384230.0" charset="utf-8"></script>
<script type="text/javascript">
__wbhack.init('https://web.archive.org/web');
</script>
<link rel="stylesheet" type="text/css" href="/static/css/banner-styles.css?v=1543384230.0" />
<link rel="stylesheet" type="text/css" href="/static/css/iconochive.css?v=1543384230.0" />
<!-- End Wayback Rewrite JS Include -->
<!-- BEGIN WAYBACK TOOLBAR INSERT -->
<script type="text/javascript" src="/static/js/timestamp.js?v=1543384230.0" charset="utf-8"></script>
<script type="text/javascript" src="/static/js/graph-calc.js?v=1543384230.0" charset="utf-8"></script>
<script type="text/javascript" src="/static/js/auto-complete.js?v=1543384230.0" charset="utf-8"></script>
<script type="text/javascript" src="/static/js/toolbar.js?v=1543384230.0" charset="utf-8"></script>
<style type="text/css">
body {
  margin-top:0 !important;
  padding-top:0 !important;
  /*min-width:800px !important;*/
}
.wb-autocomplete-suggestions {
    text-align: left; cursor: default; border: 1px solid #ccc; border-top: 0; background: #fff; box-shadow: -1px 1px 3px rgba(0,0,0,.1);
    position: absolute; display: none; z-index: 2147483647; max-height: 254px; overflow: hidden; overflow-y: auto; box-sizing: border-box;
}
.wb-autocomplete-suggestion { position: relative; padding: 0 .6em; line-height: 23px; white-space: nowrap; overflow: hidden; text-overflow: ellipsis; font-size: 1.02em; color: #333; }
.wb-autocomplete-suggestion b { font-weight: bold; }
.wb-autocomplete-suggestion.selected { background: #f0f0f0; }
</style>
<div id="wm-ipp" lang="en" style="display:none;direction:ltr;">
<div style="position:fixed;left:0;top:0;right:0;">
<div id="wm-ipp-inside">
  <div style="position:relative;">
    <div id="wm-logo" style="float:left;width:130px;padding-top:10px;">
      <a href="/web/" title="Wayback Machine home page"><img src="/static/images/toolbar/wayback-toolbar-logo.png" alt="Wayback Machine" width="110" height="39" border="0" /></a>
    </div>
    <div class="r" style="float:right;">
      <div id="wm-btns" style="text-align:right;height:25px;">
                  <div id="wm-save-snapshot-success">success</div>
          <div id="wm-save-snapshot-fail">fail</div>
          <a href="#"
             onclick="__wm.saveSnapshot('http://www.kerneltraffic.org/GNUe/gnue20020316_20.xml', '20071111052037')"
             title="Share via My Web Archive"
             id="wm-save-snapshot-open"
          >
            <span class="iconochive-web"></span>
          </a>
          <a href="https://archive.org/account/login.php"
             title="Sign In"
             id="wm-sign-in"
          >
            <span class="iconochive-person"></span>
          </a>
          <span id="wm-save-snapshot-in-progress" class="iconochive-web"></span>
        	<a href="http://faq.web.archive.org/" title="Get some help using the Wayback Machine" style="top:-6px;"><span class="iconochive-question" style="color:rgb(87,186,244);font-size:160%;"></span></a>
	<a id="wm-tb-close" href="#close" onclick="__wm.h(event);return false;" style="top:-2px;" title="Close the toolbar"><span class="iconochive-remove-circle" style="color:#888888;font-size:240%;"></span></a>
      </div>
      <div id="wm-share" style="text-align:right;">
	<a href="#" onclick="window.open('https://www.facebook.com/sharer/sharer.php?u=https://web.archive.org/web/20071111052037/http://www.kerneltraffic.org/GNUe/gnue20020316_20.xml', '', 'height=400,width=600'); return false;" title="Share on Facebook" style="margin-right:5px;" target="_blank"><span class="iconochive-facebook" style="color:#3b5998;font-size:160%;"></span></a>
	<a href="#" onclick="window.open('https://twitter.com/intent/tweet?text=https://web.archive.org/web/20071111052037/http://www.kerneltraffic.org/GNUe/gnue20020316_20.xml&amp;via=internetarchive', '', 'height=400,width=600'); return false;" title="Share on Twitter" style="margin-right:5px;" target="_blank"><span class="iconochive-twitter" style="color:#1dcaff;font-size:160%;"></span></a>
      </div>
    </div>
    <table class="c" style="">
      <tbody>
	<tr>
	  <td class="u" colspan="2">
	    <form target="_top" method="get" action="/web/submit" name="wmtb" id="wmtb"><input type="text" name="url" id="wmtbURL" value="http://www.kerneltraffic.org/GNUe/gnue20020316_20.xml" onfocus="this.focus();this.select();" /><input type="hidden" name="type" value="replay" /><input type="hidden" name="date" value="20071111052037" /><input type="submit" value="Go" /></form>
	  </td>
	  <td class="n" rowspan="2" style="width:110px;">
	    <table>
	      <tbody>
		<!-- NEXT/PREV MONTH NAV AND MONTH INDICATOR -->
		<tr class="m">
		  <td class="b" nowrap="nowrap"><a href="https://web.archive.org/web/20060118061022/http://www.kerneltraffic.org:80/GNUe/gnue20020316_20.xml" title="18 Jan 2006"><strong>Jan</strong></a></td>
		  <td class="c" id="displayMonthEl" title="You are here: 05:20:37 Nov 11, 2007">NOV</td>
		  <td class="f" nowrap="nowrap">Dec</td>
		</tr>
		<!-- NEXT/PREV CAPTURE NAV AND DAY OF MONTH INDICATOR -->
		<tr class="d">
		  <td class="b" nowrap="nowrap"><a href="https://web.archive.org/web/20060118061022/http://www.kerneltraffic.org:80/GNUe/gnue20020316_20.xml" title="06:10:22 Jan 18, 2006"><img src="/static/images/toolbar/wm_tb_prv_on.png" alt="Previous capture" width="14" height="16" border="0" /></a></td>
		  <td class="c" id="displayDayEl" style="width:34px;font-size:24px;white-space:nowrap;" title="You are here: 05:20:37 Nov 11, 2007">11</td>
		  <td class="f" nowrap="nowrap"><img src="/static/images/toolbar/wm_tb_nxt_off.png" alt="Next capture" width="14" height="16" border="0" /></td>
		</tr>
		<!-- NEXT/PREV YEAR NAV AND YEAR INDICATOR -->
		<tr class="y">
		  <td class="b" nowrap="nowrap"><a href="https://web.archive.org/web/20060118061022/http://www.kerneltraffic.org:80/GNUe/gnue20020316_20.xml" title="18 Jan 2006"><strong>2006</strong></a></td>
		  <td class="c" id="displayYearEl" title="You are here: 05:20:37 Nov 11, 2007">2007</td>
		  <td class="f" nowrap="nowrap">2008</td>
		</tr>
	      </tbody>
	    </table>
	  </td>
	</tr>
	<tr>
	  <td class="s">
	    	    <div id="wm-nav-captures">
	      	      <a class="t" href="/web/20071111052037*/http://www.kerneltraffic.org/GNUe/gnue20020316_20.xml" title="See a list of every capture for this URL">12 captures</a>
	      <div class="r" title="Timespan for captures of this URL">07 May 2003 - 11 Nov 2007</div>
	      </div>
	  </td>
	  <td class="k">
	    <a href="" id="wm-graph-anchor">
	      <div id="wm-ipp-sparkline" title="Explore captures for this URL" style="position: relative">
		<canvas id="wm-sparkline-canvas" width="575" height="27" border="0"></canvas>
	      </div>
	    </a>
	  </td>
	</tr>
      </tbody>
    </table>
    <div style="position:absolute;bottom:0;right:2px;text-align:right;">
      <a id="wm-expand" class="wm-btn wm-closed" href="#expand" onclick="__wm.ex(event);return false;"><span id="wm-expand-icon" class="iconochive-down-solid"></span> <span style="font-size:80%">About this capture</span></a>
    </div>
  </div>
    <div id="wm-capinfo" style="border-top:1px solid #777;display:none; overflow: hidden">
            <div style="background-color:#666;color:#fff;font-weight:bold;text-align:center">COLLECTED BY</div>
    <div style="padding:3px;position:relative" id="wm-collected-by-content">
            <div style="display:inline-block;vertical-align:top;width:50%;">
			<span class="c-logo" style="background-image:url(https://archive.org/services/img/webwidecrawl);"></span>
		Organization: <a style="color:#33f;" href="https://archive.org/details/webwidecrawl" target="_new"><span class="wm-title">Internet Archive</span></a>
		<div style="max-height:75px;overflow:hidden;position:relative;">
	  <div style="position:absolute;top:0;left:0;width:100%;height:75px;background:linear-gradient(to bottom,rgba(255,255,255,0) 0%,rgba(255,255,255,0) 90%,rgba(255,255,255,255) 100%);"></div>
	  The Internet Archive discovers and captures web pages through many different web crawls.

At any given time several distinct crawls are running, some for months, and some every day or longer.

View the web archive through the <a href="http://archive.org/web/web.php">Wayback Machine</a>.
	</div>
	      </div>
      <div style="display:inline-block;vertical-align:top;width:49%;">
			<span class="c-logo" style="background-image:url(https://archive.org/services/img/aroundtheworldcrawl)"></span>
		<div>Collection: <a style="color:#33f;" href="https://archive.org/details/aroundtheworldcrawl" target="_new"><span class="wm-title">Around The World Crawl</span></a></div>
		<div style="max-height:75px;overflow:hidden;position:relative;">
	  <div style="position:absolute;top:0;left:0;width:100%;height:75px;background:linear-gradient(to bottom,rgba(255,255,255,0) 0%,rgba(255,255,255,0) 90%,rgba(255,255,255,255) 100%);"></div>
	  Data crawled by Sloan Foundation on behalf of Internet Archive
<br /><br />
	</div>
	      </div>
    </div>
    <div style="background-color:#666;color:#fff;font-weight:bold;text-align:center" title="Timestamps for the elements of this page">TIMESTAMPS</div>
    <div>
      <div id="wm-capresources" style="margin:0 5px 5px 5px;max-height:250px;overflow-y:scroll !important"></div>
      <div id="wm-capresources-loading" style="text-align:left;margin:0 20px 5px 5px;display:none"><img src="/static/images/loading.gif" alt="loading" /></div>
    </div>
  </div></div></div></div><script type="text/javascript">
__wm.bt(575,27,25,2,"web","http://www.kerneltraffic.org/GNUe/gnue20020316_20.xml","2007-11-11",1996);
</script>
<!-- END WAYBACK TOOLBAR INSERT --><kc>

<title>GNUe Traffic</title>

<author contact="mailto:psu@manorcon.demon.co.uk">Peter Sullivan</author>

<issue num="20" date="16 Mar 2002 00:00:00 -0800"/>

<headquote>
Free Dmitry aftermath -  
&quot;<cite>
I was at work yesterday and the CFO of our company 
asked me what the bumper sticker on the back of my car 
(the one that reads &quot;Coding is Not a Crime&quot;) 
means. And I told him, &quot;Oh, I dunno. It helps me 
get girls.&quot; And err he started laughing...
</cite>&quot;
</headquote>

<intro>

<p>This Cousin covers the three main mailing lists for the GNU 
Enterprise project, gnue, gnue-dev and gnue-announce. For more 
information about GNUe, see their home page at 
<a href="https://web.archive.org/web/20071111052037/http://www.gnuenterprise.org/">
http://www.gnuenterprise.org</a>. Details of the mailing lists 
can be found at 
<a href="https://web.archive.org/web/20071111052037/http://mail.gnu.org/mailman/listinfo/gnue">
http://mail.gnu.org/mailman/listinfo/gnue</a>, 
<a href="https://web.archive.org/web/20071111052037/http://mail.gnu.org/mailman/listinfo/gnue-dev">
http://mail.gnu.org/mailman/listinfo/gnue-dev</a>,
<a href="https://web.archive.org/web/20071111052037/http://mail.gnu.org/mailman/listinfo/gnue-announce">
http://mail.gnu.org/mailman/listinfo/gnue-announce</a>.</p>

<p>It also covers the #gnuenterprise IRC channel. A great deal of 
development discussion for this project goes on in IRC. You can 
find #gnuenterprise on irc.openprojects.net:6667, or you can 
review the logs at <a href="https://web.archive.org/web/20071111052037/http://www.gnuenterprise.org/irc-logs/">
http://www.gnuenterprise.org/irc-logs/</a>.</p>

</intro>

<section title="GNUe Application Server (GEAS) version 2" subject="[Gnue-dev] GEAS is dead. Long live GEAS." archive="http://mail.gnu.org/pipermail/gnue-dev/2002-March/000038.html" posts="3" startdate="04 Mar 2002 12:09:41 -0800" enddate="11 Mar 2002 00:00:00 -0800">
<topic>Financials (Accounting)</topic>


<p>Reinhard M&#252;ller officially announed <quote who="Reinhard Müller">
the decision to rewrite the GNU Enterprise Application Server from 
scratch. The rewrite will take place in python. We have decided to keep
the acronym &quot;GEAS&quot;.</quote> There was a 
<a href="https://web.archive.org/web/20071111052037/http://www.gnuenterprise.org/~reinhard/whitepaper">whitepaper</a> 
available for comments. <quote who="Reinhard Müller">The next step 
would be to define the interface GEAS shows against the front 
end</quote>, which would be done in the next few days/weeks. Charles 
Rouzer suggested <quote who="Charles Rouzer">I would like security and 
authentication seperated in the white paper</quote>, as authentication 
could be done via the database back-end, whilst security could be done 
using <quote who="Charles Rouzer">Role Base Access Control 
(RBAC)</quote>, which could be tied <quote who="Charles Rouzer">into 
future OSs that also implement RBAC</quote>, as previously 
discussed. Reinhard agreed these were important, but said they were 
both aspects of <quote who="Reinhard Müller">
the single big and important goal that the system must be secure.</quote>
However, <quote who="Reinhard Müller">
I am 100% sure we will come back on viewing these points seperate as
soon as we talk about implementation details.</quote>.</p>

<p>Some days later, 
<a href="https://web.archive.org/web/20071111052037/http://www.gnuenterprise.org/irc-logs/gnue-public.log.09Mar2002">
on IRC</a>, Daniel Baumann (chillywilly) asked <quote who="Daniel Baumann">
what are the current geas assignments?</quote>. Derek Neighbors (derek) 
said <quote who="Derek Neighbors">we need to use DCL for our todos - i 
think the big current item is to document common</quote>. Daniel was keen 
to do some work on API design - this would be for 'internal' APIs within 
GEAs <quote who="Daniel Baumann">or comething that will go in common 
if we chose to put it there</quote>. Reinhard M&#252;ller (reinhard) 
suggested basing any API proposals on 
<quote who="Reinhard Müller">neilt's drawing</quote>. He said 
<quote who="Reinhard Müller">the most 
important interface is what GEAS (as a whole) shows against forms
- the &quot;external&quot; API of geas so to speak</quote>. Daniel 
suggested <quote who="Daniel Baumann">I would think for that forms 
would use OQL</quote>, adding <quote who="Daniel Baumann">ODMG has a 
bunch of interfaces</quote>. Reinhard suggested 
<quote who="Reinhard Müller">i think we must discuss with jamest 
what would make most sense to him</quote>.</p>

<p>Reinhard confirmed that Derek had requested 
<quote who="Reinhard Müller">GEASv2 still is named geas - and said 
that it would be no problem to remove all docs from the web and 
everywhere that refer to the first implementation and are not longer 
valid - however i'd like to ask <cite>who</cite> will do this 
removement</quote>.</p>

<p>Daniel suggested <quote who="Daniel Baumann">we should fiogure out 
what parts are &quot;common&quot; to geas arhitecture - probably 
security and protoclo adapters can be factored out into common</quote>. 
He suggested <quote who="Daniel Baumann">I think the diagram could be 
much refined altogether...maybe that's what I'll start with, breaking 
things down further</quote>. Reinhard said 
<quote who="Reinhard Müller">that's why i think we need a lot of 
communication with jcater and jamest - much more than before</quote>. 
Daniel agreed - <quote who="Daniel Baumann">we shooting toward a much 
more integrated GNUe :) [...] this is good for unity, because too long 
have various parts just been &quot;distant&quot; - it was like talk to 
me at an arms length (CORBA)</quote>.</p>

<p><a href="https://web.archive.org/web/20071111052037/http://www.gnuenterprise.org/irc-logs/gnue-public.log.11Mar2002">
Two days later</a>, 
Reinhard confirmed that <quote who="Reinhard Müller">the geas 
that is currently in the downloads area or in cvs is the 
&quot;old&quot; incarnation and we have stopped development on that. 
A complete rewrite from scratch is just about to be started</quote>. 
This meant that any time spent trying to get the existing GNUe 
Application Server (GEAS) to run would likely be wasted. He said 
<quote who="Reinhard Müller">i guess what i'm saying is - there is no 
&quot;geas&quot; at the moment - the old has died - the new has not yet
been born - but keep your eyes open - the new one will arrive soon 
:)</quote> On timescales, he noted <quote who="Reinhard Müller">
currently all of GNU Enterprise is volunteer work - we all do it in our
spare time</quote>. However, <quote who="Reinhard Müller">remember you
can use GNU Enterprise in 2-tier and in n-tier mode - 2-tier means 
forms talks directly to database - this is very usable already and it 
<cite>is</cite> used in production at several places</quote>.</p>

<p>On the new GEAS, Reinhard thought <quote who="Reinhard Müller">it 
will be some months until that constellation is usabel in 
production</quote>, but this could be speeded up considerably if an 
external company was willing to lend programmers to help. He said 
<quote who="Reinhard Müller">the new incarnation of the application 
server will be written in python - however python is very easy to 
learn</quote>, and boasted <quote who="Reinhard Müller">i still have 
to see the man that started to learn python and did not like it 
:)</quote>. Derek (dneighbo) said that there was no real 
documentation on the new GEAS yet, but there was 
<quote who="Derek Neighbors">some 'precusory' stuff</quote> 
<a href="https://web.archive.org/web/20071111052037/http://www.gnuenterprise.org/~reinhard/whitepaper/">
on the website</a>.</p>

</section>

<section title="uuid header file for GNUe Application Server" subject="[gnue-geas] ./configure error" archive="http://mail.gnu.org/pipermail/gnue/2002-March/000038.html" posts="3" startdate="05 Mar 2002 01:02:22 -0800" enddate="06 Mar 2002 23:36:03 -0800">
<topic>Application Server</topic>


<p>Emmanuel Salvador reported a problem with the configure 
script for GNUe Application Server 0.0.5 and posted his 
<quote who="Emmanuel Salvador">log file</quote>, which 
showed the problem was with the uuid header file. 
Jens M&#252;ller noted that <quote who="Jens Müller">
The Debian package</quote> for GEAS listed libuuid1 
as a dependancy. Reinhard confimed this, saying 
<quote who="Reinhard Müller">uuid.h is a part of the 
ext2fs package</quote> and explained where to find it. 
However, he warned <quote who="Reinhard Müller">
that geas-0.0.5 is a development version and does about
nothing that would be usable to the end user</quote>. It 
was also about to be made obsolete by the 
<quote who="Reinhard Müller">rewrite of GEAS</quote> now 
under way.</p>

</section>

<section title="Naming conventions in GNUe Application Server" subject="[IRC] 07 Mar 2002" archive="http://www.gnuenterprise.org/irc-logs/gnue-public.log.07Mar2002" startdate="07 Mar 2002 00:00:00 -0800" enddate="07 Mar 2002 00:00:00 -0800">
<topic>Application Server</topic>


<mention>Peter Sullivan</mention>
<mention>ra3vat</mention>

<p>Dmitry Sorokin (ra3vat) asked <quote who="Dmitry Sorokin">is that 
naming convention for packages, modules in geas you did with neilt 
still making sense ?</quote> Reinhard said 
<quote who="Reinhard Müller">i think yes - because it's about how the 
packages, modules and classes can be translated into table and column 
names</quote>. Dmitry asked where it was documented. Reinhard said 
<quote who="Reinhard Müller">i think it should be somewhere in the 
mailing list archives - probably in the old gnue-geas@lists.gnue.org 
archives - plus i <cite>think</cite> it's in the module writer's guide 
- but not sure</quote>. <editorialize who="Peter Sullivan">It's also 
'documented' (in a sense) in 
<kcref subject="[Gnue-dev] Adventures with geas: strange old parser?" startdate="06 Jan 2002 12:20:05 -0800"></kcref>.
</editorialize></p>

</section>

<section title="Debian packages for GNUe" subject="[IRC] 07 Mar 2002" archive="http://www.gnuenterprise.org/irc-logs/gnue-public.log.07Mar2002" startdate="07 Mar 2002 00:00:00 -0800" enddate="07 Mar 2002 00:00:00 -0800">


<p>In an attempt to conclude 
<kcref title="Debian packages for GNUe" startdate="07 Mar 2002 00:00:00 -0800"></kcref>,
Derek Neighbors (dneighbo) asked <quote who="Derek Neighbors">nickr 
think i could sucker you into fixing our debian packages?</quote>. 
Nick Rusnov (nickr) asked <quote who="Nick Rusnov">are they broken 
again? - the bugs that I had filed god closed.</quote> Derek said 
<quote who="Derek Neighbors">i think common is busted - as designer 
cant find some images - and the .conf file doesnt get created only the 
sample</quote>. Nick asked <quote who="Nick Rusnov">are they based on 
a release or CVS?</quote>. Derek wasn't sure - 
<quote who="Derek Neighbors">eventually i would like to see - 
gnue-forms, gnue-appsever, gnue-designer, gnue-common - then a tasksel 
for gnue</quote>, and eventually seperate versions of common for each 
database backend, <quote who="Derek Neighbors">just like apache does 
with its 'modules'</quote>. It would be interesting to have 'dev' 
packages for the CVS versions as well - Nick said 
<quote who="Nick Rusnov">-cvs is the normal suffix for cvs 
stuff</quote>. Derek said <quote who="Derek Neighbors">for now just 
release no other frills is cool by me :)</quote>.</p>

</section>

<section title="Document Management for GNUe" subject="[IRC] 08 Mar 2002" archive="http://www.gnuenterprise.org/irc-logs/gnue-public.log.08Mar2002" startdate="08 Mar 2002 00:00:00 -0800" enddate="08 Mar 2002 00:00:00 -0800">
<topic>Common</topic>


<p>Continuing 
<kcref title="Document Storage/Content Management for GNUe" startdate="03 Feb 2002 00:00:00 -0800"></kcref>,  
Nick Rusnov (nickr) provided Stuart Bain (stbain) with 
<a href="https://web.archive.org/web/20071111052037/http://nick.industrialmeats.com/proj/document-store/gnue/spec/Document-Store/documentstorespec.html">
a link</a> to his document store proposals. He said 
<quote who="Nick Rusnov">the storage part is pretty simple - the 
library will be the fun part.</quote>. Stuart said the 
<quote who="Stuart Bain">indexing, sorting, searching</quote> would be 
the difficult part. Nick said it would use 
<quote who="Nick Rusnov">GnUe Common - I believe that it provides DB 
neutrality</quote>. The front end would be through 
<quote who="Nick Rusnov">forms/web/whatever - all the various objects 
are RPC and 'trustless' or reduced trust relationships - so your client
just has to speak RPC</quote>. Derek Neighbors (dneighbo) confirmed 
that Common would provide datanbase and RPC abstraction, but said 
<quote who="Derek Neighbors">currently only good docs for common are 
the source :( - we do plan on changing that though</quote>.</p>

</section>

<section title="ERP Standards" subject="XRBL &amp; Other Goodies" archive="http://mail.gnu.org/pipermail/gnue/2002-March/003038.html" posts="3" startdate="10 Mar 2002 20:54:15 -0800" enddate="12 Mar 2002 23:32:00 -0800">
<topic>Financials (Accounting)</topic>


<mention>Zachary Coffin</mention>

<p>Todd Boyle replied to Zachary Coffin' e-mail in 
<kcref subject="ERP Standards" startdate="21 Feb 2002 18:46:04 -0800"></kcref>, 
noting <quote who="Todd Boyle">More of your word-count is directed at 
me, as a person than on issues.</quote>. After discussing the issues 
raised in Zack's e-mail point by point, he concluded 
<quote who="Todd Boyle">Give us a GL schema.  Not a taxonomy for XBRL.
No more delays or manuevers.</quote> Derek Neighbors reprised the 
issue of membership fees for standards bodies, noting 
<quote who="Derek Neighbors">Anything above no cost for a group of free
software developers is too much.</quote> He preferred the GNU/Linux 
model, where <quote who="Derek Neighbors">The bigger plays should be 
ponying up the resources in largest volume as they have the most to 
GAIN, but they shouldnt lock out the little guy, as that is a free 
resource to them.</quote> He noted that <quote who="Derek Neighbors">
several people over the years have asked us to look at XBRL for 
G/L stuff and we saw it only as a reporting standard not a G/L 
standard.  Which leads me to believe people are stupid (either for 
miscontruing this or not finding the G/L standard in there) or that 
its being misrepresented/mismarketed somewhere.</quote>. He said he 
had <quote who="Derek Neighbors">publicly criticized Todd in many 
areas and vice versa</quote> but <quote who="Derek Neighbors">I think 
he has been pretty cordial here in combating what appears to be FUD 
with facts.  It has been an interesting dialog and several good issues 
are brought up.  Fortunately or Unfortunately we have been so head 
down on coding tools we havent been taking issue with all the 
accounting world around us. When we do I think that these conversations
will only get better.</quote></p>

</section>

<section title="GNUe Project Management" subject="Project Management Package?" archive="http://mail.gnu.org/pipermail/gnue/2002-March/003039.html" posts="4" startdate="11 Mar 2002 06:23:05 -0800" enddate="13 Mar 2002 06:27:14 -0800">
<topic>Project Management</topic>


<p>Gil Hauer asked about <quote who="Gil Hauer">
the project management package for GNUE</quote> 
Derek said that DCL would probably <quote who="Derek Neighbors">
become the base for our project management package</quote>, but if Gil didn't
<quote who="Derek Neighbors">think DCL fits what you are looking for let 
us know and we can start looking into getting a proposal written and 
something implemented.</quote>. Gil said <quote who="Gil Hauer">
Perhaps the best thing to do is to try to explain, in some small way,
what I as a project manager need to do.</quote>. He raised a series of 
detailed points under the headings of:</p>

<quote who="Gil Hauer">
<ol>
<li>Project Planning</li>
<li>Project Control</li>
<li>Project Close</li>
</ol>
</quote>

<p>as well as issues such as contact management, document management 
and version control.</p>

</section>

<section title="GNUe Application Server API" subject="[Gnue-dev] First draft for an API of the GNU Enterprise Application Server" archive="http://mail.gnu.org/pipermail/gnue-dev/2002-March/000041.html" posts="5" startdate="11 Mar 2002 13:34:37 -0800" enddate="13 Mar 2002 09:52:47 -0800">
<topic>Application Server</topic>


<p>Reinhard M&#252;ller announced <quote who="Reinhard Müller">a first draft of
the API is <a href="https://web.archive.org/web/20071111052037/http://www.gnuenterprise.org/~reinhard/api">available</a></quote>, 
and asked for comments.</p>

<p>Daniel Baumann said <quote who="Daniel Baumann">
I don't really see much of a difference between your 'session' object
and what exists already in the current geas as a 'connection'
object. In fact I thought we might build a more pluggable
authentication framework ans implement 'permissions' stuff in an RBAC
way.</quote>. Reinhard agreed, but said 
<quote who="Reinhard Müller">I guess this is <cite>internal</cite> to the Appserver,
while the interface I was trying to describe is the interface the
Appserver shows against Forms or Reports.</quote> Daniel said 
<quote who="Daniel Baumann">your session object does make a bit more sense now. I do have a
rough idea how things will work and I will attain a better one once I
look at how client programs use the ODMG interfaces</quote>.</p>

<p>Daniel also suggested <quote who="Daniel Baumann">
For Transaction objects I would use the current transaction.idl as that
interface is exactly the on from the ODMG standard and it includes more
than just commit() and rollback().</quote>. Reinhard said he would look 
at Daniel's notes on this.</p>

<p>Daniel also noted that <quote who="Daniel Baumann">
ODMG defines various collections (set, bag, list,
dictionary) which may not be immediately apparent to their usefulness
in regards to business objects, however I have now come to find out
they are extremely useful in doing OQL queries</quote>, adding 
<quote who="Daniel Baumann">I think these collections need to be
implemented.</quote> Reinhard said he wasn't sure whether all of 
these were needed - where functionality was needed, it should be 
provided <quote who="Reinhard Müller">
according to existing standards, but I'm not sure if it
makes sense to implement functionality that will not be used, just
because there is a standard for it.</quote> However, 
<quote who="Reinhard Müller">the Forms and Reports team will have to 
decide if they find it useful to be able to request sets, bags or 
dictionaries of objects from the Appserver.</quote> Daniel agreed, 
noting that <quote who="Daniel Baumann">there will be an OQL interface 
and an Introspection interface.</quote> Reinhard said he wasn't sure - 
<quote who="Reinhard Müller">Instead of the OQL interface, we could 
use the query tree system from common that forms uses internally now. 
This could be the better way than to let Forms translate the query 
from tree to OQL and let the Appserver translate OQL back to query tree :)</quote> 
On introspection, he had considered <quote who="Reinhard Müller">
the idea of allowing introspection by pseudo business objects</quote>. 
This was similar in concept to the way that relational databases did it.</p>

</section>

<section title="Status of GNUe Applications" subject="[IRC] 11 Mar 2002" archive="http://www.gnuenterprise.org/irc-logs/gnue-public.log.11Mar2002" startdate="11 Mar 2002 00:00:00 -0800" enddate="11 Mar 2002 00:00:00 -0800">
<topic>Financials (Accounting)</topic>
<topic>DCL</topic>


<p>It was asked whether GNUe was usable as at time of writing to 
manage a small business. Reinhard M&#252;ller (reinhard) said 
<quote who="Reinhard Müller">gnue is two projects in one - a. create 
the tools that can be used to build powerful business applications -
b. create the powerful business applications themselves</quote>. Derek 
Neighbors (dneighbo) added <quote who="Derek Neighbors">c. a meta 
package of GNU that bundles enterprise software for the GNU project 
:)</quote>. Reinhard said <quote who="Reinhard Müller">if you are 
looking at a tool that lets you build your own business apps - then 
you could use gnue for sure</quote>. Derek said 
<quote who="Derek Neighbors">if you are wanting to open the box and 
press the button to have accounting then nope :)</quote> - however, 
<quote who="Derek Neighbors">DCL and Bayonne are both available and 
working</quote>.</p>

<p>It was asked how much development would be needed to get something 
usable. Derek said this <quote who="Derek Neighbors">depends - for 
example i expect DCL to be ready very soon for small business (SERVICE) 
based consultants</quote>. He explained DCL was 
<quote who="Derek Neighbors">like a project management / help desk 
system - we are adding strong CRM support into it - and making it so 
that the work order side could be used to generate invoices i.e. a time 
entry/crm/billing solution for software consultants (or any service based 
company) - it is quite usable today</quote>. However, he confirmed 
that there is no way to do accounting, and was not expected soon.</p>

<p>Later, it was asked what level of development was needed to develop 
in GNUe. Derek said <quote who="Derek Neighbors">our framework is 
designd for BUSINESS ANALYST more thna 'programmers' - so if you can 
understand table structures and know what you want your app to do - 
doing it in GNUe shouldnt be too difficult even for a non 
'programmer'</quote>.</p>

</section>

<section title="GNUe Reports proposal" subject="[IRC] 11 Mar 2002" archive="http://www.gnuenterprise.org/irc-logs/gnue-public.log.11Mar2002" startdate="11 Mar 2002 00:00:00 -0800" enddate="11 Mar 2002 00:00:00 -0800">
<topic>Reports</topic>
<topic>DCL</topic>


<p>Bajusz Tam&#0225;s (btami) asked about GNUe Reports - 
<quote who="Bajusz Tamás">is there any directions - or frozen ?</quote>.
James Thompson (jamest) said there was <quote who="James Thompson">
nothing in stone - but jcater has been the only one coding on it - 
so I imagine the docs are all in that head of his :) - or in some text 
files in the reports/doc dir</quote>. Derek Neighbors (dneighbo) said 
<quote who="Derek Neighbors">the code works - the biggest hang up is we
need to 'define' our tags - several of us have mentioned some things 
but no one made a 'proposal' - once that is done i can do XSLT style 
sheets against them</quote>. Bajusz asked what was meant by 'tags.' 
Derek said these would cover <quote who="Derek Neighbors">setup and 
layout - so you might hae like - 
&lt;title&gt;my foo report&lt;/title&gt;</quote>. This was documented 
at <a href="https://web.archive.org/web/20071111052037/http://goats.gnue.org/~dneighbo/gnue/reports.txt">
http://goats.gnue.org/~dneighbo/gnue/reports.txt</a>. He explained 
<quote who="Derek Neighbors">basically that doc isnt what we WANT - 
but it helps describe what we are looking for. I'm all about starting 
simple - and working way into more complex reporting ojbects :)</quote>.
Bajusz said he would read it and <quote who="Bajusz Tamás">try a 
proposal</quote>.</p>

</section>

<section title="GNUe Kernel Cousins on linuxtoday" subject="[IRC] 12 Mar 2002" archive="http://www.gnuenterprise.org/irc-logs/gnue-public.log.12Mar2002" startdate="12 Mar 2002 00:00:00 -0800" enddate="12 Mar 2002 00:00:00 -0800">
<topic>Why GNUe?</topic>


<p>Daniel Baumann (chillywilly) noted <quote who="Daniel Baumann">
hey did you guys see that we got 2 talkbacks on linuxtoday 
aboutvt he KC?</quote>. Jason Cater (jcater) said he 
<quote who="Jason Cater">is responding</quote>. Derek Neighbors 
(derek) said <quote who="Derek Neighbors">hey talking crap about 
gnue is like eating pizza - if im not involved its not 
allowed</quote>.</p>

<p>Jason pasted his reply - <quote who="Jason Cater">
There are in effect two different projects at work here. The first one 
is a database-backed application framework. Several of us are using the
Forms and Designer components in a production (or commercial) 
environment in 2-tier mode (i.e., the client talks directly to the 
database and doesn't delegate any logic to an application server 
middleware). The Application Server (GEAS) is being reworked and is 
not, to my knowledge, used in production environment. When you see 
comments about not preserving backwards compatability, they are 
referring to GEAS.</quote></p>

<p><quote who="Jason Cater">
The second part, actual business applications (such as financials, 
supply chain management, etc) are still in the planning stages and are 
awaiting a working application server. So, to answer your question, 
yes, parts of it are being used in production. I use custom forms 
(designed inhouse) that connect to my Oracle database to run parts of 
our callcenter and warehouse. Come check us out.</quote></p>

<p>David McWherter (dtm) suggested <quote who="David McWherter">
uh oh   if there was a linuxtoday article about gnue today, then 
we'd better behave ourselves - someone might be watching</quote>. 
Daniel wasn't worried - <quote who="Daniel Baumann">psu knows what 
to edit out</quote>. James Thompson (jamest) suggested 
<quote who="James Thompson">looks like we'd better ban most the 
losers that hang out here - including ourselves</quote>, at which 
point the Channel Server bot granted him operator status.</p>

<p>Derek <quote who="Derek Neighbors">submitted two responses as 
well - though for clarification ( i suppose we should document this 
better) gnue is three things :)</quote>:</p>

<quote who="Derek Neighbors">
<ol>
<li>a gnu meta package bundling gnu project packages that are 
enterprise related</li>
<li>an application framework</li>
<li>applications built using the framework</li>
</ol>
</quote>

<p>Nick Rusnov (nickr) asked <quote who="Nick Rusnov">
is there a whatis section on the wesite?</quote>. Derek said 
that <quote who="Derek Neighbors">'What is GNUe?' 
is first thing on the left corner of the webpage - 
if only the 'blink' tag wasnt banned</quote>. Nick suggested 
<quote who="Nick Rusnov">
&lt;span style="font-size: 10em"&gt;Eh! What the frig is this 
shit?&lt;/span&gt;</quote>, noting <quote who="Nick Rusnov">
10em font would be like half a screen high or so.</quote>.</p>

</section>

<section title="i18n support in GNUe Forms" subject="[IRC] 12 Mar 2002" archive="http://www.gnuenterprise.org/irc-logs/gnue-public.log.12Mar2002" startdate="12 Mar 2002 00:00:00 -0800" enddate="13 Mar 2002 00:00:00 -0800">
<topic>Forms</topic>


<p>Following on from 
<kcref title="Occasional unicode problems with Designer" startdate="09 Feb 2002 00:00:00 -0800"></kcref> 
and 
<kcref title="GNUe full-time developers" startdate="21 Feb 2002 00:00:00 -0800"></kcref>, 
Derek Neighbors (laurie) noted that 
<quote who="Derek Neighbors">arturas has been jamming on i18n</quote>, 
and <quote who="Derek Neighbors">
i think his conclusion is he has patch that makes 
it work with our parser - BUT - wxWindows doesnt support unicode 
(and he hit same python bug i think we did)</quote>.</p>

<p><a href="https://web.archive.org/web/20071111052037/http://www.gnuenterprise.org/irc-logs/gnue-public.log.13Mar2002">
The next day</a>, Derek asked Arturas Kriukovas (Arturas2) whether he 
had <quote who="Derek Neighbors">sent anything to the 
wxWindows/wxPython mailing lists to ask when items will be corrected 
on thier end</quote>? Arturas said he hadn't, 
<quote who="Arturas Kriukovas">because i'm not sure whether this is 
because of my not big knowledge (maybe i just don't knwo something) -
and to tell the truth i didn't think about this possibility :(</quote>.
Derek said he had <quote who="Derek Neighbors">forwarded it jamest 
and jcater to try to see if they had any insight - i will try to look 
at it tonight</quote>.</p>

</section>

<section title="Wizard changes in Designer" subject="[IRC] 12 Mar 2002" archive="http://www.gnuenterprise.org/irc-logs/gnue-public.log.12Mar2002" startdate="12 Mar 2002 00:00:00 -0800" enddate="12 Mar 2002 00:00:00 -0800">
<topic>Designer</topic>


<p>Derek Neighbors (dneighbo) asked <quote who="Derek Neighbors">
what is the datasources editor for exactly... (it appears 
to not do anything you cant do in properties or schema editor)
</quote>. and added <quote who="Derek Neighbors">are you open to 
suggestions on schema editor....</quote>. Jason Cater (jcater) said 
that <quote who="Jason Cater">datasource editor predated schema 
navigator - and datasource editor will eventually be more than it is 
now </quote>. Derek said he <quote who="Derek Neighbors">
would like to see us get more into database space i.e. show a tree 
view of drivers installed and let you config them and set optoins 
etc... but also allow you to create table defintions in 
designer</quote>. This was not really urgent, but 
<quote who="Derek Neighbors">lots of people (the business users) are 
hung up on concept of having to hand write a sql script</quote>. 
Jason said he had <quote who="Jason Cater">started on such a thing - 
but this damn real life keeps interfering</quote>.</p>

<p>Derek said <quote who="Derek Neighbors">
that guy in here today yogurt (dont know exact nick) wanted dynamic 
table editor - which might be pretty cool as example of python wx 
application that is not gnue but uses gnue-common - basically fire it 
up and select a driver, select a database, select a table, select some 
fields - and it opens in a wxGrid. At first i was like just make a 
form, but then i recalled that i had such a tool i made in delphi one 
afternoon that was EXTREMELY valuable - as it was a real easy way to 
view data in a lightweight way without having to make forms</quote>. 
Jason said <quote who="Jason Cater">not sure I see how this is 
different than our &quot;multi-row&quot; layout option in the Simple 
Wizard</quote>. Derek said he <quote who="Derek Neighbors">thought it 
might be a decent usage of gnue common outside gnue :) - not saying WE 
should author it :)</quote>. Jason said <quote who="Jason Cater">my 
only fear is that has SO much in common with forms</quote> that there 
was a danger of <quote who="Jason Cater">feature-creep</quote>.</p>

<p>Derek suggested that the master detail wizard 
<quote who="Derek Neighbors">should list all fields in master on left 
and all fields for detail on right - you highlight the field in each 
you want and click a button in the middle to bind them</quote>. Jason 
asked <quote who="Jason Cater">how would that work w/multiple 
keys?</quote> Derek suggested <quote who="Derek Neighbors">you can 
highlight multiple on both sides</quote>. Jason emphasised that the 
master-detail wizard had been <quote who="Jason Cater">a sample wizard 
to show what designer could do AS IT SITS :) - never said it was the 
best or final way ;)</quote>. Derek said the wizard could also ask 
<quote who="Derek Neighbors">how many rows the detail is if you choose 
grid</quote>. Jason said he had been torn about this - 
<quote who="Jason Cater">as that isn't actually a &quot;grid&quot; 
wizard but a simple demo wizard and I don't want to keep cramming 
options in that simple wizard</quote>. Derek suggested 
<quote who="Derek Neighbors">if we made it automatically put a 
scrollbar on right then i dont think we need to ask</quote>.</p>

<p>Jason said he had <quote who="Jason Cater">never had the 
inclination or need to try scrollbars so I dunno how they work</quote>.
Derek confirmed that the Technical Reference manual stated that 
scrollbars were <quote who="Derek Neighbors">
Only partially implemented at this time. Will show on form
but do nothing</quote>, which was exactly what 
<quote who="Derek Neighbors">my bug report to jamest was gonig to 
be</quote>.</p>

</section>

<section title="DCL and GNUe Enterprise" subject="[IRC] 13 Mar 2002" archive="http://www.gnuenterprise.org/irc-logs/gnue-public.log.13Mar2002" startdate="13 Mar 2002 00:00:00 -0800" enddate="13 Mar 2002 00:00:00 -0800">
<topic>DCL</topic>


<mention>Peter Sullivan</mention>

<p>Michael Dean (mdean) said he had <quote who="Michael Dean">got 2 
offers to help develop features today</quote>. On the first, Derek 
Neighbors (dneighbo) said <quote who="Derek Neighbors">i think we want 
RBAC</quote> but he preferred either <quote who="Derek Neighbors">a. 
do it right even if it takes a long time - b. do a hack to meet current
needs knowing it needs to be done right eventually.</quote> He felt 
the proposal seemed to fall between these two approaches. Michael said 
<quote who="Michael Dean">I think he'll go for RBAC</quote>. He had 
also had a volunteer keen to work on 
<quote who="Michael Dean">authentication, enhanced configuration, and 
additional look-and-feel template sets.</quote>.</p>

<p>Peter Sullivan (psu) asked if DCL should now be referred to as 
&quot;GNUe DCL&quot;, in the light of 
<kcref subject="[Gnue-announce] GNU Enteprise and Double Choco Latte Projects Merge to Further Accelerate Free Software Enterprise Application Offerings" startdate="05 Mar 2002 13:18:55 -0800"></kcref>.
Michael wasn't <quote who="Michael Dean">sure how we should approach 
that...</quote>. Derek suggested <quote who="Derek Neighbors">for now 
call it DCL - we havent worked out specifics of GNUe DCL - i imagine as
it advances it will be - GNUe HelpDesk, GNUe Project Managment, or 
something - but we are a ways off from that :)</quote>. Michael said 
<quote who="Michael Dean">it's a tricky thing, since DCL has built its 
own brand</quote>. Derek said <quote who="Derek Neighbors">i think 
initially DCL is like Bayonne in that its a project under GNUe - 
but it slowly will start to get GNUe front ends (but still keep its 
back ends) and then over time start to use contacts module of gnue, 
accounting module of gnue, invoice, etc etc - here then it will be 
uch more of a 'hybrid'</quote>. Michael suggested 
<quote who="Michael Dean">I would reserve GNUe DCL for a GNUe 
framework implementation - like your DCL forms</quote>. Derek agreed - 
<quote who="Derek Neighbors">basically there are still tons of steps 
:) - but the first and biggest has been taken, and that is to work 
together on a much deeper level than just acknowledging one anothers 
projects as a nicety - but rather immerse the visions of both projects 
into a reality</quote>. He admitted this sounded like 
<quote who="Derek Neighbors">marketing spew</quote>, but blamed the 
Kernel Cousins, <quote who="Derek Neighbors">as i know i will be 
quoted :)</quote>.</p>

</section>

<section title="2-tier vs. n-tier applications" subject="[IRC] 13 Mar 2002" archive="http://www.gnuenterprise.org/irc-logs/gnue-public.log.13Mar2002" startdate="13 Mar 2002 00:00:00 -0800" enddate="13 Mar 2002 00:00:00 -0800">
<topic>Forms</topic>


<p>Charles Rouzer (Mr_You) asked <quote who="Charles Rouzer">how would 
I get real functionality with just a 2-tier app? - ie. its just a data 
in/out app, not much functionality beyond that.</quote> Jason Cater 
(jcater) said <quote who="Jason Cater">there's no less functionality 
than in n-tier mode - it's just where does the functionality 
lie</quote>. Charles asked <quote who="Charles Rouzer">so how do I get 
&quot;external&quot; functionality?  such as, data is inputed, email of
data is sent - without having something monitor the database 
tables</quote>? Peter Sullivan (psu) suggested 
<quote who="Peter Sullivan">attatch a trigger to something on the form
e.,g the submnit button &amp; write some python to do it</quote>. 
Jason agreed - <quote who="Jason Cater">it would be no different than 
in n-tier mode -  in n-tier you have triggers watching transactions at 
the middle-ware level</quote>. Nick Rusnov suggested 
<quote who="Nick Rusnov">you could put a pl/sql trigger in no?</quote>.
Peter said this would be <quote who="Peter Sullivan">d/b specific - 
a forms trigger will work with any back end</quote>. Charles asked 
<quote who="Charles Rouzer">how would a trigger execute code?</quote>. 
Jason explained that was what a Forms trigger was - this wasn't a 
database-level trigger. Nick said <quote who="Nick Rusnov">the reason 
I liked the database level trigger is you only have to deal with 
sending mail in one spot then and get mail working on one 
computer</quote>. Charles agreed, saying that he might have a mix of 
different operating systems running the Forms client. Jason suggested 
<quote who="Jason Cater">when that's a big deal for my stuff, I just 
have an xml-rpc instance running on the server to listen for those 
events</quote>. Nick also suggested <quote who="Nick Rusnov">you could 
have like a webform email thing and url encode it. its hacky 
though.</quote> Charles asked <quote who="Charles Rouser">with DB 
triggers, is there a &quot;mail function&quot; or a method of executing
external scripts?</quote>. Nick noted that in 
<quote who="Nick Rusnov">postgres you can embed a perl scrip.t or a 
pl/sql script - I know in perl its pretty easy to send mail 
:)</quote>.</p>

</section>

</kc>
<!--
     FILE ARCHIVED ON 05:20:37 Nov 11, 2007 AND RETRIEVED FROM THE
     INTERNET ARCHIVE ON 09:29:02 Dec 05, 2018.
     JAVASCRIPT APPENDED BY WAYBACK MACHINE, COPYRIGHT INTERNET ARCHIVE.

     ALL OTHER CONTENT MAY ALSO BE PROTECTED BY COPYRIGHT (17 U.S.C.
     SECTION 108(a)(3)).
-->
<!--
playback timings (ms):
  LoadShardBlock: 91.356 (3)
  esindex: 0.006
  captures_list: 106.22
  CDXLines.iter: 8.905 (3)
  PetaboxLoader3.datanode: 106.389 (4)
  exclusion.robots: 0.25
  exclusion.robots.policy: 0.24
  RedisCDXSource: 3.714
  PetaboxLoader3.resolve: 76.748
  load_resource: 306.625
-->