<?xml version="1.0" ?>

<script src="//archive.org/includes/analytics.js?v=cf34f82" type="text/javascript"></script>
<script type="text/javascript">window.addEventListener('DOMContentLoaded',function(){var v=archive_analytics.values;v.service='wb';v.server_name='wwwb-app42.us.archive.org';v.server_ms=741;archive_analytics.send_pageview({});});</script>
<script type="text/javascript" src="/static/js/ait-client-rewrite.js?v=1543384230.0" charset="utf-8"></script>
<script type="text/javascript">
WB_wombat_Init('https://web.archive.org/web', '20071111045243', 'www.kerneltraffic.org');
</script>
<script type="text/javascript" src="/static/js/wbhack.js?v=1543384230.0" charset="utf-8"></script>
<script type="text/javascript">
__wbhack.init('https://web.archive.org/web');
</script>
<link rel="stylesheet" type="text/css" href="/static/css/banner-styles.css?v=1543384230.0" />
<link rel="stylesheet" type="text/css" href="/static/css/iconochive.css?v=1543384230.0" />
<!-- End Wayback Rewrite JS Include -->
<!-- BEGIN WAYBACK TOOLBAR INSERT -->
<script type="text/javascript" src="/static/js/timestamp.js?v=1543384230.0" charset="utf-8"></script>
<script type="text/javascript" src="/static/js/graph-calc.js?v=1543384230.0" charset="utf-8"></script>
<script type="text/javascript" src="/static/js/auto-complete.js?v=1543384230.0" charset="utf-8"></script>
<script type="text/javascript" src="/static/js/toolbar.js?v=1543384230.0" charset="utf-8"></script>
<style type="text/css">
body {
  margin-top:0 !important;
  padding-top:0 !important;
  /*min-width:800px !important;*/
}
.wb-autocomplete-suggestions {
    text-align: left; cursor: default; border: 1px solid #ccc; border-top: 0; background: #fff; box-shadow: -1px 1px 3px rgba(0,0,0,.1);
    position: absolute; display: none; z-index: 2147483647; max-height: 254px; overflow: hidden; overflow-y: auto; box-sizing: border-box;
}
.wb-autocomplete-suggestion { position: relative; padding: 0 .6em; line-height: 23px; white-space: nowrap; overflow: hidden; text-overflow: ellipsis; font-size: 1.02em; color: #333; }
.wb-autocomplete-suggestion b { font-weight: bold; }
.wb-autocomplete-suggestion.selected { background: #f0f0f0; }
</style>
<div id="wm-ipp" lang="en" style="display:none;direction:ltr;">
<div style="position:fixed;left:0;top:0;right:0;">
<div id="wm-ipp-inside">
  <div style="position:relative;">
    <div id="wm-logo" style="float:left;width:130px;padding-top:10px;">
      <a href="/web/" title="Wayback Machine home page"><img src="/static/images/toolbar/wayback-toolbar-logo.png" alt="Wayback Machine" width="110" height="39" border="0" /></a>
    </div>
    <div class="r" style="float:right;">
      <div id="wm-btns" style="text-align:right;height:25px;">
                  <div id="wm-save-snapshot-success">success</div>
          <div id="wm-save-snapshot-fail">fail</div>
          <a href="#"
             onclick="__wm.saveSnapshot('http://www.kerneltraffic.org/GNUe/gnue20030329_74.xml', '20071111045243')"
             title="Share via My Web Archive"
             id="wm-save-snapshot-open"
          >
            <span class="iconochive-web"></span>
          </a>
          <a href="https://archive.org/account/login.php"
             title="Sign In"
             id="wm-sign-in"
          >
            <span class="iconochive-person"></span>
          </a>
          <span id="wm-save-snapshot-in-progress" class="iconochive-web"></span>
        	<a href="http://faq.web.archive.org/" title="Get some help using the Wayback Machine" style="top:-6px;"><span class="iconochive-question" style="color:rgb(87,186,244);font-size:160%;"></span></a>
	<a id="wm-tb-close" href="#close" onclick="__wm.h(event);return false;" style="top:-2px;" title="Close the toolbar"><span class="iconochive-remove-circle" style="color:#888888;font-size:240%;"></span></a>
      </div>
      <div id="wm-share" style="text-align:right;">
	<a href="#" onclick="window.open('https://www.facebook.com/sharer/sharer.php?u=https://web.archive.org/web/20071111045243/http://www.kerneltraffic.org/GNUe/gnue20030329_74.xml', '', 'height=400,width=600'); return false;" title="Share on Facebook" style="margin-right:5px;" target="_blank"><span class="iconochive-facebook" style="color:#3b5998;font-size:160%;"></span></a>
	<a href="#" onclick="window.open('https://twitter.com/intent/tweet?text=https://web.archive.org/web/20071111045243/http://www.kerneltraffic.org/GNUe/gnue20030329_74.xml&amp;via=internetarchive', '', 'height=400,width=600'); return false;" title="Share on Twitter" style="margin-right:5px;" target="_blank"><span class="iconochive-twitter" style="color:#1dcaff;font-size:160%;"></span></a>
      </div>
    </div>
    <table class="c" style="">
      <tbody>
	<tr>
	  <td class="u" colspan="2">
	    <form target="_top" method="get" action="/web/submit" name="wmtb" id="wmtb"><input type="text" name="url" id="wmtbURL" value="http://www.kerneltraffic.org/GNUe/gnue20030329_74.xml" onfocus="this.focus();this.select();" /><input type="hidden" name="type" value="replay" /><input type="hidden" name="date" value="20071111045243" /><input type="submit" value="Go" /></form>
	  </td>
	  <td class="n" rowspan="2" style="width:110px;">
	    <table>
	      <tbody>
		<!-- NEXT/PREV MONTH NAV AND MONTH INDICATOR -->
		<tr class="m">
		  <td class="b" nowrap="nowrap"><a href="https://web.archive.org/web/20050329192751/http://www.kerneltraffic.org:80/GNUe/gnue20030329_74.xml" title="29 Mar 2005"><strong>Mar</strong></a></td>
		  <td class="c" id="displayMonthEl" title="You are here: 04:52:43 Nov 11, 2007">NOV</td>
		  <td class="f" nowrap="nowrap">Dec</td>
		</tr>
		<!-- NEXT/PREV CAPTURE NAV AND DAY OF MONTH INDICATOR -->
		<tr class="d">
		  <td class="b" nowrap="nowrap"><a href="https://web.archive.org/web/20050329192751/http://www.kerneltraffic.org:80/GNUe/gnue20030329_74.xml" title="19:27:51 Mar 29, 2005"><img src="/static/images/toolbar/wm_tb_prv_on.png" alt="Previous capture" width="14" height="16" border="0" /></a></td>
		  <td class="c" id="displayDayEl" style="width:34px;font-size:24px;white-space:nowrap;" title="You are here: 04:52:43 Nov 11, 2007">11</td>
		  <td class="f" nowrap="nowrap"><img src="/static/images/toolbar/wm_tb_nxt_off.png" alt="Next capture" width="14" height="16" border="0" /></td>
		</tr>
		<!-- NEXT/PREV YEAR NAV AND YEAR INDICATOR -->
		<tr class="y">
		  <td class="b" nowrap="nowrap"><a href="https://web.archive.org/web/20050329192751/http://www.kerneltraffic.org:80/GNUe/gnue20030329_74.xml" title="29 Mar 2005"><strong>2005</strong></a></td>
		  <td class="c" id="displayYearEl" title="You are here: 04:52:43 Nov 11, 2007">2007</td>
		  <td class="f" nowrap="nowrap">2008</td>
		</tr>
	      </tbody>
	    </table>
	  </td>
	</tr>
	<tr>
	  <td class="s">
	    	    <div id="wm-nav-captures">
	      	      <a class="t" href="/web/20071111045243*/http://www.kerneltraffic.org/GNUe/gnue20030329_74.xml" title="See a list of every capture for this URL">4 captures</a>
	      <div class="r" title="Timespan for captures of this URL">13 Jun 2003 - 11 Nov 2007</div>
	      </div>
	  </td>
	  <td class="k">
	    <a href="" id="wm-graph-anchor">
	      <div id="wm-ipp-sparkline" title="Explore captures for this URL" style="position: relative">
		<canvas id="wm-sparkline-canvas" width="575" height="27" border="0"></canvas>
	      </div>
	    </a>
	  </td>
	</tr>
      </tbody>
    </table>
    <div style="position:absolute;bottom:0;right:2px;text-align:right;">
      <a id="wm-expand" class="wm-btn wm-closed" href="#expand" onclick="__wm.ex(event);return false;"><span id="wm-expand-icon" class="iconochive-down-solid"></span> <span style="font-size:80%">About this capture</span></a>
    </div>
  </div>
    <div id="wm-capinfo" style="border-top:1px solid #777;display:none; overflow: hidden">
            <div style="background-color:#666;color:#fff;font-weight:bold;text-align:center">COLLECTED BY</div>
    <div style="padding:3px;position:relative" id="wm-collected-by-content">
            <div style="display:inline-block;vertical-align:top;width:50%;">
			<span class="c-logo" style="background-image:url(https://archive.org/services/img/webwidecrawl);"></span>
		Organization: <a style="color:#33f;" href="https://archive.org/details/webwidecrawl" target="_new"><span class="wm-title">Internet Archive</span></a>
		<div style="max-height:75px;overflow:hidden;position:relative;">
	  <div style="position:absolute;top:0;left:0;width:100%;height:75px;background:linear-gradient(to bottom,rgba(255,255,255,0) 0%,rgba(255,255,255,0) 90%,rgba(255,255,255,255) 100%);"></div>
	  The Internet Archive discovers and captures web pages through many different web crawls.

At any given time several distinct crawls are running, some for months, and some every day or longer.

View the web archive through the <a href="http://archive.org/web/web.php">Wayback Machine</a>.
	</div>
	      </div>
      <div style="display:inline-block;vertical-align:top;width:49%;">
			<span class="c-logo" style="background-image:url(https://archive.org/services/img/aroundtheworldcrawl)"></span>
		<div>Collection: <a style="color:#33f;" href="https://archive.org/details/aroundtheworldcrawl" target="_new"><span class="wm-title">Around The World Crawl</span></a></div>
		<div style="max-height:75px;overflow:hidden;position:relative;">
	  <div style="position:absolute;top:0;left:0;width:100%;height:75px;background:linear-gradient(to bottom,rgba(255,255,255,0) 0%,rgba(255,255,255,0) 90%,rgba(255,255,255,255) 100%);"></div>
	  Data crawled by Sloan Foundation on behalf of Internet Archive
<br /><br />
	</div>
	      </div>
    </div>
    <div style="background-color:#666;color:#fff;font-weight:bold;text-align:center" title="Timestamps for the elements of this page">TIMESTAMPS</div>
    <div>
      <div id="wm-capresources" style="margin:0 5px 5px 5px;max-height:250px;overflow-y:scroll !important"></div>
      <div id="wm-capresources-loading" style="text-align:left;margin:0 20px 5px 5px;display:none"><img src="/static/images/loading.gif" alt="loading" /></div>
    </div>
  </div></div></div></div><script type="text/javascript">
__wm.bt(575,27,25,2,"web","http://www.kerneltraffic.org/GNUe/gnue20030329_74.xml","2007-11-11",1996);
</script>
<!-- END WAYBACK TOOLBAR INSERT --><kc>

<title>GNUe Traffic</title>

<editor contact="mailto:psu@burdonvale.co.uk">Peter Sullivan</editor>

<issue num="74" date="29 Mar 2003 00:00:00 -0800"/>

<headquote>
"<i>'People will believe your argument much better if you tell them 
that Benjamin Franklin said it'</i>" - 
"<i>/me wanders if Ben Franklin said that?</i>"
</headquote>

<intro>
  This covers the three main mailing lists for the 
  <a href="https://web.archive.org/web/20071111045243/http://www.gnuenterprise.org/">GNU Enterprise</a> 
  project, plus the #gnuenterprise IRC channel. GNUe Traffic
  is now group-authored: if you'd like to join the team, 
  <a href="https://web.archive.org/web/20071111045243/mailto:psu@burdonvale.co.uk">let us know</a>
</intro>


<section title="Support for images in GNUe Forms" subject="[IRC] 23 Mar 2003" archive="http://www.gnuenterprise.org/irc-logs/gnue-public.log.23Mar2003" author="Peter Sullivan" contact="mailto:psu@burdonvale.co.uk" startdate="23 Mar 2003 04:00:00 -0800" enddate="23 Mar 2003 04:00:00 -0800">

<topic>Forms</topic>
<topic>Document Store</topic>

<p>James Thompson (jamest) announced <quote who="James Thompson">forms 
does <a href="https://web.archive.org/web/20071111045243/http://www.math.ksu.edu/~jamest/sample.jpeg">images</a>  
now - it's a bit rough - but nothing jcater can't fix</quote>. 
Derek Neighbors (derek) said <quote who="Derek Neighbors">i might write a 
photo management program with it :)</quote> Daniel Baumann (chillywilly) 
asked <quote who="Daniel Baumann">does &lt;image&gt; have a 
datasource?</quote> James said <quote who="James Thompson">right now it 
expects the field it's tied to to contain the url to the image</quote>. 
Jason Cater (jcater) said <quote who="Jason Cater">we'll need to extend 
it at some point</quote> to support images stored in a database, but 
there was a general consenus that most real-world uses (at least 
initially) would be for images stored outside of a database. However, 
James said he had <quote who="James Thompson">put in type="pil"</quote> 
to allow future support for database-stored images via the 
Python Imaging Library (PIL). He had developed 
this initial level of image support to provide a simple mechanism for 
indexing and displaying stored fax messages. Derek noted 
<quote who="Derek Neighbors">you realize you just proved a good deal of 
'document' management - guess gnue-sb will have little problem 
supporting something liek that now</quote>.</p>

</section>


<section title="GNUe Small Business and other free financials packages" subject="[IRC] 24 Mar 2003" archive="http://www.gnuenterprise.org/irc-logs/gnue-public.log.24Mar2003" author="Arturas Kriukovas" contact="mailto:arturas@gsk.vtu.lt" startdate="24 Mar 2003 04:00:00 -0800" enddate="24 Mar 2003 04:00:00 -0800">

<topic>Small Business</topic>
<topic>Financials (Accounting)</topic>

<mention>Jason Cater</mention>

<p>Derek Neighbors (Derek) said about gnue-sb for 
Jason Cater (jcater): <quote who="Derek Neighbors">gnue-sb 
i am hoping to be very informal - code and refactor, code 
and refactor.</quote> Derek expected to code things 
<quote who="Derek Neighbors">and if questions come up we 
will debate them :)</quote>. He also wanted to comment 
<quote who="Derek Neighbors">that ARIA 
(<a href="https://web.archive.org/web/20071111045243/http://arias.sourceforge.net/">http://arias.sourceforge.net</a>) 
exists, that supposedly cleaned up NOLA. Would it be worth 
looking at them and revisiting building on NOLA/Aria/AccLite 
or just starting from scratch</quote>?</p>

</section>


<section title="Application Server development" subject="[IRC] 24 Mar 2003" archive="http://www.gnuenterprise.org/irc-logs/gnue-public.log.24Mar2003" author="Peter Sullivan" contact="mailto:psu@burdonvale.co.uk" startdate="24 Mar 2003 04:00:00 -0800" enddate="24 Mar 2003 04:00:00 -0800">

<topic>Application Server</topic>
<topic>Common</topic>

<p>Reinhard M&#252;ller (reinhard) thanked Jan Ischebeck (siesel) for his 
latest commit to the Application Server code, making the "database 
driver" code for Application Server work again with the CVS HEAD 
version of GNUe Common - <quote who="Reinhard Müller">it fits 
perfectly as i think this or next week i'll also have time for 
appserver again</quote> Jan asked if he should back-port it 
<quote who="Jan Ischebeck">to the common 0.4.3 branch</quote> as well 
as the CVS HEAD branch (what would eventually become 0.5.0). Reinhard 
<quote who="Reinhard Müller">would say having the new dbdriver in 
0.5.0 should be enough - and our next release of appserver will play 
nice with 0.5.0 of forms/reports/common</quote>.</p>

<p>Jan asked <quote who="Jan Ischebeck">is the class repository 
interface fully defined? Does it work? I would like to have a working 
introspection part in the db driver</quote> so that the Application 
Server could be asked which tables and fields (actually, objects and 
properties) it had <quote who="Jan Ischebeck">when common 5.0 will 
be released</quote>. Reinhard said <quote who="Reinhard Müller">the 
interface should be stable - however johannes is working on breaking 
recursion between class repository and language interface. For the 
introspection part i'd rather use the business objects - not the class 
repository</quote>. Jan said <quote who="Jan Ischebeck">I thought of 
accessing the class repository through the special style business 
objects</quote> Reinhard explained <quote who="Reinhard Müller">i mean 
just querying the "gnue_classes" class and the like</quote>. Jan 
would <quote who="Jan Ischebeck">have a look at that.</quote></p>

<p>James Thompson (jamest) asked <quote who="James Thompson">how 
goes the battle</quote> with the AppServer code? Jan said 
<quote who="Jan Ischebeck">quite well. The new API is working now. 
I.e. I can concentrate on the real problem in appserver now :) :( - 
combining trigger, method and class repository - f.e. solve that 
recursion problem between language interface and class rep. - 
or do you think that there are more important</quote> "challenges" 
as of time of writing? Reinhard noted that  
<quote who="Reinhard Müller">johannes_ is working on the recursion 
problem - the trigger stuff is more of an "unattended" problem 
currently</quote>.</p>

</section>


<section title="GNUe Small Business" subject="[IRC] 25 Mar 2003" archive="http://www.gnuenterprise.org/irc-logs/gnue-public.log.25Mar2003" author="Peter Sullivan" contact="mailto:psu@burdonvale.co.uk" startdate="25 Mar 2003 04:00:00 -0800" enddate="25 Mar 2003 04:00:00 -0800">

<topic>Small Business</topic>
<topic>Financials (Accounting)</topic>

<p>Derek Neighbors (derek) said that he was looking to do an inital 
release of GNUe Small Business soon, and was 
<quote who="Derek Neighbors">hoping to have 0.2.x ready by the time 
0.5.x of the tools is out - to give some incentive for people to beat 
on the tools. There is a lot missing from the roadmaps</quote> he had 
done for GNUe-SB, <quote who="Derek Neighbors">but i suspect to keep 
feature sets minimal and releases often (hopefully)</quote>.</p>

<p>Further to 
<kcref title="Pricing mechanisms in GNUe Small Business" subject="[IRC] 10 Mar 2003"/>, he suggested 
<quote who="Derek Neighbors">item has 'base price' - then as you state 
some sort of tiered pricing table - likely by volume discount - then 
there is 'customer' price discounts - and the derivation of price is 
the lowest of the two. /me suspects we can make it even more complicated 
than that - but i suppose thats suitably complex to start with</quote>. 
Mike Vincent(Vee2d2) said <quote who="Mike Vincent">that fits 
my needs, but actuall my needs arent even that complex - as the 'customer' 
price will be one of the tiered prices, I would just like to be able to 
specify that DerekCo(tm) gets tier 2 or better regardless of volume ordered.. 
etc.</quote> Derek felt that might be simpler to implement - previously he 
had seen systems where the discount was only 
<quote who="Derek Neighbors">negotiated at customer level up front - so 
didnt matter if you bought 1 or 100 of something</quote>. However, 
different products might have different discounts per customer as 
well - <quote who="Derek Neighbors">so say you are a big customer 
of mine - and you buy lots of product A - but not much 
product B - and A and B are manufacturered by two different people - 
i might give you deep discount on A but not B</quote>. Mike agreed - 
<quote who="Mike Vincent">similar issues can arise if I have to source 
through a different vendor for one reason or another. freight can be a big 
factor too - but I see these issues as concerns when setting my base 
prices</quote>. Derek noted that, in some cases, there might need to be a 
minimum order quantity for a product.</p>

<p>Later on, Derek was reviewing an accounting proposal he had been 
sent, and was comparing it to the schemas in acclite (GNUe's fork of 
NOLA) and aria (another fork of NOLA, as discussed in 
<kcref title="GNUe Small Business and other free financials packages" subject="[IRC] 24 Mar 2003"/>), 
as well as the original proposal for GNUe Financials 
<a href="https://web.archive.org/web/20071111045243/http://www.gnuenterprise.org/packages/docs/accounting_package/index.html">on the website</a>. 
James Thompson (jamest) asked <quote who="James Thompson">what all 
is in gnue-sb now? more than contact mgmnt?</quote> Derek said 
<quote who="Derek Neighbors">product management and contact management 
mostly</quote>. The product management was 
<quote who="Derek Neighbors">pre inventory control - basically 
defining what products you have, setting pricing etc</quote>. 
There was more information on the GNUe SB 
<a href="https://web.archive.org/web/20071111045243/http://www.gnu.org/software/gnue-sb/">website</a>. 
He <quote who="Derek Neighbors">suspects we need a link on gnue site 
to gnue-sb - as many people are amazed we have information 
available</quote>. He would also try to put a redirect from the 
GNUe SB website that dated back to when it had been considered a 
non-GNU project.</p>

<p>Derek noted that the accounting proposal he had been sent 
did not mention Accounts Receivable (AR) - the invoices mentioned 
appeared to be Accounts Payable (AP), which he though of as linked to 
Purchase Orders. This was confirmed, but AR would be needed 
at some point. AP and purchase order would be linked, but not 
every AP invoice would have a PO (exceptions would include 
items like utility bills and rents). Derek asked about 
<quote who="Derek Neighbors">invoice classes - i see its way 
to group invoices - probably for reporting</quote>. It was 
explained that these were needed as a way of segregating 
invoices imported from external feeder systems. Derek 
wondered <quote who="Derek Neighbors">is this really an 'invoice' 
thing or should it be part of the chart of accounts</quote>? 
However, this was not the case - although it might be a field 
on the vendor table rather than stored against each invoice.</p>

<p>Derek said that he was planning to avoid some of the packaging 
issues with GNUe SB by <quote who="Derek Neighbors">saying its not 
'modules' you get the whole damn shooting match</quote>. This would 
be OK, as long as each module was not <b>required</b> in order to 
use the others.</p> 

<p>Derek noted that previous discussion had established that 
items being purchased might need to record both 
<quote who="Derek Neighbors">manufacturers and vendors</quote> 
as goods would often be bought from wholesalers rather than 
directly from the manufacturer - where items were bought direct,
the manufacturer would also be set up as a vendor. He also 
talked about the difference between fical and calendar years - 
many companies might have Period 01 start in June or July. 
He also asked about "closing" a period in General Ledger, to 
prevent any more transactions being posted to the period or 
the year. It was noted that some versions of Microsoft Great 
Plains would not let you work on the new year until the old 
year was closed - as this could take several weeks at some 
companies, they had to do manual cheques and then enter them 
retrospectively later.</p>

<p>Derek compared the accounting proposal he had been sent 
to acclite - acclite seemed to 
<quote who="Derek Neighbors">encompass about everything you 
had only have additional information</quote> He was 
<quote who="Derek Neighbors">curious to see what arias has 
done (best i can tell they didnt 'add stuff') just fixed 
bugs</quote>. Mike asked whether Derek was 
<quote who="Mike Vincent">looking at these other projects 
for a frame of reference, or with intent of maintaining some 
sort of interoperability</quote>? Derek said 
<quote who="Derek Neighbors">possibly either ;)</quote> - 
<quote who="Derek Neighbors">originally the idea was to use 
NOLA's structures - submit the changes back to them and let 
people use the php interface if they so desired. nola was a 
MESS layout wise in cvs - so jcater refactored it so it was 
logical and converted it to postgres - that is acclite. 
arias seems to have done same thing only made a project out 
of it - so i would be willing to see how much</quote> they 
had changed the NOLA code, and whether it was worth trying 
to make GNUe SB compatible with it - 
<quote who="Derek Neighbors">i suspect ap/ar/gl wise we 
could</quote>. Having downloaded the arias CVS, he noted that 
<quote who="Derek Neighbors">they kept that horrible nola 
structure</quote> with <quote who="Derek Neighbors">virutally 
hunderds of php files all in same directory</quote>, and 
had the same problems as NOLA with including some 
(presumably) non-redistributable font files.</p>

<p>In terms of moving forward on GNUe SB, he wanted to 
<quote who="Derek Neighbors">finish what is necessary for 
0.1.x gnue-sb release</quote> first, then 
<quote who="Derek Neighbors">enhance roadmap</quote> to 
include some of the material from the accounting proposal he
had been sent, and also <quote who="Derek Neighbors">compare 
schemas on arias</quote> and other free software financials 
packages to firm up his ideas.</p>

</section>


<section title="Sample apps for Application Server" subject="[IRC] 25 Mar 2003" archive="http://www.gnuenterprise.org/irc-logs/gnue-public.log.25Mar2003" author="Arturas Kriukovas" contact="mailto:arturas@gsk.vtu.lt" startdate="25 Mar 2003 04:00:00 -0800" enddate="25 Mar 2003 04:00:00 -0800">

<topic>Application Server</topic>

<p>Christian Selig (Lupo) mentioned he <quote who="Christian Selig">was 
at chemnitzer linuxtage, couple of weeks ago. For an event with 1700 
visitors, and perhaps 50 booth talks, i was asked about gnue and people 
hung on my lips when i only told a little bit about gnue. One even 
spontaneously decided to donate 120Eur to FSFE :)</quote>. 
Reinhard M&#252;ller (Reinhard) thought this sounded great - 
<quote who="Reinhard Müller">i think businesses are desperate for 
gnue because they are sick of selling their souls to navision or 
whoever</quote>.</p>

<p>Christian asked if there was <quote who="Christian Selig">some 
doc on how to work with appserver?</quote> Reinhard informed that 
<quote who="Reinhard Müller">there is no doc yet on how to write 
applications with appserver. There are some low-level docs and some 
samples. As i said yesterday appserver was like paused for a month 
or two but we will give it a boost now</quote>. Christian was 
interested <quote who="Christian Selig">are the samples conclusive 
enough how to work with appserver?</quote> Reinhard was not sure 
about this - <quote who="Reinhard Müller">not sure. This is 
really something we have to do urgently - make it possible to 
write some primitive apps using appserver so that we can "show 
off" something</quote>.</p>

</section>

<section title="Documenting how to write python triggers in Designer" subject="[IRC] 25 Mar 2003" archive="http://www.gnuenterprise.org/irc-logs/gnue-public.log.25Mar2003" author="Arturas Kriukovas" contact="mailto:arturas@gsk.vtu.lt" startdate="25 Mar 2003 04:00:00 -0800" enddate="25 Mar 2003 04:00:00 -0800">

<topic>Designer</topic>

<mention>James Thompson</mention>

<p>It was asked whether wouldn't it be better just to rip off the 
Python Intro and forward the reader to the online tutorials. 
James Thompson (jamest) was not sure that there existed any 
python tutorial in GNUe docs, so it was explained that there 
was some Intro in the Forms Developers-probably at the designer 
manual. Jason Cater (jcater) explained that he had 
<quote who="Jason Cater">wanted a basic introduction to python 
so ppl could quickly write some sample triggers. It was never 
meant to replace better tutorials such as those at 
python.org</quote>. Someone noticed that python tutorial did 
not seem to have a copyright at all and Jason said that 
<quote who="Jason Cater">in the US, then, it has an implicit 
copyright unless if explicitly states we can use it, then it's 
under a restricted copyright</quote>. Christian Selig (Lupo) 
thought that <quote who="Christian Selig">under international 
multilateral contracts, a restrictive copyright is 
default</quote>. Mike Vincent (Vee2d2) said he liked
<quote who="Mike Vincent">the idea of having a minitoot 
on python in the dev guide, as for one (/me raises hand) not 
already familiar with python it lessens the distraction of 
having to follow links to reference material/sites then come 
back to the dev guide, and go back, then come back.. etc.. 
allows for a single point of reference while digging into 
GNUe goodies, real convenient.</quote> Jason added he 
<quote who="Jason Cater">had intended on the tutorial to be 
from the point of view of writing triggers, so it wouldn't 
necessarily cover all aspects of python, just enough to write 
useful triggers</quote>. Derek Neighbors (Derek) agreed with 
that - <quote who="Derek Neighbors">i definitely agree. A 
trigger tutorial that covers the 'basics' of python is great.  
As the guy that tries to sell this thing to people one of 
the things i like to tout is that you can write data driven 
applicatiosn with little or no code, being able to show very 
quickly how to do basic things is a huge plus, for example,  
launching another form or other things</quote>.</p>

</section>


<section title="Freedom issues with Compiere" subject="[IRC] 25 Mar 2003" archive="http://www.gnuenterprise.org/irc-logs/gnue-public.log.25Mar2003" author="Peter Sullivan" contact="mailto:psu@burdonvale.co.uk" startdate="25 Mar 2003 04:00:00 -0800" enddate="25 Mar 2003 04:00:00 -0800">

<topic>Financials</topic>

<p>Jason Cater (jcater) said <quote who="Jason Cater">I was looking 
at compiere</quote> (the 'open source' financials package previously 
discussed in 
<kcref title="Freedom issues with using Compiere as an alternative to GNUe" subject="Compiere now #1 on sourceforge"/> 
and other threads) <quote who="Jason Cater">today</quote> as he now 
had the version of the Oracle database needed to view it. He was not 
impressed with the licensing model for something that was meant to be 
free software - <quote who="Jason Cater">to get Print to PDF support
requires a $50/user license - to get a data migration tool (to 
upgrade from older version) requires a support contract</quote>. 
Also, <quote who="Jason Cater">they've canceled postgresql migration
"due to lack of embedded transactions"</quote> - something which, 
as a long-time Oracle user, he had <quote who="Jason Cater">never heard 
of</quote> - <quote who="Jason Cater">but they did say if the users
want to raise the money to pay a professional to implement a java-level 
transaction engine - they would support it after it's written</quote>. 
His opinion was that <quote who="Jason Cater">"open source" is a PR 
angle for them</quote>.</p>

<p>With access to the source code, this still 
<quote who="Jason Cater">would give me more options than many of the 
proprietary</quote> finance systems <quote who="Jason Cater">i.e., I 
could insert data directly into their tables from our production 
system</quote>. However, he would almost prefer to use an avowedly 
proprietary finance system <quote who="Jason Cater">than something 
misleadingly parading as free</quote>. Derek Neighbors (derek) 
agreed - <quote who="Derek Neighbors">what is worse - 
getting somethign with source that 'pretends' to be free and thus 
helping them enslave the unsuspecting - or - getting something totally 
proprietary</quote>. Daniel Baumann (chillywilly) felt 
<quote who="Daniel Baumann">at least the prop. vendor is being honest 
with you</quote>. Jason said <quote who="Jason Cater">what I really 
want is gnue though :)</quote>, which would be a fully free software 
financial system.</p>

</section>

</kc><!--
     FILE ARCHIVED ON 04:52:43 Nov 11, 2007 AND RETRIEVED FROM THE
     INTERNET ARCHIVE ON 09:25:06 Dec 05, 2018.
     JAVASCRIPT APPENDED BY WAYBACK MACHINE, COPYRIGHT INTERNET ARCHIVE.

     ALL OTHER CONTENT MAY ALSO BE PROTECTED BY COPYRIGHT (17 U.S.C.
     SECTION 108(a)(3)).
-->
<!--
playback timings (ms):
  LoadShardBlock: 475.502 (3)
  esindex: 0.009
  captures_list: 496.279
  CDXLines.iter: 14.627 (3)
  PetaboxLoader3.datanode: 124.1 (4)
  exclusion.robots: 0.349
  exclusion.robots.policy: 0.335
  RedisCDXSource: 1.708
  PetaboxLoader3.resolve: 575.923 (2)
  load_resource: 226.999
-->