<?xml version="1.0" ?>

<script src="//archive.org/includes/analytics.js?v=cf34f82" type="text/javascript"></script>
<script type="text/javascript">window.addEventListener('DOMContentLoaded',function(){var v=archive_analytics.values;v.service='wb';v.server_name='wwwb-app104.us.archive.org';v.server_ms=121;archive_analytics.send_pageview({});});</script>
<script type="text/javascript" src="/static/js/ait-client-rewrite.js?v=1543384230.0" charset="utf-8"></script>
<script type="text/javascript">
WB_wombat_Init('https://web.archive.org/web', '20071111061210', 'www.kerneltraffic.org');
</script>
<script type="text/javascript" src="/static/js/wbhack.js?v=1543384230.0" charset="utf-8"></script>
<script type="text/javascript">
__wbhack.init('https://web.archive.org/web');
</script>
<link rel="stylesheet" type="text/css" href="/static/css/banner-styles.css?v=1543384230.0" />
<link rel="stylesheet" type="text/css" href="/static/css/iconochive.css?v=1543384230.0" />
<!-- End Wayback Rewrite JS Include -->
<!-- BEGIN WAYBACK TOOLBAR INSERT -->
<script type="text/javascript" src="/static/js/timestamp.js?v=1543384230.0" charset="utf-8"></script>
<script type="text/javascript" src="/static/js/graph-calc.js?v=1543384230.0" charset="utf-8"></script>
<script type="text/javascript" src="/static/js/auto-complete.js?v=1543384230.0" charset="utf-8"></script>
<script type="text/javascript" src="/static/js/toolbar.js?v=1543384230.0" charset="utf-8"></script>
<style type="text/css">
body {
  margin-top:0 !important;
  padding-top:0 !important;
  /*min-width:800px !important;*/
}
.wb-autocomplete-suggestions {
    text-align: left; cursor: default; border: 1px solid #ccc; border-top: 0; background: #fff; box-shadow: -1px 1px 3px rgba(0,0,0,.1);
    position: absolute; display: none; z-index: 2147483647; max-height: 254px; overflow: hidden; overflow-y: auto; box-sizing: border-box;
}
.wb-autocomplete-suggestion { position: relative; padding: 0 .6em; line-height: 23px; white-space: nowrap; overflow: hidden; text-overflow: ellipsis; font-size: 1.02em; color: #333; }
.wb-autocomplete-suggestion b { font-weight: bold; }
.wb-autocomplete-suggestion.selected { background: #f0f0f0; }
</style>
<div id="wm-ipp" lang="en" style="display:none;direction:ltr;">
<div style="position:fixed;left:0;top:0;right:0;">
<div id="wm-ipp-inside">
  <div style="position:relative;">
    <div id="wm-logo" style="float:left;width:130px;padding-top:10px;">
      <a href="/web/" title="Wayback Machine home page"><img src="/static/images/toolbar/wayback-toolbar-logo.png" alt="Wayback Machine" width="110" height="39" border="0" /></a>
    </div>
    <div class="r" style="float:right;">
      <div id="wm-btns" style="text-align:right;height:25px;">
                  <div id="wm-save-snapshot-success">success</div>
          <div id="wm-save-snapshot-fail">fail</div>
          <a href="#"
             onclick="__wm.saveSnapshot('http://www.kerneltraffic.org/GNUe/gnue20030621_86.xml', '20071111061210')"
             title="Share via My Web Archive"
             id="wm-save-snapshot-open"
          >
            <span class="iconochive-web"></span>
          </a>
          <a href="https://archive.org/account/login.php"
             title="Sign In"
             id="wm-sign-in"
          >
            <span class="iconochive-person"></span>
          </a>
          <span id="wm-save-snapshot-in-progress" class="iconochive-web"></span>
        	<a href="http://faq.web.archive.org/" title="Get some help using the Wayback Machine" style="top:-6px;"><span class="iconochive-question" style="color:rgb(87,186,244);font-size:160%;"></span></a>
	<a id="wm-tb-close" href="#close" onclick="__wm.h(event);return false;" style="top:-2px;" title="Close the toolbar"><span class="iconochive-remove-circle" style="color:#888888;font-size:240%;"></span></a>
      </div>
      <div id="wm-share" style="text-align:right;">
	<a href="#" onclick="window.open('https://www.facebook.com/sharer/sharer.php?u=https://web.archive.org/web/20071111061210/http://www.kerneltraffic.org/GNUe/gnue20030621_86.xml', '', 'height=400,width=600'); return false;" title="Share on Facebook" style="margin-right:5px;" target="_blank"><span class="iconochive-facebook" style="color:#3b5998;font-size:160%;"></span></a>
	<a href="#" onclick="window.open('https://twitter.com/intent/tweet?text=https://web.archive.org/web/20071111061210/http://www.kerneltraffic.org/GNUe/gnue20030621_86.xml&amp;via=internetarchive', '', 'height=400,width=600'); return false;" title="Share on Twitter" style="margin-right:5px;" target="_blank"><span class="iconochive-twitter" style="color:#1dcaff;font-size:160%;"></span></a>
      </div>
    </div>
    <table class="c" style="">
      <tbody>
	<tr>
	  <td class="u" colspan="2">
	    <form target="_top" method="get" action="/web/submit" name="wmtb" id="wmtb"><input type="text" name="url" id="wmtbURL" value="http://www.kerneltraffic.org/GNUe/gnue20030621_86.xml" onfocus="this.focus();this.select();" /><input type="hidden" name="type" value="replay" /><input type="hidden" name="date" value="20071111061210" /><input type="submit" value="Go" /></form>
	  </td>
	  <td class="n" rowspan="2" style="width:110px;">
	    <table>
	      <tbody>
		<!-- NEXT/PREV MONTH NAV AND MONTH INDICATOR -->
		<tr class="m">
		  <td class="b" nowrap="nowrap"><a href="https://web.archive.org/web/20050212040111/http://www.kerneltraffic.org:80/GNUe/gnue20030621_86.xml" title="12 Feb 2005"><strong>Feb</strong></a></td>
		  <td class="c" id="displayMonthEl" title="You are here: 06:12:10 Nov 11, 2007">NOV</td>
		  <td class="f" nowrap="nowrap">Dec</td>
		</tr>
		<!-- NEXT/PREV CAPTURE NAV AND DAY OF MONTH INDICATOR -->
		<tr class="d">
		  <td class="b" nowrap="nowrap"><a href="https://web.archive.org/web/20050212040111/http://www.kerneltraffic.org:80/GNUe/gnue20030621_86.xml" title="04:01:11 Feb 12, 2005"><img src="/static/images/toolbar/wm_tb_prv_on.png" alt="Previous capture" width="14" height="16" border="0" /></a></td>
		  <td class="c" id="displayDayEl" style="width:34px;font-size:24px;white-space:nowrap;" title="You are here: 06:12:10 Nov 11, 2007">11</td>
		  <td class="f" nowrap="nowrap"><img src="/static/images/toolbar/wm_tb_nxt_off.png" alt="Next capture" width="14" height="16" border="0" /></td>
		</tr>
		<!-- NEXT/PREV YEAR NAV AND YEAR INDICATOR -->
		<tr class="y">
		  <td class="b" nowrap="nowrap"><a href="https://web.archive.org/web/20050212040111/http://www.kerneltraffic.org:80/GNUe/gnue20030621_86.xml" title="12 Feb 2005"><strong>2005</strong></a></td>
		  <td class="c" id="displayYearEl" title="You are here: 06:12:10 Nov 11, 2007">2007</td>
		  <td class="f" nowrap="nowrap">2008</td>
		</tr>
	      </tbody>
	    </table>
	  </td>
	</tr>
	<tr>
	  <td class="s">
	    	    <div id="wm-nav-captures">
	      	      <a class="t" href="/web/20071111061210*/http://www.kerneltraffic.org/GNUe/gnue20030621_86.xml" title="See a list of every capture for this URL">3 captures</a>
	      <div class="r" title="Timespan for captures of this URL">09 Oct 2003 - 11 Nov 2007</div>
	      </div>
	  </td>
	  <td class="k">
	    <a href="" id="wm-graph-anchor">
	      <div id="wm-ipp-sparkline" title="Explore captures for this URL" style="position: relative">
		<canvas id="wm-sparkline-canvas" width="575" height="27" border="0"></canvas>
	      </div>
	    </a>
	  </td>
	</tr>
      </tbody>
    </table>
    <div style="position:absolute;bottom:0;right:2px;text-align:right;">
      <a id="wm-expand" class="wm-btn wm-closed" href="#expand" onclick="__wm.ex(event);return false;"><span id="wm-expand-icon" class="iconochive-down-solid"></span> <span style="font-size:80%">About this capture</span></a>
    </div>
  </div>
    <div id="wm-capinfo" style="border-top:1px solid #777;display:none; overflow: hidden">
            <div style="background-color:#666;color:#fff;font-weight:bold;text-align:center">COLLECTED BY</div>
    <div style="padding:3px;position:relative" id="wm-collected-by-content">
            <div style="display:inline-block;vertical-align:top;width:50%;">
			<span class="c-logo" style="background-image:url(https://archive.org/services/img/webwidecrawl);"></span>
		Organization: <a style="color:#33f;" href="https://archive.org/details/webwidecrawl" target="_new"><span class="wm-title">Internet Archive</span></a>
		<div style="max-height:75px;overflow:hidden;position:relative;">
	  <div style="position:absolute;top:0;left:0;width:100%;height:75px;background:linear-gradient(to bottom,rgba(255,255,255,0) 0%,rgba(255,255,255,0) 90%,rgba(255,255,255,255) 100%);"></div>
	  The Internet Archive discovers and captures web pages through many different web crawls.

At any given time several distinct crawls are running, some for months, and some every day or longer.

View the web archive through the <a href="http://archive.org/web/web.php">Wayback Machine</a>.
	</div>
	      </div>
      <div style="display:inline-block;vertical-align:top;width:49%;">
			<span class="c-logo" style="background-image:url(https://archive.org/services/img/aroundtheworldcrawl)"></span>
		<div>Collection: <a style="color:#33f;" href="https://archive.org/details/aroundtheworldcrawl" target="_new"><span class="wm-title">Around The World Crawl</span></a></div>
		<div style="max-height:75px;overflow:hidden;position:relative;">
	  <div style="position:absolute;top:0;left:0;width:100%;height:75px;background:linear-gradient(to bottom,rgba(255,255,255,0) 0%,rgba(255,255,255,0) 90%,rgba(255,255,255,255) 100%);"></div>
	  Data crawled by Sloan Foundation on behalf of Internet Archive
<br /><br />
	</div>
	      </div>
    </div>
    <div style="background-color:#666;color:#fff;font-weight:bold;text-align:center" title="Timestamps for the elements of this page">TIMESTAMPS</div>
    <div>
      <div id="wm-capresources" style="margin:0 5px 5px 5px;max-height:250px;overflow-y:scroll !important"></div>
      <div id="wm-capresources-loading" style="text-align:left;margin:0 20px 5px 5px;display:none"><img src="/static/images/loading.gif" alt="loading" /></div>
    </div>
  </div></div></div></div><script type="text/javascript">
__wm.bt(575,27,25,2,"web","http://www.kerneltraffic.org/GNUe/gnue20030621_86.xml","2007-11-11",1996);
</script>
<!-- END WAYBACK TOOLBAR INSERT --><kc>

<title>GNUe Traffic</title>

<editor contact="mailto:psu@burdonvale.co.uk">Peter Sullivan</editor>

<issue num="86" date="21 Jun 2003 00:00:00 -0800"/>


<intro>
  This covers the three main mailing lists for the 
  <a href="https://web.archive.org/web/20071111061210/http://www.gnuenterprise.org/">GNU Enterprise</a> 
  project, plus the #gnuenterprise IRC channel.
</intro>


<section title="Enhancements for GNUe Designer" subject="[IRC] 13 Jun 2003" archive="http://www.gnuenterprise.org/irc-logs/gnue-public.log.13Jun2003" author="Arturas Kriukovas" contact="mailto:arturas@gsk.vtu.lt" startdate="13 Jun 2003 04:00:00 -0800" enddate="13 Jun 2003 04:00:00 -0800">

<topic>Designer</topic>

<mention>Jason Cater</mention>

<p>Mike Vincent (Vee2d2) complained about designer's schema navigator: 
<quote who="Mike Vincent">the table I need to get to is way down the list, 
there's no scroll bar and when I scroll down with the cursor keys and 
click the table I'm zapped back up to the top of the list, scrolling back 
down to the table with the cursor keys and the table's node is still 
closed.</quote> Jan Ischebeck (Siesel) mentioned that 
<quote who="Jan Ischebeck">the multi-table multi-page wizard just creates 
fields for just one table</quote>. But they all liked new layout - 
Derek Neighbors (Derek) said to Jason Cater: <quote who="Derek Neighbors">i 
LOVE what you have done with it</quote>. He suggested using dockable 
toolbars - <quote who="Derek Neighbors">floating docks would be best - just 
too much stuff in one space and to see anything on left you have to close 
all of them and open just one - adds an extra click but i still love 
it :)</quote>. Derek was also astonished with the zoom feature.</p>

</section>


<section title="GNUe Point of Sale (POS) as part of GNUe SB" subject="[IRC] 15 Jun 2003" archive="http://www.gnuenterprise.org/irc-logs/gnue-public.log.15Jun2003" author="Arturas Kriukovas" contact="mailto:arturas@gsk.vtu.lt" startdate="15 Jun 2003 04:00:00 -0800" enddate="15 Jun 2003 04:00:00 -0800">

<topic>Small Business</topic>

<p>Jason Cater (jcater) asked whether there was <quote who="Jason Cater">a 
way to mark an item as "non-inventoriable" (i.e., you don't want/need to 
track inventory levels)</quote>. Also, <quote who="Jason Cater">some tables 
for POS stuff like "discounts" (coupons, etc) - does that fit into another 
category or should I just have a pos/ structuire in gnue-sb for the 
moment?</quote> Derek Neighbors (Derek) thought 
<quote who="Derek Neighbors">the inventory one probably does belong with 
product. The discount one likely does not or at least not in whole. As 
usually discount is a customer based thing.</quote></p>

<p>Jason needed <quote who="Jason Cater">"10% off of total" associated 
with SKU "1233333" and "10% off last item" associated with SKU "123334" 
or "$5 off associated with SKU 1233335"</quote>. Derek thought 
<quote who="Derek Neighbors">wouldnt that be part of your invoicing - 
not your product</quote>. Jason said he was asking how to handle 
coupons generally - he realised this was a seperate issue from 
product management.</p>

<p>Jason also needed <quote who="Jason Cater">to add "Product Assembly" 
type things to my products table</quote>. Derek explained: 
<quote who="Derek Neighbors">well at this point gnue-sb doesnt support 
that as we arent out of product stage :) I havent looked at arias to see 
what they are doing but probably are doing a HORRID job</quote>. Product 
assembly within products was a next step for Derek. However, Jason meant 
something a bit different - <quote who="Jason Cater">what I mean is I 
need, to appear on their receipt:</quote><br/>
<pre>
100000    Product Assembly Fee     $25.00
100001    Delivery                 $30.00
</pre>
Derek suggested just making <quote who="Derek Neighbors">those products 
with a base price and if they have 4 hours labor its Qty 4 or something, 
or if its a base fee</quote>. Jason said he could add 
<quote who="Jason Cater">a few tiny things here and there. We can hash 
out later if we want something different</quote>. Derek agreed with 
this.</p>


</section>


<section title="*.rpm (Red Hat Package Management) packages for GNUe" subject="[IRC] 16 Jun 2003" archive="http://www.gnuenterprise.org/irc-logs/gnue-public.log.16Jun2003" author="Arturas Kriukovas" contact="mailto:arturas@gsk.vtu.lt" startdate="16 Jun 2003 04:00:00 -0800" enddate="16 Jun 2003 04:00:00 -0800">

<mention>James Thompson</mention>

<p>Dmitry Sorokin (Dimas) noticed that <quote who="Dmitry Sorokin">unknown 
keyboard accel issue still exist in 0.5 release files</quote>. James Thompson (Jamest) thought it should be fixed in a 
0.5.1 release, which should be quite soon.</p>

<p>Dmitry was also interested in producing official rpm packages for 
rpm-based GNU/Linux distros - he asked whether people doing rpm packaging 
need to arrange copyright assignment to the Free Software Foundation, as 
with other code contributed to GNUe. Derek Neighbors 
(derek) said this would only be an issue if the code and config files 
to make the rpm packages was to be included in GNUe's CVS, although he 
would prefer it to be done this way - <quote who="Derek Neighbors">so if 
you vanish we can continue managing them - but its not 
mandatory</quote>.</p>

</section>

</kc>
<!--
     FILE ARCHIVED ON 06:12:10 Nov 11, 2007 AND RETRIEVED FROM THE
     INTERNET ARCHIVE ON 09:24:09 Dec 05, 2018.
     JAVASCRIPT APPENDED BY WAYBACK MACHINE, COPYRIGHT INTERNET ARCHIVE.

     ALL OTHER CONTENT MAY ALSO BE PROTECTED BY COPYRIGHT (17 U.S.C.
     SECTION 108(a)(3)).
-->
<!--
playback timings (ms):
  LoadShardBlock: 39.587 (3)
  esindex: 0.006
  captures_list: 56.299
  CDXLines.iter: 12.36 (3)
  PetaboxLoader3.datanode: 52.789 (4)
  exclusion.robots: 0.247
  exclusion.robots.policy: 0.236
  RedisCDXSource: 1.681
  PetaboxLoader3.resolve: 22.67
  load_resource: 52.079
-->