<?xml version="1.0" ?>

<script src="//archive.org/includes/analytics.js?v=cf34f82" type="text/javascript"></script>
<script type="text/javascript">window.addEventListener('DOMContentLoaded',function(){var v=archive_analytics.values;v.service='wb';v.server_name='wwwb-app103.us.archive.org';v.server_ms=303;archive_analytics.send_pageview({});});</script>
<script type="text/javascript" src="/static/js/ait-client-rewrite.js?v=1543384230.0" charset="utf-8"></script>
<script type="text/javascript">
WB_wombat_Init('https://web.archive.org/web', '20071111062016', 'www.kerneltraffic.org');
</script>
<script type="text/javascript" src="/static/js/wbhack.js?v=1543384230.0" charset="utf-8"></script>
<script type="text/javascript">
__wbhack.init('https://web.archive.org/web');
</script>
<link rel="stylesheet" type="text/css" href="/static/css/banner-styles.css?v=1543384230.0" />
<link rel="stylesheet" type="text/css" href="/static/css/iconochive.css?v=1543384230.0" />
<!-- End Wayback Rewrite JS Include -->
<!-- BEGIN WAYBACK TOOLBAR INSERT -->
<script type="text/javascript" src="/static/js/timestamp.js?v=1543384230.0" charset="utf-8"></script>
<script type="text/javascript" src="/static/js/graph-calc.js?v=1543384230.0" charset="utf-8"></script>
<script type="text/javascript" src="/static/js/auto-complete.js?v=1543384230.0" charset="utf-8"></script>
<script type="text/javascript" src="/static/js/toolbar.js?v=1543384230.0" charset="utf-8"></script>
<style type="text/css">
body {
  margin-top:0 !important;
  padding-top:0 !important;
  /*min-width:800px !important;*/
}
.wb-autocomplete-suggestions {
    text-align: left; cursor: default; border: 1px solid #ccc; border-top: 0; background: #fff; box-shadow: -1px 1px 3px rgba(0,0,0,.1);
    position: absolute; display: none; z-index: 2147483647; max-height: 254px; overflow: hidden; overflow-y: auto; box-sizing: border-box;
}
.wb-autocomplete-suggestion { position: relative; padding: 0 .6em; line-height: 23px; white-space: nowrap; overflow: hidden; text-overflow: ellipsis; font-size: 1.02em; color: #333; }
.wb-autocomplete-suggestion b { font-weight: bold; }
.wb-autocomplete-suggestion.selected { background: #f0f0f0; }
</style>
<div id="wm-ipp" lang="en" style="display:none;direction:ltr;">
<div style="position:fixed;left:0;top:0;right:0;">
<div id="wm-ipp-inside">
  <div style="position:relative;">
    <div id="wm-logo" style="float:left;width:130px;padding-top:10px;">
      <a href="/web/" title="Wayback Machine home page"><img src="/static/images/toolbar/wayback-toolbar-logo.png" alt="Wayback Machine" width="110" height="39" border="0" /></a>
    </div>
    <div class="r" style="float:right;">
      <div id="wm-btns" style="text-align:right;height:25px;">
                  <div id="wm-save-snapshot-success">success</div>
          <div id="wm-save-snapshot-fail">fail</div>
          <a href="#"
             onclick="__wm.saveSnapshot('http://www.kerneltraffic.org/GNUe/gnue20060717_122.xml', '20071111062016')"
             title="Share via My Web Archive"
             id="wm-save-snapshot-open"
          >
            <span class="iconochive-web"></span>
          </a>
          <a href="https://archive.org/account/login.php"
             title="Sign In"
             id="wm-sign-in"
          >
            <span class="iconochive-person"></span>
          </a>
          <span id="wm-save-snapshot-in-progress" class="iconochive-web"></span>
        	<a href="http://faq.web.archive.org/" title="Get some help using the Wayback Machine" style="top:-6px;"><span class="iconochive-question" style="color:rgb(87,186,244);font-size:160%;"></span></a>
	<a id="wm-tb-close" href="#close" onclick="__wm.h(event);return false;" style="top:-2px;" title="Close the toolbar"><span class="iconochive-remove-circle" style="color:#888888;font-size:240%;"></span></a>
      </div>
      <div id="wm-share" style="text-align:right;">
	<a href="#" onclick="window.open('https://www.facebook.com/sharer/sharer.php?u=https://web.archive.org/web/20071111062016/http://www.kerneltraffic.org/GNUe/gnue20060717_122.xml', '', 'height=400,width=600'); return false;" title="Share on Facebook" style="margin-right:5px;" target="_blank"><span class="iconochive-facebook" style="color:#3b5998;font-size:160%;"></span></a>
	<a href="#" onclick="window.open('https://twitter.com/intent/tweet?text=https://web.archive.org/web/20071111062016/http://www.kerneltraffic.org/GNUe/gnue20060717_122.xml&amp;via=internetarchive', '', 'height=400,width=600'); return false;" title="Share on Twitter" style="margin-right:5px;" target="_blank"><span class="iconochive-twitter" style="color:#1dcaff;font-size:160%;"></span></a>
      </div>
    </div>
    <table class="c" style="">
      <tbody>
	<tr>
	  <td class="u" colspan="2">
	    <form target="_top" method="get" action="/web/submit" name="wmtb" id="wmtb"><input type="text" name="url" id="wmtbURL" value="http://www.kerneltraffic.org/GNUe/gnue20060717_122.xml" onfocus="this.focus();this.select();" /><input type="hidden" name="type" value="replay" /><input type="hidden" name="date" value="20071111062016" /><input type="submit" value="Go" /></form>
	  </td>
	  <td class="n" rowspan="2" style="width:110px;">
	    <table>
	      <tbody>
		<!-- NEXT/PREV MONTH NAV AND MONTH INDICATOR -->
		<tr class="m">
		  <td class="b" nowrap="nowrap"><a href="https://web.archive.org/web/20061014092238/http://www.kerneltraffic.org/GNUe/gnue20060717_122.xml" title="14 Oct 2006"><strong>Oct</strong></a></td>
		  <td class="c" id="displayMonthEl" title="You are here: 06:20:16 Nov 11, 2007">NOV</td>
		  <td class="f" nowrap="nowrap"><a href="https://web.archive.org/web/20080509093706/http://www.kerneltraffic.org/GNUe/gnue20060717_122.xml" title="09 May 2008"><strong>May</strong></a></td>
		</tr>
		<!-- NEXT/PREV CAPTURE NAV AND DAY OF MONTH INDICATOR -->
		<tr class="d">
		  <td class="b" nowrap="nowrap"><a href="https://web.archive.org/web/20061014092238/http://www.kerneltraffic.org/GNUe/gnue20060717_122.xml" title="09:22:38 Oct 14, 2006"><img src="/static/images/toolbar/wm_tb_prv_on.png" alt="Previous capture" width="14" height="16" border="0" /></a></td>
		  <td class="c" id="displayDayEl" style="width:34px;font-size:24px;white-space:nowrap;" title="You are here: 06:20:16 Nov 11, 2007">11</td>
		  <td class="f" nowrap="nowrap"><a href="https://web.archive.org/web/20080509093706/http://www.kerneltraffic.org/GNUe/gnue20060717_122.xml" title="09:37:06 May 09, 2008"><img src="/static/images/toolbar/wm_tb_nxt_on.png" alt="Next capture" width="14" height="16" border="0" /></a></td>
		</tr>
		<!-- NEXT/PREV YEAR NAV AND YEAR INDICATOR -->
		<tr class="y">
		  <td class="b" nowrap="nowrap"><a href="https://web.archive.org/web/20061014092238/http://www.kerneltraffic.org/GNUe/gnue20060717_122.xml" title="14 Oct 2006"><strong>2006</strong></a></td>
		  <td class="c" id="displayYearEl" title="You are here: 06:20:16 Nov 11, 2007">2007</td>
		  <td class="f" nowrap="nowrap"><a href="https://web.archive.org/web/20170404062737/http://kerneltraffic.org/GNUe/gnue20060717_122.xml" title="04 Apr 2017"><strong>2017</strong></a></td>
		</tr>
	      </tbody>
	    </table>
	  </td>
	</tr>
	<tr>
	  <td class="s">
	    	    <div id="wm-nav-captures">
	      	      <a class="t" href="/web/20071111062016*/http://www.kerneltraffic.org/GNUe/gnue20060717_122.xml" title="See a list of every capture for this URL">5 captures</a>
	      <div class="r" title="Timespan for captures of this URL">14 Oct 2006 - 04 Apr 2017</div>
	      </div>
	  </td>
	  <td class="k">
	    <a href="" id="wm-graph-anchor">
	      <div id="wm-ipp-sparkline" title="Explore captures for this URL" style="position: relative">
		<canvas id="wm-sparkline-canvas" width="575" height="27" border="0"></canvas>
	      </div>
	    </a>
	  </td>
	</tr>
      </tbody>
    </table>
    <div style="position:absolute;bottom:0;right:2px;text-align:right;">
      <a id="wm-expand" class="wm-btn wm-closed" href="#expand" onclick="__wm.ex(event);return false;"><span id="wm-expand-icon" class="iconochive-down-solid"></span> <span style="font-size:80%">About this capture</span></a>
    </div>
  </div>
    <div id="wm-capinfo" style="border-top:1px solid #777;display:none; overflow: hidden">
            <div style="background-color:#666;color:#fff;font-weight:bold;text-align:center">COLLECTED BY</div>
    <div style="padding:3px;position:relative" id="wm-collected-by-content">
            <div style="display:inline-block;vertical-align:top;width:50%;">
			<span class="c-logo" style="background-image:url(https://archive.org/services/img/webwidecrawl);"></span>
		Organization: <a style="color:#33f;" href="https://archive.org/details/webwidecrawl" target="_new"><span class="wm-title">Internet Archive</span></a>
		<div style="max-height:75px;overflow:hidden;position:relative;">
	  <div style="position:absolute;top:0;left:0;width:100%;height:75px;background:linear-gradient(to bottom,rgba(255,255,255,0) 0%,rgba(255,255,255,0) 90%,rgba(255,255,255,255) 100%);"></div>
	  The Internet Archive discovers and captures web pages through many different web crawls.

At any given time several distinct crawls are running, some for months, and some every day or longer.

View the web archive through the <a href="http://archive.org/web/web.php">Wayback Machine</a>.
	</div>
	      </div>
      <div style="display:inline-block;vertical-align:top;width:49%;">
			<span class="c-logo" style="background-image:url(https://archive.org/services/img/aroundtheworldcrawl)"></span>
		<div>Collection: <a style="color:#33f;" href="https://archive.org/details/aroundtheworldcrawl" target="_new"><span class="wm-title">Around The World Crawl</span></a></div>
		<div style="max-height:75px;overflow:hidden;position:relative;">
	  <div style="position:absolute;top:0;left:0;width:100%;height:75px;background:linear-gradient(to bottom,rgba(255,255,255,0) 0%,rgba(255,255,255,0) 90%,rgba(255,255,255,255) 100%);"></div>
	  Data crawled by Sloan Foundation on behalf of Internet Archive
<br /><br />
	</div>
	      </div>
    </div>
    <div style="background-color:#666;color:#fff;font-weight:bold;text-align:center" title="Timestamps for the elements of this page">TIMESTAMPS</div>
    <div>
      <div id="wm-capresources" style="margin:0 5px 5px 5px;max-height:250px;overflow-y:scroll !important"></div>
      <div id="wm-capresources-loading" style="text-align:left;margin:0 20px 5px 5px;display:none"><img src="/static/images/loading.gif" alt="loading" /></div>
    </div>
  </div></div></div></div><script type="text/javascript">
__wm.bt(575,27,25,2,"web","http://www.kerneltraffic.org/GNUe/gnue20060717_122.xml","2007-11-11",1996);
</script>
<!-- END WAYBACK TOOLBAR INSERT --><kc>

<title>GNUe Traffic</title>

<editor contact="mailto:psu@burdonvale.co.uk">Peter Sullivan</editor>

<issue num="122" date="17 Jul 2006 12:00:00 -0800"/>

<headquote>Summertime in #gnuenterprise - &quot;<i>we have a first day 
rainy after a long very hot period when you do not know where to hide 
- maybe refrigerators</i>&quot;</headquote>


<intro>
  This newsletter mainly covers the the #gnuenterprise IRC channel, 
  with occasional coverage of the three main mailing lists 
  (gnue-announce, gnue and gnue-dev) for the 
  <a href="https://web.archive.org/web/20071111062016/http://www.gnuenterprise.org/">GNU Enterprise</a> 
  project.
</intro>


<section title="Further trouble-shooting with the wx 2.6 drivers" subject="[IRC] 20 Jun 2006" archive="http://www.gnuenterprise.org/irc-logs/gnue-public.log.2006-06-20" author="Peter Sullivan" contact="mailto:psu@burdonvale.co.uk" startdate="20 Jun 2006 12:00:00 -0800" enddate="21 Jun 2006 12:00:00 -0800">

<topic>Forms</topic>
<topic>Common</topic>

<mention>Peter Sullivan</mention>

<p>Further to 
<kcref title="Layout in GNUe Forms with wx 2.6 driver" subject="[IRC] 22 May 2006"/>,
Reinhard M&#252;ller (reinhard) suggested to James Thompson (jamest) 
<quote who="Reinhard Müller">if you are bored, you can try again the 
wx26 uidriver</quote>, as Johannes Vetter (johannesV) had done 
<quote who="Reinhard Müller">some massive changes and it might 
be that your issues with fscking up the boxes are solved</quote>.
James said that, although he was busy, <quote who="James Thompson">i 
really need to get that tested, as the dropdown box issues in 2.4 
are preventing some selections from being allowed</quote>. So he 
was keen to have a version of GNUe Forms that worked with the user 
interface driver for wx 2.6 as soon as possible.</p>

<p>Trying Johannes' new code for GNUe Forms with his existing GNUe 
Forms Definitions, James found problems  - 
<quote who="James Thompson">none of which are due to anything 
wrong with what you've done - it's all in my forms</quote>, where 
he had been relying on 'features' (such as overlapping text boxes) 
that Johannes had treated as 'bugs' and now fixed. Johannes confirmed 
that <quote who="Johannes Vetter">overlaping is now being checked ...
not only for boxes but for all widgets</quote>. He added, 
<quote who="Johannes Vetter">if you click the detail-button you'll 
see the offending line in your XML-File - this makes debuging</quote> 
a GNUe Form Definition (gfd) <quote who="Johannes Vetter">a lot 
easier</quote>. James reported that all five of his existing 
GNUe Form Definitions were not working with the new code - but 
<quote who="James Thompson">i would still imagine it's something 
funky I'm doing in the form</quote> rather than a problem with 
Johannes' code. He noted that, on the last one, the problem 
that he had been having with the dropdown menu had been fixed, 
but the form now <quote who="James Thompson">aborts on 
query</quote>.</p>

<p><editorialize who="Peter Sullivan">Note that the lack of any 
guarantees on backward compatability, even with 'features'/'bugs'
is one of the reasons why GNUe Forms remains at a version 
number below 1.0 as of time of writing, as discussed further in 
<kcref title="Forms approaching version 1.0?" subject="[IRC] 13 Apr 2006"/>.
</editorialize></p>

<p><a href="https://web.archive.org/web/20071111062016/http://www.gnuenterprise.org/irc-logs/gnue-public.log.2006-06-20">The
mext day</a>, Reinhard <quote who="Reinhard Müller">noticed that 
dialog boxes in the wx26 driver are not modal - the &quot;go to 
record&quot; box and the about box both allow the main form to 
be clicked while the box is still open - then the cursor even 
blinks in the main form - but I can't type anything</quote>. 
Later, Johannes reported <quote who="Johannes Vetter">the dialogs 
*are* shown modal ... i would say it's a bug in wx that 
the mouse-click is sent to (and handled by) the parent-window</quote>. 
He confirmed that, when using the user interface drivers on Microsoft 
Windows and Mac OS X, the focus stayed on the dialog box, and 
correctly ignored any clicks on the parent form. Reinhard wondered if 
this was a problem specific to the GTK2 desktop he was using under 
GNU/Linux - <quote who="Reinhard Müller">I think for gtk2 modal 
dialogs *always* allow the main window to be focussed again</quote>. 
Johannes confirmed that it was not possible to access the 
menu options in the parent form whilst there was a dialog 
box open, for both Microsoft Windows and the old wx version 
2.4 drivers.</p>

</section>


<section title="New releases needed?" subject="[IRC] 21 Jun 2006" archive="http://www.gnuenterprise.org/irc-logs/gnue-public.log.2006-06-21" author="Peter Sullivan" contact="mailto:psu@burdonvale.co.uk" startdate="21 Jun 2006 12:00:00 -0800" enddate="21 Jun 2006 12:00:00 -0800">

<topic>Forms</topic>
<topic>Common</topic>
<topic>Reports</topic>

<p>Bajusz Tam&#0225;s (btami) noted that <quote who="Bajusz Tamás">the 
latest released gnue-reports</quote> no longer worked with the 
last official release of GNUe Common, as <quote who="Bajusz Tamás">it 
needs GRParser .py and GRSources from</quote> the current  
development version of GNUe Common. Reinhard M&#252;ller (reinhard) 
suggested <quote who="Reinhard Müller">should we do a release 
of gnue-reports now? would that help?</quote> Tam&#0225;s said 
that it was really GNUe Common that was the problem. Reinhard 
said <quote who="Reinhard Müller">so we might want to look into 
releases for common and reports at least</quote>. However, he did 
not <quote who="Reinhard Müller">want to release forms in the 
middle of this stuff we are doing</quote> until it was more 
stable. He expected that the existing 
<quote who="Reinhard Müller">latest release of forms *should* work 
with</quote> the current development version of GNUe Common if they 
did a new release as of time of writing.</p>

</section>


<section title="Object IDs used in GNUe where there is no primary key" subject="[IRC] 26 Jun 2006" archive="http://www.gnuenterprise.org/irc-logs/gnue-public.log.2006-06-26" author="Peter Sullivan" contact="mailto:psu@burdonvale.co.uk" startdate="26 Jun 2006 12:00:00 -0800" enddate="26 Jun 2006 12:00:00 -0800">

<topic>Forms</topic>
<topic>Common</topic>

<p>It was asked whether having an object ID field was necessary for databases being 
accessed by GNUe. Reinhard M&#252;ller (reinhard) said <quote who="Reinhard Müller">we 
currently depend on oids - because they are the only way of safely identifying a 
new record that has just been inserted if the primary key has been set by a db 
trigger</quote>. It was pointed out that, with Oracle at least, database-generated 
object IDs were not guranteed to remain the same over time. James Thompson 
(jamest) had not heard this, but in any case pointed out that 
<quote who="James Thompson">postgresql 8.1 has depreciated the OID and no longer 
created them on tables unless specifically told too during the create table 
statemnet - this burns me quite a bit :)</quote> However, he had been under the 
impression that the data access code for GNUe <quote who="James Thompson">only 
used the OID if a PK field wasn't defined for that table</quote> - if you 
defined what field or fields made up the primary key as part of the datasource 
definition, it would use these instead of requiring an object ID. 
He did this all the time with things like RMA numbers or order numbers - 
<quote who="James Thompson">the user doesn't enter the PK value nor does the 
form - they save the new record and then the rma number assigned just pops up on 
their screen in the uneditable field :)</quote>. This would normally be done by 
automatically re-querying the record after save - <quote who="James Thompson">but 
I also seem to recall some dbsig drivers returning info from the execute of the 
insert</quote>. Reinhard confirmed this.</p>

</section>


<section title="Problem with dropdowns validation fixed" subject="[IRC] 28 Jun 2006" archive="http://www.gnuenterprise.org/irc-logs/gnue-public.log.2006-06-28" author="Peter Sullivan" contact="mailto:psu@burdonvale.co.uk" startdate="28 Jun 2006 12:00:00 -0800" enddate="29 Jun 2006 12:00:00 -0800">

<topic>Forms</topic>

<p>Reinhard M&#252;ller (reinhard) reported a problem with 
<quote who="Reinhard Müller">dropdowns (or other entries with 
a list of allowed values)</quote> - 
<quote who="Reinhard Müller">currently when a wrong value is 
entered, the complete entry is deleted and the field is set back 
to empty - and the cursor moves out of the entry - and no error 
message is displayed. I consider this a bug and would think the 
correct behaviour would be - display error message in status line, 
beep, leave the input as it was (so I can just correct my typo) 
and leave the focus in the entry</quote>. This was agreed.</p>

<p>Later, Reinhard reported an 
<quote who="Reinhard Müller">interesting problem - 
I've managed to block tabbing out of a control as long as the 
entered value is invalid - so when you hit tab or enter gnue-forms 
just beeps and shows an error message. However I seem to have no 
means to block moving the focus to another widget with the mouse - 
so you can still click out of a control even when the value is 
invalid - does anybody have any idea about this?</quote> Later, 
he thought he had <quote who="Reinhard Müller">found a solution 
that behaves fairly reasonable - but I guess it needs testing on 
different</quote> user interfaces.</p>

<p><a href="https://web.archive.org/web/20071111062016/http://www.gnuenterprise.org/irc-logs/gnue-public.log.2006-06-28">The 
next day</a>, Johannes Vetter did some testing of this fix on other user 
interfaces. He reported that using the wx 2.6 user interface driver 
in GNU/Linux seemed to work -  <quote who="Johannes Vetter">clicking 
into another entry moves the UI-focus to that entry, but keeps GF-focus 
in the dropdown. entering new text goes still into the dropdown - the 
errormessage appears in the statusline.</quote> But the same 
form using the native Microsoft Windows 32 user interface driver was not 
working as intended - <quote who="Johannes Vetter">On win32, clicking 
into another entry moves both ui- and gf-focus into the new field, no 
message, no error. the value of the dropdown is the first one 
which was available depending on my input</quote>. However, using 
the wx 2.6 user interface driver in Microsoft Windows worked fine.</p>

</section>


<section title="Displaying grids in GNUe Forms with wx 2.6" subject="[IRC] 29 Jun 2006" archive="http://www.gnuenterprise.org/irc-logs/gnue-public.log.2006-06-29" author="Peter Sullivan" contact="mailto:psu@burdonvale.co.uk" startdate="29 Jun 2006 12:00:00 -0800" enddate="06 Jul 2006 12:00:00 -0800">

<topic>Forms</topic>

<p>Further to 
<kcref title="Grid support in GNUe Forms" subject="[IRC] 13 Jun 2002"/>, 
Johannes Vetter (johannesV) reported a <quote who="Johannes Vetter">response 
on the wx-mailing list regarding the grid problem - 
looks like some guys have implemented a grid-control (derived from wx.grid) 
which is capable of handling multiple rows per logical record - but it 
appears as the have troubles with selecting a row as well as moving 
around in a logical way. i've installed gnuecash yesterday to get a look 
at how they did it there ...</quote>.</p>

<p><a href="https://web.archive.org/web/20071111062016/http://www.gnuenterprise.org/irc-logs/gnue-public.log.2006-07-06">A
few days later</a>, Reinhard M&#252;ller (reinhard) noted that 
<quote who="Reinhard Müller">wow, zipgrid looks very nice already</quote>. 
Johannes said that there was still some tidying-up to do on the 
code, <quote who="Johannes vetter">and it supports only default-entries</quote>
as of time of writing. He posted some screenshots from 
<a href="https://web.archive.org/web/20071111062016/http://www.gnuenterprise.org/~johannes/zipgrid-gtk.png">GTK</a> and 
<a href="https://web.archive.org/web/20071111062016/http://www.gnuenterprise.org/~johannes/zipgrid-xp.png">Windows</a>, 
noting that <quote who="Johannes Vetter">the best thing is it is done 
with just a few lines of gfd-code</quote>, giving the lines of code 
used to generate the sample grid.</p>

</section>


<section title="Current status of GNUe Reports" subject="[IRC] 06 Jul 2006" archive="http://www.gnuenterprise.org/irc-logs/gnue-public.log.2006-07-06" author="Peter Sullivan" contact="mailto:psu@burdonvale.co.uk" startdate="06 Jul 2006 12:00:00 -0800" enddate="06 Jul 2006 12:00:00 -0800">

<topic>Reports</topic>

<p>Reinhard M&#252;ller (reinhard) asked 
<quote who="Reinhard Müller">anybody using gnue-reports on 
windows?</quote> He wanted <quote who="Reinhard Müller">to know 
whether you can print directly - or you have to generate a pdf 
which you then manually print</quote>? Later, Bajusz Tam&#0225;s 
(btami) said that text-only reports could be printed 
directly to a printer, and <quote who="Bajusz Tamás">if use xml 
formatter, can print to a gdi printer - text, html, escp,..</quote>, 
adding <quote who="Bajusz Tamás">if you don't select 
a printer, it will pop up a selection dialog.</quote> He noted 
that all of this applied only to the current development 
<quote who="Bajusz Tamás">version of reports, released doesn't 
works</quote>. He noted <quote who="Bajusz Tamás">reports 
is far from a polished state</quote> as of time of writing.</p>

<p>Reinhard was <quote who="Reinhard Müller">approaching a 
project where we would need a number of reports - most of them 
probably being simple lists of records (maybe with master/detail, 
but nothing complicated)</quote>. Tam&#0225;s noted that the text-only  
version of reports did not support master/detail yet - 
<quote who="Bajusz Tamás">there was no work on reports 
lately</quote>. Reinhard said <quote who="Reinhard Müller">we'll 
have to decide whether we use reports or do some manual python 
(maybe reportlab) based solution</quote>. Tam&#0225;s felt it would be 
better <quote who="Bajusz Tamás">to use/enhance gnue-reports - if 
everyone using custom report solution, it will be never 
finished</quote> - <quote who="Bajusz Tamás">as i see, the engine 
itself is ready, the filters need more work</quote>.</p>

</section>

</kc><!--
     FILE ARCHIVED ON 06:20:16 Nov 11, 2007 AND RETRIEVED FROM THE
     INTERNET ARCHIVE ON 09:18:55 Dec 05, 2018.
     JAVASCRIPT APPENDED BY WAYBACK MACHINE, COPYRIGHT INTERNET ARCHIVE.

     ALL OTHER CONTENT MAY ALSO BE PROTECTED BY COPYRIGHT (17 U.S.C.
     SECTION 108(a)(3)).
-->
<!--
playback timings (ms):
  LoadShardBlock: 190.879 (3)
  esindex: 0.014
  captures_list: 209.313
  CDXLines.iter: 13.342 (3)
  PetaboxLoader3.datanode: 193.664 (4)
  exclusion.robots: 0.432
  exclusion.robots.policy: 0.415
  RedisCDXSource: 1.783
  PetaboxLoader3.resolve: 45.584 (3)
  load_resource: 74.505
-->