<?xml version="1.0" ?>

<script src="//archive.org/includes/analytics.js?v=cf34f82" type="text/javascript"></script>
<script type="text/javascript">window.addEventListener('DOMContentLoaded',function(){var v=archive_analytics.values;v.service='wb';v.server_name='wwwb-app57.us.archive.org';v.server_ms=271;archive_analytics.send_pageview({});});</script>
<script type="text/javascript" src="/static/js/ait-client-rewrite.js?v=1543384230.0" charset="utf-8"></script>
<script type="text/javascript">
WB_wombat_Init('https://web.archive.org/web', '20071111053813', 'www.kerneltraffic.org');
</script>
<script type="text/javascript" src="/static/js/wbhack.js?v=1543384230.0" charset="utf-8"></script>
<script type="text/javascript">
__wbhack.init('https://web.archive.org/web');
</script>
<link rel="stylesheet" type="text/css" href="/static/css/banner-styles.css?v=1543384230.0" />
<link rel="stylesheet" type="text/css" href="/static/css/iconochive.css?v=1543384230.0" />
<!-- End Wayback Rewrite JS Include -->
<!-- BEGIN WAYBACK TOOLBAR INSERT -->
<script type="text/javascript" src="/static/js/timestamp.js?v=1543384230.0" charset="utf-8"></script>
<script type="text/javascript" src="/static/js/graph-calc.js?v=1543384230.0" charset="utf-8"></script>
<script type="text/javascript" src="/static/js/auto-complete.js?v=1543384230.0" charset="utf-8"></script>
<script type="text/javascript" src="/static/js/toolbar.js?v=1543384230.0" charset="utf-8"></script>
<style type="text/css">
body {
  margin-top:0 !important;
  padding-top:0 !important;
  /*min-width:800px !important;*/
}
.wb-autocomplete-suggestions {
    text-align: left; cursor: default; border: 1px solid #ccc; border-top: 0; background: #fff; box-shadow: -1px 1px 3px rgba(0,0,0,.1);
    position: absolute; display: none; z-index: 2147483647; max-height: 254px; overflow: hidden; overflow-y: auto; box-sizing: border-box;
}
.wb-autocomplete-suggestion { position: relative; padding: 0 .6em; line-height: 23px; white-space: nowrap; overflow: hidden; text-overflow: ellipsis; font-size: 1.02em; color: #333; }
.wb-autocomplete-suggestion b { font-weight: bold; }
.wb-autocomplete-suggestion.selected { background: #f0f0f0; }
</style>
<div id="wm-ipp" lang="en" style="display:none;direction:ltr;">
<div style="position:fixed;left:0;top:0;right:0;">
<div id="wm-ipp-inside">
  <div style="position:relative;">
    <div id="wm-logo" style="float:left;width:130px;padding-top:10px;">
      <a href="/web/" title="Wayback Machine home page"><img src="/static/images/toolbar/wayback-toolbar-logo.png" alt="Wayback Machine" width="110" height="39" border="0" /></a>
    </div>
    <div class="r" style="float:right;">
      <div id="wm-btns" style="text-align:right;height:25px;">
                  <div id="wm-save-snapshot-success">success</div>
          <div id="wm-save-snapshot-fail">fail</div>
          <a href="#"
             onclick="__wm.saveSnapshot('http://www.kerneltraffic.org/GNUe/gnue20060403_110.xml', '20071111053813')"
             title="Share via My Web Archive"
             id="wm-save-snapshot-open"
          >
            <span class="iconochive-web"></span>
          </a>
          <a href="https://archive.org/account/login.php"
             title="Sign In"
             id="wm-sign-in"
          >
            <span class="iconochive-person"></span>
          </a>
          <span id="wm-save-snapshot-in-progress" class="iconochive-web"></span>
        	<a href="http://faq.web.archive.org/" title="Get some help using the Wayback Machine" style="top:-6px;"><span class="iconochive-question" style="color:rgb(87,186,244);font-size:160%;"></span></a>
	<a id="wm-tb-close" href="#close" onclick="__wm.h(event);return false;" style="top:-2px;" title="Close the toolbar"><span class="iconochive-remove-circle" style="color:#888888;font-size:240%;"></span></a>
      </div>
      <div id="wm-share" style="text-align:right;">
	<a href="#" onclick="window.open('https://www.facebook.com/sharer/sharer.php?u=https://web.archive.org/web/20071111053813/http://www.kerneltraffic.org/GNUe/gnue20060403_110.xml', '', 'height=400,width=600'); return false;" title="Share on Facebook" style="margin-right:5px;" target="_blank"><span class="iconochive-facebook" style="color:#3b5998;font-size:160%;"></span></a>
	<a href="#" onclick="window.open('https://twitter.com/intent/tweet?text=https://web.archive.org/web/20071111053813/http://www.kerneltraffic.org/GNUe/gnue20060403_110.xml&amp;via=internetarchive', '', 'height=400,width=600'); return false;" title="Share on Twitter" style="margin-right:5px;" target="_blank"><span class="iconochive-twitter" style="color:#1dcaff;font-size:160%;"></span></a>
      </div>
    </div>
    <table class="c" style="">
      <tbody>
	<tr>
	  <td class="u" colspan="2">
	    <form target="_top" method="get" action="/web/submit" name="wmtb" id="wmtb"><input type="text" name="url" id="wmtbURL" value="http://www.kerneltraffic.org/GNUe/gnue20060403_110.xml" onfocus="this.focus();this.select();" /><input type="hidden" name="type" value="replay" /><input type="hidden" name="date" value="20071111053813" /><input type="submit" value="Go" /></form>
	  </td>
	  <td class="n" rowspan="2" style="width:110px;">
	    <table>
	      <tbody>
		<!-- NEXT/PREV MONTH NAV AND MONTH INDICATOR -->
		<tr class="m">
		  <td class="b" nowrap="nowrap"><a href="https://web.archive.org/web/20061014092349/http://www.kerneltraffic.org/GNUe/gnue20060403_110.xml" title="14 Oct 2006"><strong>Oct</strong></a></td>
		  <td class="c" id="displayMonthEl" title="You are here: 05:38:13 Nov 11, 2007">NOV</td>
		  <td class="f" nowrap="nowrap"><a href="https://web.archive.org/web/20080517065940/http://www.kerneltraffic.org/GNUe/gnue20060403_110.xml" title="17 May 2008"><strong>May</strong></a></td>
		</tr>
		<!-- NEXT/PREV CAPTURE NAV AND DAY OF MONTH INDICATOR -->
		<tr class="d">
		  <td class="b" nowrap="nowrap"><a href="https://web.archive.org/web/20061014092349/http://www.kerneltraffic.org/GNUe/gnue20060403_110.xml" title="09:23:49 Oct 14, 2006"><img src="/static/images/toolbar/wm_tb_prv_on.png" alt="Previous capture" width="14" height="16" border="0" /></a></td>
		  <td class="c" id="displayDayEl" style="width:34px;font-size:24px;white-space:nowrap;" title="You are here: 05:38:13 Nov 11, 2007">11</td>
		  <td class="f" nowrap="nowrap"><a href="https://web.archive.org/web/20080517065940/http://www.kerneltraffic.org/GNUe/gnue20060403_110.xml" title="06:59:40 May 17, 2008"><img src="/static/images/toolbar/wm_tb_nxt_on.png" alt="Next capture" width="14" height="16" border="0" /></a></td>
		</tr>
		<!-- NEXT/PREV YEAR NAV AND YEAR INDICATOR -->
		<tr class="y">
		  <td class="b" nowrap="nowrap"><a href="https://web.archive.org/web/20061014092349/http://www.kerneltraffic.org/GNUe/gnue20060403_110.xml" title="14 Oct 2006"><strong>2006</strong></a></td>
		  <td class="c" id="displayYearEl" title="You are here: 05:38:13 Nov 11, 2007">2007</td>
		  <td class="f" nowrap="nowrap"><a href="https://web.archive.org/web/20170404085735/http://kerneltraffic.org/GNUe/gnue20060403_110.xml" title="04 Apr 2017"><strong>2017</strong></a></td>
		</tr>
	      </tbody>
	    </table>
	  </td>
	</tr>
	<tr>
	  <td class="s">
	    	    <div id="wm-nav-captures">
	      	      <a class="t" href="/web/20071111053813*/http://www.kerneltraffic.org/GNUe/gnue20060403_110.xml" title="See a list of every capture for this URL">7 captures</a>
	      <div class="r" title="Timespan for captures of this URL">15 May 2006 - 20 Oct 2017</div>
	      </div>
	  </td>
	  <td class="k">
	    <a href="" id="wm-graph-anchor">
	      <div id="wm-ipp-sparkline" title="Explore captures for this URL" style="position: relative">
		<canvas id="wm-sparkline-canvas" width="575" height="27" border="0"></canvas>
	      </div>
	    </a>
	  </td>
	</tr>
      </tbody>
    </table>
    <div style="position:absolute;bottom:0;right:2px;text-align:right;">
      <a id="wm-expand" class="wm-btn wm-closed" href="#expand" onclick="__wm.ex(event);return false;"><span id="wm-expand-icon" class="iconochive-down-solid"></span> <span style="font-size:80%">About this capture</span></a>
    </div>
  </div>
    <div id="wm-capinfo" style="border-top:1px solid #777;display:none; overflow: hidden">
            <div style="background-color:#666;color:#fff;font-weight:bold;text-align:center">COLLECTED BY</div>
    <div style="padding:3px;position:relative" id="wm-collected-by-content">
            <div style="display:inline-block;vertical-align:top;width:50%;">
			<span class="c-logo" style="background-image:url(https://archive.org/services/img/webwidecrawl);"></span>
		Organization: <a style="color:#33f;" href="https://archive.org/details/webwidecrawl" target="_new"><span class="wm-title">Internet Archive</span></a>
		<div style="max-height:75px;overflow:hidden;position:relative;">
	  <div style="position:absolute;top:0;left:0;width:100%;height:75px;background:linear-gradient(to bottom,rgba(255,255,255,0) 0%,rgba(255,255,255,0) 90%,rgba(255,255,255,255) 100%);"></div>
	  The Internet Archive discovers and captures web pages through many different web crawls.

At any given time several distinct crawls are running, some for months, and some every day or longer.

View the web archive through the <a href="http://archive.org/web/web.php">Wayback Machine</a>.
	</div>
	      </div>
      <div style="display:inline-block;vertical-align:top;width:49%;">
			<span class="c-logo" style="background-image:url(https://archive.org/services/img/aroundtheworldcrawl)"></span>
		<div>Collection: <a style="color:#33f;" href="https://archive.org/details/aroundtheworldcrawl" target="_new"><span class="wm-title">Around The World Crawl</span></a></div>
		<div style="max-height:75px;overflow:hidden;position:relative;">
	  <div style="position:absolute;top:0;left:0;width:100%;height:75px;background:linear-gradient(to bottom,rgba(255,255,255,0) 0%,rgba(255,255,255,0) 90%,rgba(255,255,255,255) 100%);"></div>
	  Data crawled by Sloan Foundation on behalf of Internet Archive
<br /><br />
	</div>
	      </div>
    </div>
    <div style="background-color:#666;color:#fff;font-weight:bold;text-align:center" title="Timestamps for the elements of this page">TIMESTAMPS</div>
    <div>
      <div id="wm-capresources" style="margin:0 5px 5px 5px;max-height:250px;overflow-y:scroll !important"></div>
      <div id="wm-capresources-loading" style="text-align:left;margin:0 20px 5px 5px;display:none"><img src="/static/images/loading.gif" alt="loading" /></div>
    </div>
  </div></div></div></div><script type="text/javascript">
__wm.bt(575,27,25,2,"web","http://www.kerneltraffic.org/GNUe/gnue20060403_110.xml","2007-11-11",1996);
</script>
<!-- END WAYBACK TOOLBAR INSERT --><kc>

<title>GNUe Traffic</title>

<editor contact="mailto:psu@burdonvale.co.uk">Peter Sullivan</editor>

<issue num="110" date="03 Apr 2006 00:00:00 -0800"/>

<headquote>
&quot;<i>we're 4 people discussion so we probably have 5 different visions ;-)</i>&quot;
</headquote>


<intro>
  This covers the three main mailing lists for the 
  <a href="https://web.archive.org/web/20071111053813/http://www.gnuenterprise.org/">GNU Enterprise</a> 
  project, plus the #gnuenterprise IRC channel.
</intro>

<section title="Ideas about layout management in Forms" subject="[IRC] 28 Mar 2006" archive="http://www.gnuenterprise.org/irc-logs/gnue-public.log.2006-03-28" author="Peter Sullivan" contact="mailto:psu@burdonvale.co.uk" startdate="28 Mar 2006 12:00:00 -0800" enddate="29 Mar 2006 12:00:00 -0800">

<topic>Forms</topic>

<p>James Thompson (jamest) asked if Reinhard M&#252;ller's (reinhard) proposals 
for layout management in Forms - to allow forms to move controls on a form 
to reflect the amount of space available when a form was resized - would 
mean <quote who="James Thompson">taking out the char based placement</quote>. 
Reinhard said that he thought <quote who="Reinhard Müller">must leave that 
char based placement in for compatibility</quote>.</p>

<p>James asked how controls would be 'anchored' to the form. 
Reinhard replied <quote who="Reinhard Müller">I think we will need some 
way to define which control will be resized to what extent - but there 
will be useful defaults for most cases - like all text entries can resize 
horizontally - multi line entries can resize vertically, single line entries 
can't, etc</quote>. James explained how he would anticipate it working - 
<quote who="James Thompson">typically a widget or panel can anchor at 1 or 
2 side - which top and left would mean that the placement of that panel or 
widget would link to closest one to the top and closest to the left</quote>. 
If a widget was allowed to resize, then <quote who="James Thompson">if I'm 
anchored to the top and left and I'm set to fill vertically then i'll grow 
downward till i hit the next widget or a container - so I could anchor the 
top and left of a widget to the panel itself - anchor another on left to 
the panel and top to the previous widet - then anchor another on left to 
the panel and on bottom to the panel - then the middle widget would fill 
the space between</quote>. He felt that <quote who="James Thompson">in real 
life it works pretty well</quote> although <quote who="James Thompson">doing 
something like that in forms would require some type of region tag that you 
could nest</quote>.</p>

<p><a href="https://web.archive.org/web/20071111053813/http://www.gnuenterprise.org/irc-logs/gnue-public.log.2006-03-29">The 
next day</a>, Jason Cater (jcater) was <quote who="Jason Cater">nervous 
going away from the pluggable layout system we had moved to</quote> to 
<quote who="Jason Cater">using a single, hardcoded layout manager like 
this</quote>. Jan Ischebeck (siesel) agreed - <quote who="Jan Ischebeck">I 
hope to still be able to use the character based layout.</quote> Reinhard 
explained <quote who="Reinhard Müller">actually I would be aiming at making 
different layout systems work as opposed to the single, hardcoded x/y 
positioning we have now</quote>.</p>

<p>James noted that <quote who="James Thompson">forms lets you plug in 
layout managers</quote> already - <quote who="James Thompson">just no other 
layout managers have been written</quote>. Jason added that 
<quote who="Jason Cater">the intention was to have the layout plugin system 
in common instead of forms, too</quote> so that the other GNUe tools, not 
just GNUe Forms, could use it.</p>

<p>Reinhard asked <quote who="Reinhard Müller">how would you implement x/y 
positioning without accessing the x/y parameters?</quote> James said that
<quote who="James Thompson">positioning would be the job of the layout mgr 
entirely</quote> - if the user interface had built-in layout management 
features (which some did), these would be used, but if not, the layout 
management routines would handle this. Reinhard asked whether this would 
mean having and maintaining <quote who="Reinhard Müller">two complete sets 
of uidrivers? one for x/y based and one for layout management?</quote></p>

<p>Reinhard had <quote who="Reinhard Müller">not yet understood why anybody 
should want char based positioning in a form for other reasons than to keep 
compatibility with old forms - especially as I figure char based positioning 
is a hell to implement in html or similar frontends</quote>. Bajusz Tam&#0225;s 
(btami) gave the example of wanting <quote who="Bajusz Tamás">forms 
that exactly matching reports providing  by law</quote> - for example, 
for tax purposes.</p>

<p>James emphasised that <quote who="James Thompson">i don't see layout 
management as something the UI objects should take part in - i think the 
entry objects should provide hints to the layout manager about what they 
want - but not participate in the</quote> layout. They could express a 
preference <quote who="James Thompson">like now &quot;i want to sit in 
the 3rd chair in isle 4&quot;</quote> or relative to other objects but 
the layout manager would process these hints <quote who="James Thompson">and 
stick them wherever it feels like honoring the hints</quote> - 
<quote who="James Thompson">if it wants to do x/y positioning that would 
be ok - but it it wants to use UI specific containers then it 
could</quote>. Discussion continued.</p>


</section>

<section title="GNUe Application Platform" subject="[IRC] 28 Mar 2006" archive="http://www.gnuenterprise.org/irc-logs/gnue-public.log.2006-03-28" author="Peter Sullivan" contact="mailto:psu@burdonvale.co.uk" startdate="28 Mar 2006 12:00:00 -0800" enddate="28 Mar 2006 12:00:00 -0800">

<topic>Navigator</topic>

<p>Further to 
<kcref title="GNUe Application Platform to replace Navigator?" subject="[IRC] 27 Mar 2006"/>, 
Jason Cater (jcater) said that his view of GNUe Application Platform (GAP) 
was that it was a way of <quote who="Jason Cater">providing clients a cleaner 
way to get at</quote> the GNUe Common Library <quote who="Jason Cater">and 
each other</quote>. He noted that <quote who="Jason Cater">right now, all 
client apps are based on GClientApp</quote>, which <quote who="Jason Cater">takes 
care of initializing some services</quote> - <quote who="Jason Cater">gap is 
providing a way for all components of a tool to get at that &quot;service&quot; 
cleanly</quote>. For example, the current way of sharing connections was 
messy, and caused problems when refactoring code. And this was just connections - 
there were other componants that tools might want to share. GAP, by contrast, 
<quote who="Jason Cater">would allow any component of any tool to declare 
what components of other tools it needs - without creating an __init__ 
nightmare</quote>.</p>

<p>James Thompson (jamest) added that <quote who="James Thompson">it also 
enables an application to only load the components it needs - like in my 
case I have lots of</quote> based on the core GNUe client application 
code - <quote who="James Thompson">however not all need the command line 
parsing, or configuration file support - so in those cases I wouldn't make 
a request for that service and it wouldn't load</quote>. He hoped that 
<quote who="James Thompson">eventually, if it proves out, all the other 
gnue apps could use gap as their base - and with the simple high level UI 
common setup you could say "I love designer, I do.  I want to use it to edit 
all my python apps" - you could take designer's startup config file (that 
says which components to load) and remove the gui layout parts, leaving 
only it's trigger editor component</quote> to make it an editor for generic 
python code, not just GNUe triggers.</p>

</section>


<section title="Timezones in GNUe Application Server" subject="[IRC] 30 Mar 2006" archive="http://www.gnuenterprise.org/irc-logs/gnue-public.log.2006-03-30" author="Peter Sullivan" contact="mailto:psu@burdonvale.co.uk" startdate="30 Mar 2006 12:00:00 -0800" enddate="30 Mar 2006 12:00:00 -0800">

<topic>Application Server</topic>

<p>It was asked how GNUe dealt with different time zones - in a three-tier 
set up (forms talks to Application Server talks to back-end database), 
the users of a forms could be in different time zones to each other, and 
different to the time zone of the Application Server and/or the database 
server. This could create problems sorting entries by date/time order. 
Reinhard M&#252;ller (reinhard) noted that, as of time of writing, 
<quote who="Reinhard Müller">there is no timezone handling currently - 
so appserver just takes time values like you give it - so if you use 
gnue_createdate etc it's all in the timezone appserver is running 
in</quote>. Johannes Vetter (johannesV) noted that 
<quote who="Johannes Vetter">well, actuall python's datetime.datetime 
has no 'native' timezone either - instead one would have to implement 
timezone-support if needed</quote>. Reinhard noted that 
<quote who="Reinhard Müller">converting times values to UTC before 
storing in the db might not be what most users would expect - still 
somebody searching in the db directly via sql might be surprised to 
find "wrong" values</quote>.</p>

<p>Reinhard noted that the specification for XML-PRC (the XML 
specification for Remote Procedure Calls, which GNUe Application 
Server was intended to be compatible with) said that 
<quote who="Reinhard Müller">It should be specified by the server 
in its documentation what assumptions it makes about 
timezones. so it looks like you can't pass a timezone there by 
definition - and that we can define, for example, that all dates 
must be the timezone which appserver runs in</quote>.</p>

<p>Reinhard agreed <quote who="Reinhard Müller">100% that timezone 
handling is a missing feature in appserver - which would have to be 
implemented by either documenting something, or some changes in 
appserver itself, or (most probably) both. I think it would make 
most sense to make the client responsible to send only UTC time 
values to the server - but then appserver would have to convert 
all automatically set times to UTC, too - like gnue_createdate etc
- which currently is in appserver's local time zone - and I figure 
there's a whole bunch of other problems we might run into if we 
look closer, for example the fact that the date part of a 
datetime value can change when you convert timezones</quote>.</p>

<p>Reinhard concluded <quote who="Reinhard Müller">I think this 
really needs more thinking - also regarding different backends and 
how *they* are able to handle timezones</quote>. Later on, he 
<a href="https://web.archive.org/web/20071111053813/http://www.gnuenterprise.org/roundup/gnue/issue94">documented</a> 
the issue <quote who="Reinhard Müller">as a wishlist item for 
appserver</quote>.</p>

</section>


<section title="Block level focus triggers" subject="[IRC] 03 Apr 2006" archive="http://www.gnuenterprise.org/irc-logs/gnue-public.log.2006-04-03" author="Peter Sullivan" contact="mailto:psu@burdonvale.co.uk" startdate="03 Apr 2006 12:00:00 -0800" enddate="03 Apr 2006 12:00:00 -0800">

<topic>Forms</topic>

<p>Johannes Vetter (johannesV) asked what <quote who="Johannes Vetter">block-level 
focus-triggers</quote> were for in Forms. James Thompson (jamest) replied 
that <quote who="James Thompson">they provide a higher level trigger than per 
entry level - so you could define a trigger that validates that fields x,y,z match 
a specific combo of values - and block navigation if they did</quote> not. In 
other words, <quote who="James Thompson">they fire on any focus change in that 
block</quote>, not just on movement into or out of the block. This meant that, 
if you moved from one entry field to another in the same block, you would fire 
four triggers all at once - the focus-out trigger for the field and block and 
the focus-out trigger for the field and the block. Even if you were moving 
from one field within the block to another field still within the block. This 
was intended to match a similar feature in a proprietary database forms 
software package.</p>

</section>

</kc><!--
     FILE ARCHIVED ON 05:38:13 Nov 11, 2007 AND RETRIEVED FROM THE
     INTERNET ARCHIVE ON 09:22:41 Dec 05, 2018.
     JAVASCRIPT APPENDED BY WAYBACK MACHINE, COPYRIGHT INTERNET ARCHIVE.

     ALL OTHER CONTENT MAY ALSO BE PROTECTED BY COPYRIGHT (17 U.S.C.
     SECTION 108(a)(3)).
-->
<!--
playback timings (ms):
  LoadShardBlock: 104.28 (3)
  esindex: 0.006
  captures_list: 128.213
  CDXLines.iter: 12.785 (3)
  PetaboxLoader3.datanode: 164.531 (4)
  exclusion.robots: 0.258
  exclusion.robots.policy: 0.247
  RedisCDXSource: 8.118
  PetaboxLoader3.resolve: 27.145
  load_resource: 125.226
-->