<?xml version="1.0" ?>

<script src="//archive.org/includes/analytics.js?v=cf34f82" type="text/javascript"></script>
<script type="text/javascript">window.addEventListener('DOMContentLoaded',function(){var v=archive_analytics.values;v.service='wb';v.server_name='wwwb-app22.us.archive.org';v.server_ms=325;archive_analytics.send_pageview({});});</script>
<script type="text/javascript" src="/static/js/ait-client-rewrite.js?v=1543384230.0" charset="utf-8"></script>
<script type="text/javascript">
WB_wombat_Init('https://web.archive.org/web', '20071111061745', 'www.kerneltraffic.org');
</script>
<script type="text/javascript" src="/static/js/wbhack.js?v=1543384230.0" charset="utf-8"></script>
<script type="text/javascript">
__wbhack.init('https://web.archive.org/web');
</script>
<link rel="stylesheet" type="text/css" href="/static/css/banner-styles.css?v=1543384230.0" />
<link rel="stylesheet" type="text/css" href="/static/css/iconochive.css?v=1543384230.0" />
<!-- End Wayback Rewrite JS Include -->
<!-- BEGIN WAYBACK TOOLBAR INSERT -->
<script type="text/javascript" src="/static/js/timestamp.js?v=1543384230.0" charset="utf-8"></script>
<script type="text/javascript" src="/static/js/graph-calc.js?v=1543384230.0" charset="utf-8"></script>
<script type="text/javascript" src="/static/js/auto-complete.js?v=1543384230.0" charset="utf-8"></script>
<script type="text/javascript" src="/static/js/toolbar.js?v=1543384230.0" charset="utf-8"></script>
<style type="text/css">
body {
  margin-top:0 !important;
  padding-top:0 !important;
  /*min-width:800px !important;*/
}
.wb-autocomplete-suggestions {
    text-align: left; cursor: default; border: 1px solid #ccc; border-top: 0; background: #fff; box-shadow: -1px 1px 3px rgba(0,0,0,.1);
    position: absolute; display: none; z-index: 2147483647; max-height: 254px; overflow: hidden; overflow-y: auto; box-sizing: border-box;
}
.wb-autocomplete-suggestion { position: relative; padding: 0 .6em; line-height: 23px; white-space: nowrap; overflow: hidden; text-overflow: ellipsis; font-size: 1.02em; color: #333; }
.wb-autocomplete-suggestion b { font-weight: bold; }
.wb-autocomplete-suggestion.selected { background: #f0f0f0; }
</style>
<div id="wm-ipp" lang="en" style="display:none;direction:ltr;">
<div style="position:fixed;left:0;top:0;right:0;">
<div id="wm-ipp-inside">
  <div style="position:relative;">
    <div id="wm-logo" style="float:left;width:130px;padding-top:10px;">
      <a href="/web/" title="Wayback Machine home page"><img src="/static/images/toolbar/wayback-toolbar-logo.png" alt="Wayback Machine" width="110" height="39" border="0" /></a>
    </div>
    <div class="r" style="float:right;">
      <div id="wm-btns" style="text-align:right;height:25px;">
                  <div id="wm-save-snapshot-success">success</div>
          <div id="wm-save-snapshot-fail">fail</div>
          <a href="#"
             onclick="__wm.saveSnapshot('http://www.kerneltraffic.org/GNUe/gnue20031027_97.xml', '20071111061745')"
             title="Share via My Web Archive"
             id="wm-save-snapshot-open"
          >
            <span class="iconochive-web"></span>
          </a>
          <a href="https://archive.org/account/login.php"
             title="Sign In"
             id="wm-sign-in"
          >
            <span class="iconochive-person"></span>
          </a>
          <span id="wm-save-snapshot-in-progress" class="iconochive-web"></span>
        	<a href="http://faq.web.archive.org/" title="Get some help using the Wayback Machine" style="top:-6px;"><span class="iconochive-question" style="color:rgb(87,186,244);font-size:160%;"></span></a>
	<a id="wm-tb-close" href="#close" onclick="__wm.h(event);return false;" style="top:-2px;" title="Close the toolbar"><span class="iconochive-remove-circle" style="color:#888888;font-size:240%;"></span></a>
      </div>
      <div id="wm-share" style="text-align:right;">
	<a href="#" onclick="window.open('https://www.facebook.com/sharer/sharer.php?u=https://web.archive.org/web/20071111061745/http://www.kerneltraffic.org/GNUe/gnue20031027_97.xml', '', 'height=400,width=600'); return false;" title="Share on Facebook" style="margin-right:5px;" target="_blank"><span class="iconochive-facebook" style="color:#3b5998;font-size:160%;"></span></a>
	<a href="#" onclick="window.open('https://twitter.com/intent/tweet?text=https://web.archive.org/web/20071111061745/http://www.kerneltraffic.org/GNUe/gnue20031027_97.xml&amp;via=internetarchive', '', 'height=400,width=600'); return false;" title="Share on Twitter" style="margin-right:5px;" target="_blank"><span class="iconochive-twitter" style="color:#1dcaff;font-size:160%;"></span></a>
      </div>
    </div>
    <table class="c" style="">
      <tbody>
	<tr>
	  <td class="u" colspan="2">
	    <form target="_top" method="get" action="/web/submit" name="wmtb" id="wmtb"><input type="text" name="url" id="wmtbURL" value="http://www.kerneltraffic.org/GNUe/gnue20031027_97.xml" onfocus="this.focus();this.select();" /><input type="hidden" name="type" value="replay" /><input type="hidden" name="date" value="20071111061745" /><input type="submit" value="Go" /></form>
	  </td>
	  <td class="n" rowspan="2" style="width:110px;">
	    <table>
	      <tbody>
		<!-- NEXT/PREV MONTH NAV AND MONTH INDICATOR -->
		<tr class="m">
		  <td class="b" nowrap="nowrap"><a href="https://web.archive.org/web/20050218003316/http://www.kerneltraffic.org:80/GNUe/gnue20031027_97.xml" title="18 Feb 2005"><strong>Feb</strong></a></td>
		  <td class="c" id="displayMonthEl" title="You are here: 06:17:45 Nov 11, 2007">NOV</td>
		  <td class="f" nowrap="nowrap"><a href="https://web.archive.org/web/20080706080627/http://www.kerneltraffic.org/GNUe/gnue20031027_97.xml" title="06 Jul 2008"><strong>Jul</strong></a></td>
		</tr>
		<!-- NEXT/PREV CAPTURE NAV AND DAY OF MONTH INDICATOR -->
		<tr class="d">
		  <td class="b" nowrap="nowrap"><a href="https://web.archive.org/web/20050218003316/http://www.kerneltraffic.org:80/GNUe/gnue20031027_97.xml" title="00:33:16 Feb 18, 2005"><img src="/static/images/toolbar/wm_tb_prv_on.png" alt="Previous capture" width="14" height="16" border="0" /></a></td>
		  <td class="c" id="displayDayEl" style="width:34px;font-size:24px;white-space:nowrap;" title="You are here: 06:17:45 Nov 11, 2007">11</td>
		  <td class="f" nowrap="nowrap"><a href="https://web.archive.org/web/20080706080627/http://www.kerneltraffic.org/GNUe/gnue20031027_97.xml" title="08:06:27 Jul 06, 2008"><img src="/static/images/toolbar/wm_tb_nxt_on.png" alt="Next capture" width="14" height="16" border="0" /></a></td>
		</tr>
		<!-- NEXT/PREV YEAR NAV AND YEAR INDICATOR -->
		<tr class="y">
		  <td class="b" nowrap="nowrap"><a href="https://web.archive.org/web/20050218003316/http://www.kerneltraffic.org:80/GNUe/gnue20031027_97.xml" title="18 Feb 2005"><strong>2005</strong></a></td>
		  <td class="c" id="displayYearEl" title="You are here: 06:17:45 Nov 11, 2007">2007</td>
		  <td class="f" nowrap="nowrap">2008</td>
		</tr>
	      </tbody>
	    </table>
	  </td>
	</tr>
	<tr>
	  <td class="s">
	    	    <div id="wm-nav-captures">
	      	      <a class="t" href="/web/20071111061745*/http://www.kerneltraffic.org/GNUe/gnue20031027_97.xml" title="See a list of every capture for this URL">3 captures</a>
	      <div class="r" title="Timespan for captures of this URL">18 Feb 2005 - 06 Jul 2008</div>
	      </div>
	  </td>
	  <td class="k">
	    <a href="" id="wm-graph-anchor">
	      <div id="wm-ipp-sparkline" title="Explore captures for this URL" style="position: relative">
		<canvas id="wm-sparkline-canvas" width="575" height="27" border="0"></canvas>
	      </div>
	    </a>
	  </td>
	</tr>
      </tbody>
    </table>
    <div style="position:absolute;bottom:0;right:2px;text-align:right;">
      <a id="wm-expand" class="wm-btn wm-closed" href="#expand" onclick="__wm.ex(event);return false;"><span id="wm-expand-icon" class="iconochive-down-solid"></span> <span style="font-size:80%">About this capture</span></a>
    </div>
  </div>
    <div id="wm-capinfo" style="border-top:1px solid #777;display:none; overflow: hidden">
            <div style="background-color:#666;color:#fff;font-weight:bold;text-align:center">COLLECTED BY</div>
    <div style="padding:3px;position:relative" id="wm-collected-by-content">
            <div style="display:inline-block;vertical-align:top;width:50%;">
			<span class="c-logo" style="background-image:url(https://archive.org/services/img/webwidecrawl);"></span>
		Organization: <a style="color:#33f;" href="https://archive.org/details/webwidecrawl" target="_new"><span class="wm-title">Internet Archive</span></a>
		<div style="max-height:75px;overflow:hidden;position:relative;">
	  <div style="position:absolute;top:0;left:0;width:100%;height:75px;background:linear-gradient(to bottom,rgba(255,255,255,0) 0%,rgba(255,255,255,0) 90%,rgba(255,255,255,255) 100%);"></div>
	  The Internet Archive discovers and captures web pages through many different web crawls.

At any given time several distinct crawls are running, some for months, and some every day or longer.

View the web archive through the <a href="http://archive.org/web/web.php">Wayback Machine</a>.
	</div>
	      </div>
      <div style="display:inline-block;vertical-align:top;width:49%;">
			<span class="c-logo" style="background-image:url(https://archive.org/services/img/aroundtheworldcrawl)"></span>
		<div>Collection: <a style="color:#33f;" href="https://archive.org/details/aroundtheworldcrawl" target="_new"><span class="wm-title">Around The World Crawl</span></a></div>
		<div style="max-height:75px;overflow:hidden;position:relative;">
	  <div style="position:absolute;top:0;left:0;width:100%;height:75px;background:linear-gradient(to bottom,rgba(255,255,255,0) 0%,rgba(255,255,255,0) 90%,rgba(255,255,255,255) 100%);"></div>
	  Data crawled by Sloan Foundation on behalf of Internet Archive
<br /><br />
	</div>
	      </div>
    </div>
    <div style="background-color:#666;color:#fff;font-weight:bold;text-align:center" title="Timestamps for the elements of this page">TIMESTAMPS</div>
    <div>
      <div id="wm-capresources" style="margin:0 5px 5px 5px;max-height:250px;overflow-y:scroll !important"></div>
      <div id="wm-capresources-loading" style="text-align:left;margin:0 20px 5px 5px;display:none"><img src="/static/images/loading.gif" alt="loading" /></div>
    </div>
  </div></div></div></div><script type="text/javascript">
__wm.bt(575,27,25,2,"web","http://www.kerneltraffic.org/GNUe/gnue20031027_97.xml","2007-11-11",1996);
</script>
<!-- END WAYBACK TOOLBAR INSERT --><kc>

<title>GNUe Traffic</title>

<author contact="mailto:arturas@gsk.vtu.lt">Arturas Kriukovas</author>

<issue num="97" date="27 Oct 2003 00:00:00 -0800"/>


<intro>
  This covers the three main mailing lists for the <a href="https://web.archive.org/web/20071111061745/http://www.gnuenterprise.org/">GNU Enterprise</a> project, plus the #gnuenterprise IRC channel.
</intro>


<section title="Datetime/timestamp issues" subject="[IRC] 19 Oct 2003" archive="http://www.gnuenterprise.org/irc-logs/gnue-public.log.19Oct2003" author="Arturas Kriukovas" contact="mailto:arturas@gsk.vtu.lt" startdate="19 Oct 2003 04:00:00 -0800" enddate="19 Oct 2003 04:00:00 -0800">

<topic>Datetime or timestamp?</topic>

<p>Bajusz Tam&#0225;s (btami) said he was <quote who="Bajusz Tamás">a little confused about datetime/timestamp in schema.sxw and in scripter timestamp is preferred, but</quote> datetime is used in sample.gsd. Reinhard M&#252;ller (Reinhard) explained he had <quote who="Reinhard Müller">only looked at the xsl files - they had datetime (some of them also had timestamp IIRC).</quote> He promised to change datetime to timestamp.</p>
<p>Bajusz noticed he was <quote who="Bajusz Tamás">testing
appserver on XP with firebird and got an error:
<p>DB000:   File "c:\python23\lib\xmlrpclib.py", line 742, in close<br/>
DB000:     raise Fault(**self._stack[0])<br/>
DB000: xmlrpclib.Fault: &lt;Fault 1: "exceptions.Exception:Database returned
invalid value '&lt;DateTimeDelta object for '19:00:00.00' at c88e30&gt;' for
property 'address_meettime'"&gt;</p>
</quote>
He was running sample.gfd's &lt;Show record&gt;. Address_meettime column type in the database was time, with kinterbasedb driver. Reinhard said that <quote who="Reinhard Müller">other dbdrivers return an object of type DateTime for time columns, kinterbasedb seems to return a DateTimeDelta</quote>. He committed a fix for this.</p>
</section>


<section title="GNUe wx forms commit bug fix" subject="[IRC] 20 Oct 2003" archive="http://www.gnuenterprise.org/irc-logs/gnue-public.log.20Oct2003" author="Arturas Kriukovas" contact="mailto:arturas@gsk.vtu.lt" startdate="20 Oct 2003 04:00:00 -0800" enddate="20 Oct 2003 04:00:00 -0800">

<topic>Form bug fix</topic>

<p>Reinhard M&#252;ller (Reinhard) noticed that when he changes 
<quote who="Reinhard Müller">a field in a form and then *without* 
moving the focus away from the changed field</quote> he commits the record, 
<quote who="Reinhard Müller">then the diskette icon doesn't grey out 
after committing</quote>. 
<quote who="Reinhard Müller">A similar effect is that after deleting a 
record, the commit button remains greyed out and one has to jump to 
another record to make the button active to be able to commit at all</quote>.  
After a small discussion with jcater, fixes to GFInstance.py and GFForm.py 
were committed.</p>
</section>


<section title="Pre-release discussion" subject="[IRC] 22 Oct 2003" archive="http://www.gnuenterprise.org/irc-logs/gnue-public.log.22Oct2003" author="Arturas Kriukovas" contact="mailto:arturas@gsk.vtu.lt" startdate="22 Oct 2003 04:00:00 -0800" enddate="22 Oct 2003 04:00:00 -0800">

<topic>Misc topics discussed before release</topic>

<mention>Bajusz Tam&#0225;s</mention>

<p>Reinhard M&#252;ller (Reinhard) announced that Bajusz Tam&#0225;s<quote who="Reinhard Müller">installed successfully on windows. IMHO we can do releases as soon as jbailey confirms that debian packages are ok</quote>. Jeff Bailey (jbailey) said his biggest problem was that <quote who="Jeff Bailey">the pre-release version numbers are older than the numbering that I used (because I did 0.5.1.20031001). So it's quite difficult for me to test them. So I'm inclined to ask you guys to just release, and we'll run with it.</quote> It appears <quote who="Reinhard Müller">0.5.1.20031001 is greater than 0.5.1.99-pre2</quote>. Reinhard asked Jeff to <quote who="Reinhard Müller">confirm that doing the debs runs ok with the tarballs i.e. that we didn't forget a file or something like that</quote>. After some time, an interesting problem appeared: <quote who="Jeff Bailey">gnue-forms-wxgtk: executable-not-elf-or-script ./usr/share/doc/gnue-forms/examples/intro/PigLatinPublicDomain.txt</quote>. Reinhard agreed that <quote who="Reinhard Müller">a lot of files have the executable bit set that shouldn't IMHO like COPYING and ChangeLog, and INSTALL, and NEWS</quote>. Decision was taken to ignore this at the moment, but <quote who="Jeff Bailey">fix it in all the CVSs in the next few weeks.</quote> No other errors were noticed.</p>
<p>On Sunday, Reinhard announced, that 0.5.2 releases are made.</p>
</section>


</kc>
<!--
     FILE ARCHIVED ON 06:17:45 Nov 11, 2007 AND RETRIEVED FROM THE
     INTERNET ARCHIVE ON 09:23:24 Dec 05, 2018.
     JAVASCRIPT APPENDED BY WAYBACK MACHINE, COPYRIGHT INTERNET ARCHIVE.

     ALL OTHER CONTENT MAY ALSO BE PROTECTED BY COPYRIGHT (17 U.S.C.
     SECTION 108(a)(3)).
-->
<!--
playback timings (ms):
  LoadShardBlock: 209.812 (3)
  esindex: 0.01
  captures_list: 229.387
  CDXLines.iter: 11.804 (3)
  PetaboxLoader3.datanode: 276.686 (4)
  exclusion.robots: 0.371
  exclusion.robots.policy: 0.353
  RedisCDXSource: 2.066
  load_resource: 79.565
-->