<?xml version="1.0" ?>

<script src="//archive.org/includes/analytics.js?v=cf34f82" type="text/javascript"></script>
<script type="text/javascript">window.addEventListener('DOMContentLoaded',function(){var v=archive_analytics.values;v.service='wb';v.server_name='wwwb-app57.us.archive.org';v.server_ms=1461;archive_analytics.send_pageview({});});</script>
<script type="text/javascript" src="/static/js/ait-client-rewrite.js?v=1543384230.0" charset="utf-8"></script>
<script type="text/javascript">
WB_wombat_Init('https://web.archive.org/web', '20071111045810', 'www.kerneltraffic.org');
</script>
<script type="text/javascript" src="/static/js/wbhack.js?v=1543384230.0" charset="utf-8"></script>
<script type="text/javascript">
__wbhack.init('https://web.archive.org/web');
</script>
<link rel="stylesheet" type="text/css" href="/static/css/banner-styles.css?v=1543384230.0" />
<link rel="stylesheet" type="text/css" href="/static/css/iconochive.css?v=1543384230.0" />
<!-- End Wayback Rewrite JS Include -->
<!-- BEGIN WAYBACK TOOLBAR INSERT -->
<script type="text/javascript" src="/static/js/timestamp.js?v=1543384230.0" charset="utf-8"></script>
<script type="text/javascript" src="/static/js/graph-calc.js?v=1543384230.0" charset="utf-8"></script>
<script type="text/javascript" src="/static/js/auto-complete.js?v=1543384230.0" charset="utf-8"></script>
<script type="text/javascript" src="/static/js/toolbar.js?v=1543384230.0" charset="utf-8"></script>
<style type="text/css">
body {
  margin-top:0 !important;
  padding-top:0 !important;
  /*min-width:800px !important;*/
}
.wb-autocomplete-suggestions {
    text-align: left; cursor: default; border: 1px solid #ccc; border-top: 0; background: #fff; box-shadow: -1px 1px 3px rgba(0,0,0,.1);
    position: absolute; display: none; z-index: 2147483647; max-height: 254px; overflow: hidden; overflow-y: auto; box-sizing: border-box;
}
.wb-autocomplete-suggestion { position: relative; padding: 0 .6em; line-height: 23px; white-space: nowrap; overflow: hidden; text-overflow: ellipsis; font-size: 1.02em; color: #333; }
.wb-autocomplete-suggestion b { font-weight: bold; }
.wb-autocomplete-suggestion.selected { background: #f0f0f0; }
</style>
<div id="wm-ipp" lang="en" style="display:none;direction:ltr;">
<div style="position:fixed;left:0;top:0;right:0;">
<div id="wm-ipp-inside">
  <div style="position:relative;">
    <div id="wm-logo" style="float:left;width:130px;padding-top:10px;">
      <a href="/web/" title="Wayback Machine home page"><img src="/static/images/toolbar/wayback-toolbar-logo.png" alt="Wayback Machine" width="110" height="39" border="0" /></a>
    </div>
    <div class="r" style="float:right;">
      <div id="wm-btns" style="text-align:right;height:25px;">
                  <div id="wm-save-snapshot-success">success</div>
          <div id="wm-save-snapshot-fail">fail</div>
          <a href="#"
             onclick="__wm.saveSnapshot('http://www.kerneltraffic.org/GNUe/gnue20011222_8.xml', '20071111045810')"
             title="Share via My Web Archive"
             id="wm-save-snapshot-open"
          >
            <span class="iconochive-web"></span>
          </a>
          <a href="https://archive.org/account/login.php"
             title="Sign In"
             id="wm-sign-in"
          >
            <span class="iconochive-person"></span>
          </a>
          <span id="wm-save-snapshot-in-progress" class="iconochive-web"></span>
        	<a href="http://faq.web.archive.org/" title="Get some help using the Wayback Machine" style="top:-6px;"><span class="iconochive-question" style="color:rgb(87,186,244);font-size:160%;"></span></a>
	<a id="wm-tb-close" href="#close" onclick="__wm.h(event);return false;" style="top:-2px;" title="Close the toolbar"><span class="iconochive-remove-circle" style="color:#888888;font-size:240%;"></span></a>
      </div>
      <div id="wm-share" style="text-align:right;">
	<a href="#" onclick="window.open('https://www.facebook.com/sharer/sharer.php?u=https://web.archive.org/web/20071111045810/http://www.kerneltraffic.org/GNUe/gnue20011222_8.xml', '', 'height=400,width=600'); return false;" title="Share on Facebook" style="margin-right:5px;" target="_blank"><span class="iconochive-facebook" style="color:#3b5998;font-size:160%;"></span></a>
	<a href="#" onclick="window.open('https://twitter.com/intent/tweet?text=https://web.archive.org/web/20071111045810/http://www.kerneltraffic.org/GNUe/gnue20011222_8.xml&amp;via=internetarchive', '', 'height=400,width=600'); return false;" title="Share on Twitter" style="margin-right:5px;" target="_blank"><span class="iconochive-twitter" style="color:#1dcaff;font-size:160%;"></span></a>
      </div>
    </div>
    <table class="c" style="">
      <tbody>
	<tr>
	  <td class="u" colspan="2">
	    <form target="_top" method="get" action="/web/submit" name="wmtb" id="wmtb"><input type="text" name="url" id="wmtbURL" value="http://www.kerneltraffic.org/GNUe/gnue20011222_8.xml" onfocus="this.focus();this.select();" /><input type="hidden" name="type" value="replay" /><input type="hidden" name="date" value="20071111045810" /><input type="submit" value="Go" /></form>
	  </td>
	  <td class="n" rowspan="2" style="width:110px;">
	    <table>
	      <tbody>
		<!-- NEXT/PREV MONTH NAV AND MONTH INDICATOR -->
		<tr class="m">
		  <td class="b" nowrap="nowrap"><a href="https://web.archive.org/web/20051123100049/http://www.kerneltraffic.org:80/GNUe/gnue20011222_8.xml" title="23 Nov 2005"><strong>Nov</strong></a></td>
		  <td class="c" id="displayMonthEl" title="You are here: 04:58:10 Nov 11, 2007">NOV</td>
		  <td class="f" nowrap="nowrap">Dec</td>
		</tr>
		<!-- NEXT/PREV CAPTURE NAV AND DAY OF MONTH INDICATOR -->
		<tr class="d">
		  <td class="b" nowrap="nowrap"><a href="https://web.archive.org/web/20051123100049/http://www.kerneltraffic.org:80/GNUe/gnue20011222_8.xml" title="10:00:49 Nov 23, 2005"><img src="/static/images/toolbar/wm_tb_prv_on.png" alt="Previous capture" width="14" height="16" border="0" /></a></td>
		  <td class="c" id="displayDayEl" style="width:34px;font-size:24px;white-space:nowrap;" title="You are here: 04:58:10 Nov 11, 2007">11</td>
		  <td class="f" nowrap="nowrap"><img src="/static/images/toolbar/wm_tb_nxt_off.png" alt="Next capture" width="14" height="16" border="0" /></td>
		</tr>
		<!-- NEXT/PREV YEAR NAV AND YEAR INDICATOR -->
		<tr class="y">
		  <td class="b" nowrap="nowrap"><a href="https://web.archive.org/web/20051123100049/http://www.kerneltraffic.org:80/GNUe/gnue20011222_8.xml" title="23 Nov 2005"><strong>2005</strong></a></td>
		  <td class="c" id="displayYearEl" title="You are here: 04:58:10 Nov 11, 2007">2007</td>
		  <td class="f" nowrap="nowrap">2008</td>
		</tr>
	      </tbody>
	    </table>
	  </td>
	</tr>
	<tr>
	  <td class="s">
	    	    <div id="wm-nav-captures">
	      	      <a class="t" href="/web/20071111045810*/http://www.kerneltraffic.org/GNUe/gnue20011222_8.xml" title="See a list of every capture for this URL">7 captures</a>
	      <div class="r" title="Timespan for captures of this URL">30 Apr 2003 - 11 Nov 2007</div>
	      </div>
	  </td>
	  <td class="k">
	    <a href="" id="wm-graph-anchor">
	      <div id="wm-ipp-sparkline" title="Explore captures for this URL" style="position: relative">
		<canvas id="wm-sparkline-canvas" width="575" height="27" border="0"></canvas>
	      </div>
	    </a>
	  </td>
	</tr>
      </tbody>
    </table>
    <div style="position:absolute;bottom:0;right:2px;text-align:right;">
      <a id="wm-expand" class="wm-btn wm-closed" href="#expand" onclick="__wm.ex(event);return false;"><span id="wm-expand-icon" class="iconochive-down-solid"></span> <span style="font-size:80%">About this capture</span></a>
    </div>
  </div>
    <div id="wm-capinfo" style="border-top:1px solid #777;display:none; overflow: hidden">
            <div style="background-color:#666;color:#fff;font-weight:bold;text-align:center">COLLECTED BY</div>
    <div style="padding:3px;position:relative" id="wm-collected-by-content">
            <div style="display:inline-block;vertical-align:top;width:50%;">
			<span class="c-logo" style="background-image:url(https://archive.org/services/img/webwidecrawl);"></span>
		Organization: <a style="color:#33f;" href="https://archive.org/details/webwidecrawl" target="_new"><span class="wm-title">Internet Archive</span></a>
		<div style="max-height:75px;overflow:hidden;position:relative;">
	  <div style="position:absolute;top:0;left:0;width:100%;height:75px;background:linear-gradient(to bottom,rgba(255,255,255,0) 0%,rgba(255,255,255,0) 90%,rgba(255,255,255,255) 100%);"></div>
	  The Internet Archive discovers and captures web pages through many different web crawls.

At any given time several distinct crawls are running, some for months, and some every day or longer.

View the web archive through the <a href="http://archive.org/web/web.php">Wayback Machine</a>.
	</div>
	      </div>
      <div style="display:inline-block;vertical-align:top;width:49%;">
			<span class="c-logo" style="background-image:url(https://archive.org/services/img/aroundtheworldcrawl)"></span>
		<div>Collection: <a style="color:#33f;" href="https://archive.org/details/aroundtheworldcrawl" target="_new"><span class="wm-title">Around The World Crawl</span></a></div>
		<div style="max-height:75px;overflow:hidden;position:relative;">
	  <div style="position:absolute;top:0;left:0;width:100%;height:75px;background:linear-gradient(to bottom,rgba(255,255,255,0) 0%,rgba(255,255,255,0) 90%,rgba(255,255,255,255) 100%);"></div>
	  Data crawled by Sloan Foundation on behalf of Internet Archive
<br /><br />
	</div>
	      </div>
    </div>
    <div style="background-color:#666;color:#fff;font-weight:bold;text-align:center" title="Timestamps for the elements of this page">TIMESTAMPS</div>
    <div>
      <div id="wm-capresources" style="margin:0 5px 5px 5px;max-height:250px;overflow-y:scroll !important"></div>
      <div id="wm-capresources-loading" style="text-align:left;margin:0 20px 5px 5px;display:none"><img src="/static/images/loading.gif" alt="loading" /></div>
    </div>
  </div></div></div></div><script type="text/javascript">
__wm.bt(575,27,25,2,"web","http://www.kerneltraffic.org/GNUe/gnue20011222_8.xml","2007-11-11",1996);
</script>
<!-- END WAYBACK TOOLBAR INSERT --><kc>

<title>GNUe Traffic</title>

<author contact="mailto:psu@manorcon.demon.co.uk">Peter Sullivan</author>

<issue num="8" date="22 Dec 2001 00:00:00 -0800"/>

<headquote>
Appalling pun of the week: 
&quot;Just a hint for all you guys: 
don't shake up the hot sauce bottle unless you are fairly sure 
the lid is on it&quot;
&quot;Just shows how dangerous open sauce is as opposed to closed 
sauce&quot;
</headquote>

<intro>

<p>This Cousin covers the three main mailing lists for the GNU 
Enterprise project, gnue, gnue-dev and gnue-announce. For more 
information about GNUe, see their home page at 
<a href="https://web.archive.org/web/20071111045810/http://www.gnuenterprise.org/">
http://www.gnuenterprise.org</a>. Details of the mailing lists 
can be found at 
<a href="https://web.archive.org/web/20071111045810/http://mail.gnu.org/mailman/listinfo/gnue">
http://mail.gnu.org/mailman/listinfo/gnue</a>, 
<a href="https://web.archive.org/web/20071111045810/http://mail.gnu.org/mailman/listinfo/gnue-dev">
http://mail.gnu.org/mailman/listinfo/gnue-dev</a>,
<a href="https://web.archive.org/web/20071111045810/http://mail.gnu.org/mailman/listinfo/gnue-announce">
http://mail.gnu.org/mailman/listinfo/gnue-announce</a>.</p>

<p>It also covers, on an intermittant basis (i.e. when I have 
time), the #gnuenterprise IRC channel. A great deal of 
development discussion is still going on in IRC. You can find 
#gnuenterprise on irc.openprojects.net:6667, or you can review 
the logs at <a href="https://web.archive.org/web/20071111045810/http://www.gnuenterprise.org/irc-logs/">
http://www.gnuenterprise.org/irc-logs/</a>.</p>

</intro>

<section title="Friendly and Unfriendly Packages" subject="[gnue-discuss] Overview Text Versiion 3.0" archive="http://mail.gnu.org/pipermail/gnue/2001-December/002907.html" posts="1" startdate="12 Dec 2001 22:54:28 -0800" enddate="12 Dec 2001 22:54:28 -0800">
<topic>Why GNUe?</topic>

<mention>Richard Stallman</mention>

<p>Further to 
<kcref subject="[gnue-discuss] Overview Text Versiion 3.0" startdate="30 Nov 2001 17:53:46 -0800"/>,
Derek Neighbors said that licensing <strong>was</strong> an issue in determining
friendly/unfriendly packages. Based on his original discussions
with Richard Stallman, the categories would be:</p>

<quote who="Derek Neighbors">
<dl>
<dt>Preferred</dt>
   <dd>Is GPL and meets our standards.</dd>
<dt>Friendly</dt>
   <dd>Is Free Software other than GPL and meets our standards.</dd>
<dt>UnFriendly</dt>
   <dd>Is Free Software of any kind that doesnt meet our standards.</dd>
</dl>
</quote>

</section>


<section title="Human Resources draft proposal" subject="Comments on the HR Draft" archive="http://mail.gnu.org/pipermail/gnue/2001-December/002880.html" posts="10" startdate="11 Dec 2001 10:06:27 -0800" enddate="12 Dec 2001 20:48:25 -0800">

<topic>Human Resources</topic>
<topic>Application Server</topic>

<p>Derek Neighbors commented on <quote who="Derek Neighbors">section 2.1.7 
Business Object Definitions...</quote>. He wasn't sure how to handle 
re-hires. Mark Smith felt <quote who="Mark Smith">it would be good to make
the re-hire process as streamlined as possible, avoiding rekeying of data
wherever possible.</quote> Derek agreed.</p>

<p>Derek also asked what a 'post' was in this context. Mark explained 
<quote who="Mark Smith">Post equals jobcode/title</quote> but he was open to 
better terminology here. He explained <quote who="Mark Smith">Job data (Job 
Title, Job Hours, Job Minimum Qualifications, etc) can exist independently of 
the employee, as when a job is vacant.</quote> However, smaller organisations 
might not have formal posts - <quote who="Mark Smith">They would prefer just to 
give a person/contract a job title, and leave it at that.</quote> However, allowing 
for both ways of working meant <quote who="Mark Smith">the same data (e.g. job 
title) could be held in two different Classes, the Contract and the Job</quote>.
Derek suggested <quote who="Derek Neighbors">I think the right way to do it woudl 
be to have the person and the job be separate, but in the template for a smaller 
company we make the information for postion/employee all be on one screen so they 
dont 'think' they are putting in different classes.  This way if they grow 
and decide to change their mind they arent redoing data structures, but 
rather just using different forms.</quote></p>

<p>Mark wondered if <quote who="Mark Smith">the best way to get a clear
overview is to draft out the key Classes in the whole package at once,
rather than try a module by module approach</quote> Derek said 
<quote who="Derek Neighbors">I think the current approach is ok.  
We have 'base' classes that are really used if you have things that are spanning 
across multiple packages like person class. I do wonder if we might need package 
bases as well</quote> as the overall GNUe base module.</p> 

<p>Derek had initially suggested that <quote who="Derek Neighbors">Details from 
former employment should include pay information, possibly for several previous 
employers.</quote> Mark explained <quote who="Mark Smith">My understanding is that 
Payroll will definitely want pay info from the last job, especially total tax paid 
this tax year</quote>, but probably not back beyond that. Derek said 
<quote who="Derek Neighbors">At least in the states this is not a 
requirement.</quote></p>

<p>Todd Boyle asked <quote who="Todd Boyle">Will GNUE HR interfaces or 
data model converge with <a href="https://web.archive.org/web/20071111045810/http://www.hr-xml.org/channels/home.htm">
hr-xml</a> information structures?</quote> Derek said 
<quote who="Derek Neighbors">Just like ebXML and ALL other standards GNUe
can/will conform.</quote> Personally, he thought 
<quote who="Derek Neighbors">datastorage via xml is a bad idea, but we 
already today in (reporter) and later in integrator will have means to 
set a fixed mapping output to virtually anything, including 
XML.</quote></p>

<p>Derek also initially thought <quote who="Derek Neighbors">things like 
relationship/status etc</quote> should be immediately after the class 
that referenced them - <quote who="Derek Neighbors">That or make better 
comments for them. :)</quote>. Neil Tiffin said <quote who="Neil Tiffin">The 
original parser required them first</quote> but he thought this was 
no longer the case. Reinhard M&#252;ller disagreed, saying
<quote who="Reinhard Müller">Before you can reference something, you 
have to define what it is.</quote> Neil asked about circular references. 
Reinhard said <quote who="Reinhard Müller">We will be able to do this.
However, I would guess that most of the circular references are merely a 
workaround for missing features in the geas interface</quote>. Derek said 
<quote who="Derek Neighbors">My major point was to avoid confusion, 
regardless of processing order, if we just put in the comments what classes 
used it, perhaps that would be sufficient.</quote> After giving an example, 
he said <quote who="Derek Neighbors">In fact, if we made these type of headers 
'standard', we could then create a doc tool, that built 'docs' off a gcd, 
that had links to what is used by what, etc etc etc...</quote></p>

</section>


<section title="Empty Queries with GNUe Application Server" subject="[IRC] 13 Dec 2001" archive="http://www.gnuenterprise.org/irc-logs/gnue-public.log.13Dec2001" startdate="13 Dec 2001 00:00:00 -0800" enddate="13 Dec 2001 00:00:00 -0800">

<topic>Application Server</topic>

<p>Further to 
<kcref title="Segmentation faults with GNUe Application Server" startdate="10 Dec 2001 00:00:00 -0800"/>, 
Reinhard M&#252;ller (reinhard) said <quote who="Reinhard Müller">i 
fixed your geas segfault</quote>, which had, as expected, been to do 
with trying to execute empty queries. He added 
<quote who="Reinhard Müller">btw geas still doesn't do any meaningful 
when executing an empty query - just it survives now</quote>.</p>

</section>


<section title="Python 2.x dependancy for GNUe Forms" subject="[IRC] 13 Dec 2001" archive="http://www.gnuenterprise.org/irc-logs/gnue-public.log.13Dec2001" startdate="13 Dec 2001 00:00:00 -0800" enddate="13 Dec 2001 00:00:00 -0800">

<topic>Forms</topic>

<mention>Jason Pattie</mention>

<p>Jason Pattie (pattieja) was having problems with the Python 
dependancy for GNUe Forms. James Thompson (jamest) said that GNUe 
Forms needed a specific version of Python. Derek Neighbors (dneighbo) 
said <quote who="Derek Neighbors">we created an 'ugly' but good 
dependency in moving to pyhton &gt; 2.0</quote>. If you already had 
python 1.x, <quote who="Derek Neighbors">then when installing things 
invariably they go in wrong places :) - i solved this on red hat by 
just instalilng everything from source</quote> using the 
<quote who="Derek Neighbors">actual tarballs - though you SHOULDNT 
have to do that</quote>. There was some general discussion about the 
relative merits of Red Hat rpm and Debian apt-get. James said he had 
<quote who="James Thompson">installed as may python requirements as 
binary - then the last few things missing as source</quote>.</p>

<p><a href="https://web.archive.org/web/20071111045810/http://www.gnuenterprise.org/irc-logs/gnue-public.log.17Dec2001">
Four days later</a>, Phil Cole (fil_c) asked <quote who="Phil Cole">Could 
Python2 use Python-1.5 PyXML libs?</quote>
James Thompson (jamest) said <quote who="James Thompson">you 
could copy the precompiled files but you'll get lots of 
warnings about differences in the API IIRC</quote>
Derek Neighbors (dneighbo) suggested 
<quote who="Derek Neighbors">i would grab pyxml tar from sourceforge</quote>, 
as Red Hat RPMs for python were not very stable at the 
time of writing, <quote who="Derek Neighbors">as python is in a state 
of moving from 1.5.2 to 2.x as official</quote> release within Red Hat - 
there had been similar issues with Debian the previous month. Phil went 
<quote who="Phil Cole">off to sourceforge</quote>. 
Derek said <quote who="Derek Neighbors">i 
REALLY apologize for the inconvience, i know it 'pisses me off' when 
stuff has dependencies or is a pain to install - we made the choice to 
go python 2.x because it brought us some much desired functionality and
we dont expect gnue to ship with any distros until 1.5.2 has been moved
and 2.x replaces in the distro's anyhow - 'unfortunately' it means a 
little rougher first time experience in the interim :(</quote>
He normally did the RedHat testing, but had actually upgraded 
python to 2.x by using source code. He felt often RedHat rpms 
tended to ask for unecessary upgrades - <quote who="Derek Neighbors">they 
'try' to understand 'dependencies' but what they 
really mean are what was on the 'authors' machine</quote>.
He said <quote who="Derek Neighbors">believe me the long term of GNUe 
is that no one has to fight like this to install things :)
- the windows installer is a good example of this
- i think my 3 year old might be able to handle the windows 
install</quote>. He said that the setup.py file 
<quote who="Derek Neighbors">bitches hey python 2.x isnt installed</quote>, 
but could be made more sophisticated and check other possible python problems. 
Jason Cater (jcater) said <quote who="Jason Cater">the 
whole thing needs reworking and I've started some stuff wrt that</quote></p>

</section>


<section title="GNUe and the GNU Public License" subject="[IRC] 13 Dec 2001" archive="http://www.gnuenterprise.org/irc-logs/gnue-public.log.13Dec2001" startdate="13 Dec 2001 00:00:00 -0800" enddate="13 Dec 2001 00:00:00 -0800">

<topic>Why GNUe?</topic>

<p>Daniel Baumann (chillywilly) said free software did not have to be 
non-commercial - <quote who="Daniel Baumann">I think some ppl plan on 
selling GNUe solutions </quote>. Peter Sullivan (psu) said GNUe's 
motto could be <quote who="Peter Sullivan">we don't sell software, we 
sell solutions</quote> but felt that <quote who="Peter Sullivan">sounds 
awfully like a prop ERP vendor's tagline - except that a GNUe 
consultant actually means it...</quote> Ulrich Ech (jack-e) said 
<quote who="Ulrich Ech">i like the idea to share work on the basics 
(gnue for example) but i cannot see any way to keep on my business if 
i cannot sell an app that is build on these basics ..</quote> 
Charles Rouzer (Mr_You) said <quote who="Charles Rouzer">I believe 
any/every company has a right to charge for their work for 
compensation (people gots ta eat), but greatly appreciate those 
companies that &quot;free&quot; their software after reasonable 
compensation.</quote> He added <quote who="Charles Rouzer"> I 
believe you will find higher profits focusing on services versus a 
packaged product - software is and should be a commodity</quote>
James Thompson (jamest) said the way he worked was that 
<quote who="James Thompson">they get a cut rate as long as anything I 
do for them goes back to gnue [...] so lots of work I do in forms 
that's generic doesn't cost them a dime - however screens created in 
forms that they use they are charged for</quote>.</p>

<p>Ulrich explained he was planning to use GNUe for an Account 
Management package, and asked <quote who="Ulrich Ech">can i sell this 
app (giving sources to my customers .. python won't let me another 
choice) to a number of companies ????</quote> He was willing to 
contribute back things that could be usefully generically
like <quote who="Ulrich Ech">the sapdb-driver</quote> and enhancements 
to GNUe Common. Jason Cater (jcater) said, based on how Ulrich had 
described it, <quote who="Jason Cater">AFAIK, all that is within the 
bounds of GPL wrt GNUe</quote> but pointed out that GNUe was looking 
at Account Management too - <quote who="Jason Cater">I'm not saying 
&quot;Don't do it&quot;... I'm just making sure you are aware that we 
will do similar stuff</quote></p>

<p>James said <quote who="James Thompson">i see no problem with you 
making &quot;closed&quot; .gfd and .gcd files</quote> - people could 
even <quote who="James Thompson">modify our parsers to only accept 
digitally encrypted/signed gfd files and donate that code back [...] 
then you could distribute encrypted/closed gfd's that your customer 
couldn't read via normal means</quote>. Charles clarified 
<quote who="Charles Rouzer">any modification of source code must 
follow GPL, applications written using GNUe Designer (.gfd, .gcd) can 
have their own license and be commercial/proprietary if you 
want</quote>.</p>

</section>


<section title="GNUe Forms User Interface re-write" subject="[IRC] 13 Dec 2001" archive="http://www.gnuenterprise.org/irc-logs/gnue-public.log.13Dec2001" startdate="13 Dec 2001 00:00:00 -0800" enddate="13 Dec 2001 00:00:00 -0800">

<topic>Forms</topic>

<p>James Thompson (jamest) confirmed that <quote who="James Thompson">the 
UI rewrite is underway</quote> for GNUe Forms. However, he was 
trying to keep it simple - <quote who="James Thompson">I really don't 
want to see a widgetfest in forms</quote>. He said 
<quote who="James Thompson">one of my major complaints about widget 
sets is that 20% of what they give you can do 80% of your needs</quote>. 
The rest just increased complexity and encouraged designers to play. 
So he wanted <quote who="James Thompson">to keep the forms UI lean and 
very focused on making data aware apps very very easy to write</quote>.
Ulrich Ech (jack-e) suggested <quote who="Ulrich Ech">but perhaps one 
could write forms it in a way that the it is easy to include into more 
&quot;advanced&quot; applications than just data-in/output ...</quote>. 
James said he wouldn't object to this, 
<quote who="James Thompson">I'm just saying that we'll (hopefully) 
keep the focus on making the basic business tasks (writing interfaces 
to get data into the system) very very easy and the other stuff may 
make you work a bit harder</quote>. Even as of writing, 
<quote who="James Thompson">you can make a forms trigger do anything 
python can do</quote>. Another benefit of <quote who="James Thompson">keeping 
the UI simple - the same file worked seemlessly on text and 
gui platforms</quote> and <quote who="James Thompson">with madlockes 
work with html clients we'll soon (hopefully) have a web interface as 
well</quote>, all using the same forms definitions.</p>

</section>


<section title="Storing GNUe definitions in a database" subject="[IRC] 13 Dec 2001" archive="http://www.gnuenterprise.org/irc-logs/gnue-public.log.13Dec2001" startdate="13 Dec 2001 00:00:00 -0800" enddate="13 Dec 2001 00:00:00 -0800">

<topic>Forms</topic>
<topic>Application Server</topic>

<p>Charles Rouzer (Mr_You) asked <quote who="Charles Rouzer">does 
anyone have any problems with storing GNUe definition files inside
a database?</quote>. This would help security. Derek Neighbors 
(dneighbo) said he personally wasn't keen. 
<quote who="Derek Neighbors">i think we all agreed that would be an 
'option' - perhaps even the default - but we would never remove the 
ability to have .gfd, .gcd, etc be files</quote>. He felt having them 
as files made remote maintenance via a secure shell much easier 
<quote who="Derek Neighbors">when im on the beach in hawaii</quote>.
Charles said he thought in any case <quote who="Charles Rouzer">that 
password encryption of the GEAS user's password inside the geas 
config file should be encryptable [...] thats your first line of 
defense against a box that has been rooted</quote>. Neil Tiffin agreed,
and asked Charles to <quote who="Neil Tiffin"> send some 
code</quote>.</p>

</section>


<section title="TODO list for GNUe" subject="[IRC] 13 Dec 2001" archive="http://www.gnuenterprise.org/irc-logs/gnue-public.log.13Dec2001" startdate="13 Dec 2001 00:00:00 -0800" enddate="13 Dec 2001 00:00:00 -0800">

<topic>Forms</topic>
<topic>Application Server</topic>

<p>Neil Tiffin shared his latest TO DO list:</p>

<quote who="Neil Tiffin">
<ul>
<li>change objectstore and oql into a reusable database abstraction 
library</li>
<li>enable calculated fields</li>
<li>make the whole thing thread-safe</li>
<li>store object definitions in the database instead of gcd files</li>
<li>implement multi company</li>
<li>implement a security concept</li>
<li>database fault tolerance</li>
<li>transaction support</li>
<li>load balancing</li>
<li>database access monitoring (logging of all db operations)</li>
<li>administration tool (provide number of users etc. and some 
administrative operations as pseudo-businessobjects)</li>
<li>be able to point object field defaults to a company parameter 
list or defaults located in the GEAS.conf file.</li>
<li>add MySQL support to parse_load_sql.py</li>
<li>add Oracle support to GEAS</li>
<li>abstract CORBA/client support to enable using different ORBs or 
other network connection technologies</li>
<li>add support for omniORB for windows compatibility</li>
</ul>
</quote>

</section>


<section title="Content Management Systems for GNUe" subject="[IRC] 17 Dec 2001" archive="http://www.gnuenterprise.org/irc-logs/gnue-public.log.17Dec2001" startdate="17 Dec 2001 00:00:00 -0800" enddate="17 Dec 2001 00:00:00 -0800">

<mention>Peter Sullivan</mention>

<p>Stuart Quimby (ToyMan) asked <quote who="Stuart Quimby">anybody here use the 
zope cmf stuff much?</quote> He said <quote who="Stuart Quimby">i 
REALLY need a content mngmnt interface</quote>, but tools like 
<quote who="Stuart Quimby">phpnuke and postnuke and, OpenACS</quote> 
looked <quote who="Stuart Quimby">pretty functional 'out of the box'</quote> 
but not particularly extensible. Derek Neighbors 
(dneighbo) asked <quote who="Derek Neighbors">you plan on doing 
ecommerce on this thing too?</quote> He had been looking for an 
e-commerce partner for GNUe, and had looked at zope, which 
<quote who="Derek Neighbors">fits the 'python' mold</quote>
but didn't seem to have much substance to it. 
James Thompson (jamest) suggested <quote who="James Thompson">midgard</quote>. 
Derek said <quote who="Derek Neighbors">they were looking 
at maybe working with us at one time</quote>. GNUe needed a partner
for :</p>

<quote who="Derek Neighbors">
<ol>
<li>portal tool kit (for intranet things)</li>
<li>content management (for internet marketing type stuff)</li>
<li>ecommerce store front (extension of 2 for products)</li>
</ol>
</quote>

<p>Jason Cater (jcater) said <quote who="Jason Cater">I'd 
say content management is 70% workflow and workflow is important 
to us so it might be a natural extension</quote>. Derek clarified that 
<quote who="Derek Neighbors">i dont necessarily see GNUe writing this 
stuff from scratch but rather picking 'good partners' just like 
SAP/Peoplesoft/Baan etc do ;)</quote> He admitted that he hadn't 
looked at Zope for a while, <quote who="Derek Neighbors">so 
maybe its grown a lot</quote>. Jason said <quote who="Jason Cater">zope 
supports practically every db now</quote>.</p>

<p>Derek said he wanted GNUe to be able to have 
<quote who="Derek Neighbors">a 'home' page feature</quote> 
with <quote who="Derek Neighbors">executive 'summaries</quote>. However, 
<quote who="Derek Neighbors">it would be 'highly' customizable
so you could do 'purdy' charts and graphs etc in addition to just 
plain numbers</quote>. 
<editorialize who="Peter Sullivan">I've seen this sort of 
functionality referred to as 'Balanced Scorecard'.</editorialize>
Stuart said he had worked on systems that had something like this 
in the 1980s. Derek said he preferred webware for GNUe's web 
interface <quote who="Derek Neighbors">but zope is worth lookign at 
and supporting</quote>. However, he wasn't sure 
<quote who="Derek Neighbors">if they are GPL compatiable</quote>.</p>

<p><a href="https://web.archive.org/web/20071111045810/http://www.gnuenterprise.org/irc-logs/gnue-public.log.17Dec2001">
Two days later</a>, James confessed that <quote who="James Thompson">zope 
rocks my socks - it's come a long way since I lasted looked at it</quote>. 
However, it wasn't a potential replacement for GNUe Application
Server, just <quote who="James Thompson">a pretty powerfull web site 
builder</quote> Bill Gribble (grib) flame-baited that 
<quote who="Bill Gribble">zope is cool despite the fact of its 
python-ness</quote>, but Derek pointed out that 
<quote who="Derek Neighbors">python-ness == good thing (tm)</quote> 
on this channel.</p>

<p>Later, Stuart said <quote who="Stuart Quimby">i've been looking at the zope cmf stuff - 
fairly nice stuff for 0 $$</quote>. James said <quote who="James Thompson">i 
haven't played with the cmf stuff yet but the core zope seems realy nice</quote>, 
although he didn't think much of the documentation. Stuart said 
<quote who="Stuart Quimby">zope book helps - and zope developers guide is kept 
up to date now.</quote></p>

<p>Bill said <quote who="Bill Gribble">I just wish it played a little nicer with 
php.</quote>. Stuart said <quote who="Stuart Quimby">there's almost always a way to do it... 
you just have to know how ;)</quote> Derek said there probably wasn't enough demand 
at the moment for a conversion tool - <quote who="Derek Neighbors">you will see it 
the first time someone needs to convert a large site and does so in an automated 
fashion and then relesaes the code for others</quote>.</p>

<p>Derek said he had <quote who="Derek Neighbors">a theory that php can create apps to 
a certain celiing but then became unmaintainable</quote>, although 
<quote who="Derek Neighbors">that ceiling is fairly hihg (read not many people will 
hit it)</quote> Stuart noted <quote who="Stuart Quimby">i'm doing my new site in zope, 
because it's going to get very large, very quick and I need to admin that</quote>.
Derek said the benefit of <quote who="Derek Neighbors">zope's approach is regardless 
of size it tries to do things that ENFORCE maintainability</quote>. He added
<quote who="Derek Neighbors">i think it is like the python vs C argument in some 
ways</quote> - you could write good code in C if you were disciplined, but python tended 
to <strong>enforce</strong> good coding habits. This was partly why GNUe developers 
<quote who="Derek Neighbors">were preferring python more and more</quote>.</p>

</section>


<section title="Inventory and Asset Management" subject="[IRC] 17 Dec 2001" archive="http://www.gnuenterprise.org/irc-logs/gnue-public.log.17Dec2001" startdate="17 Dec 2001 00:00:00 -0800" enddate="17 Dec 2001 00:00:00 -0800">

<topic>Inventory</topic>

<p>Bill Gribble (grib) asked <quote who="Bill Gribble">any of you gnue 
folks used the current tools to do inventory/asset lifetime 
management?</quote>. Derek Neighbors (dneighbo) 
said these were two different things - asset management 
was more to do with capital assets, as <quote who="Derek Neighbors">
opposed to 'on hand' type inventory used in production 
or for sale</quote>. Bill said <quote who="Bill Gribble">
just looking for info to file away.  I'm working on 
a asset lifetime tracker (using some of our tools) for a client and 
wondering if gnue had some insight to offer</quote>
Derek said there was <quote who="Derek Neighbors">
some inventory info</quote> on the 
<a href="https://web.archive.org/web/20071111045810/http://gnuenterprise.org/~neilt/packages/supply-chain/package-doc/SupplyChain/inventory.html">
website</a>, as was information about 
<quote who="Derek Neighbors">the 
<a href="https://web.archive.org/web/20071111045810/http://gnuenterprise.org/~neilt/packages/supply-chain/package-doc/SupplyChain/equipment.html">
capital management</a> (or assest stuff)</quote>. 
He added <quote who="Derek Neighbors">
financials are coming slowly, we havent really 
focused on them - 
still playing a lot with the tools - 
it looks like our 'manufacturing' stuff and 'wholesale 
distribution' stuff will be the first to come
as there are people asking for them</quote>.</p>

</section>


<section title="Support for multiple languagues" subject="[IRC] 17 Dec 2001" archive="http://www.gnuenterprise.org/irc-logs/gnue-public.log.17Dec2001" startdate="17 Dec 2001 00:00:00 -0800" enddate="17 Dec 2001 00:00:00 -0800">

<topic>Forms</topic>
<topic>Application Server</topic>

<p>After getting GNUe Forms working, Phil Cole (fil_c) had 
<quote who="Phil Cole">Some questions:  How about multiple languages?  
Each .gfd file is language specific. And how to cater for different 
lengths of text for each language?</quote> Jason Cater (jcater) said 
<quote who="Jason Cater">the next release of GNUe Forms intends to address 
several of these [...] we are going to try to better incorporate i18n into 
the next release but we are still up in arms about how to do it.</quote>
At the time of writing, you did need a seperate GNUe Forms Definition
(.gfd) for each language, although it might be possible to 
<quote who="Jason Cater">dynamically generate</quote> them from GNUe 
Application Server in the future. i18n support was an important issue for 
GNUe, as <quote who="Jason Cater">we have quite a few international users 
who keep reminding us of where we're lacking :)</quote> Phil said this sort 
of functionality could also be used for <quote who="Phil Cole">end user 
personalisation (e.g. (re)moving the fields on a form</quote>. Jason said 
this was <quote who="Jason Cater">definitely worth considering</quote>.</p> 

<p>Phil said you could split off the triggers - <quote who="Phil Cole">
still leave the xml definition but the action occurs in a trigger file
</quote>. Jason said <quote who="Jason Cater">we can do that now with 
&lt;import-trigger&gt;</quote> - you could re-use most objects, including 
datasources, <quote who="Jason Cater">but that certainly doesn't solve the 
multi-language problem</quote>.</p>

<p>Phil suggested <quote who="Phil Cole">one way could be to move all 
&quot;language&quot; to just be labels. Then the actual text for the 
labels be defined multiple times</quote>. This would also cope with 
different lengths of text even within the same language, e.g. 
<quote who="Phil Cole">'Purchase Order' and 'Pur. Ord.'</quote> 
Or you could have different .gfd files for each language, 
<quote who="Phil Cole">or both of the above</quote>. Jason said 
<quote who="Jason Cater">I'm not sure if that's the ideal long-term 
solution</quote>. Phil asked how to <quote who="Phil Cole">cater for 
different positioning of form objects due to differing language 
lengths.</quote> Jason said <quote who="Jason Cater">we currently only 
support absolute positioning</quote> and asked <quote who="Jason Cater">
how would you do dynamic length labels in an absolute system</quote>?
Phil said <quote who="Phil Cole">I dont think that's possible.  
It would require a separate .gfd for each language</quote>. 
Jason said <quote who="Jason Cater">the main drawback to this 
method is that if a form is changed (rearranged) you have to modify every 
language file, instead of changing just one [...] or that the translator 
would also have to worry about positioning as well as translation</quote>.
Phil agreed, and suggested <quote who="Phil Cole">perhaps we could make 
the alternate language forms optional - treat english as a master and use 
it and it's position but with foriegn labels if a specific foriegn form 
doesn't exist.</quote></p>

<p>Later, Derek Neighbors (derek) said <quote who="Derek Neighbors">
as for muliti language i still think we shoudl use 'entities' so you can 
define entity files for incluces then do substitute</quote>. This would mean
<quote who="Derek Neighbors">all you have to do is change the entity tag in 
the form to your country code</quote>.</p>

<p>See also previous discussions about i18n in
<kcref subject="[gnue-discuss] many-many relations" startdate="18 Nov 2001 01:23:21 -0800"></kcref>
.</p>

</section>


<section title="Problems compiling GNUe Application Server" subject="[IRC] 19 Dec 2001" archive="http://www.gnuenterprise.org/irc-logs/gnue-public.log.19Dec2001" startdate="19 Dec 2001 00:00:00 -0800" enddate="19 Dec 2001 00:00:00 -0800">

<topic>Application Server</topic>

<p>Reinhard M&#252;ller (reinhard) reported back on the 
problems compiling GNUe Application Server. 
He said the <quote who="Reinhard Müller">easiest way to get around this is 
to configure (autogen.sh) with --disable-python-methods.
Other way is to set the environment variable LDFLAGS to the 
directory of libpython2.1.a while configuring (autogen.shing)</quote>.
The python check macro had been <quote who="Reinhard Müller">
stolen from some other project IIRC</quote> but wasn't ideal. 
If it could be improved, <quote who="Reinhard Müller">
we can contribute it to automake IMHO</quote></p>

</section>


<section title="Database drivers for python and C" subject="[IRC] 19 Dec 2001" archive="http://www.gnuenterprise.org/irc-logs/gnue-public.log.19Dec2001" startdate="19 Dec 2001 00:00:00 -0800" enddate="19 Dec 2001 00:00:00 -0800">

<topic>Common</topic>

<p>James Thompson (jamest) said that he wanted 
<quote who="James Thompson">to attempt to graft the common dbdriver 
system into geas</quote> instead of the high level API it was using.
He would need a <quote who="James Thompson">good set of docs on 
embedding python</quote>. Reinhard M&#252;ller (reinhard) volunteered to
<quote who="Reinhard Müller">do the geas side if you want</quote>
James asked <quote who="James Thompson">so if I make a common c lib 
interface we can graft that in to geas</quote>? Reinhard said 
<quote who="Reinhard Müller">my understanding is you have to write a 
c wrapper around the python lib</quote>. James said that was one way, 
but also <quote who="James Thompson">the C api can manipulate the 
objects directly</quote> so you did not need a wrapper library.
He added <quote who="James Thompson">my hope is that if I can graft 
this in we'll gain a few things - GConditional support, about 15 more 
interfaces geas can use :)</quote>. He should be able to do start this 
over the next two weeks. Reinhard said <quote who="Reinhard Müller">
we should agree on the interface as soon as you know it's doable -
before you start real implementation</quote>. </p>

<p>He asked whether <quote who="Reinhard Müller">the new dbdriver (shall 
we call it gedi?) system</quote>was intended to just support python, 
or C as well. James said <quote who="James Thompson">most the db 
drivers in python i believe are written in C with a python interface
</quote> anyway. Derek Neighbors (dneighbo) said you could 
<quote who="Derek Neighbors">do everything in C</quote>, but this was 
probably only worth it if speed was a concern. He didn't see 
dependancies as an issue - <quote who="Derek Neighbors">i see as we 
mature we will build stable snapshots of ALL dependencies and post on 
our site and bundle with our installer</quote>. This didn't rule out 
the possibility of a non-python driver, <quote who="Derek Neighbors">
but it means really rewritting common in C</quote>.</p>

<p>Reinhard asked what version of python the 
<quote who="Reinhard Müller">common dbdriver system</quote> would 
require. James said GNUe was standardising on python 2.x - 
<quote who="James Thompson">the loss of 1.5.2 support was a deliberate 
move on our part</quote>. Reinhard said this meant that if he wanted 
to re-use the drivers on another project <quote who="Reinhard Müller">
because i get 15 db's supported automagically</quote> this would create
a dependancy on python. But <quote who="Reinhard Müller">as soon as 
we have the c api we have at least the theoretical option to recode 
common in c and be compatible</quote>. James agreed, but said 
<quote who="James Thompson">I don't see much need unless performance 
suffers</quote>, as even Windows could suport python now.
Reinhard asked where the <quote who="Reinhard Müller">api of the 
dbdriver system</quote> was documented. James said 
<quote who="James Thompson">DataObjects.txt - well it's called 
GDataObjects in the code</quote>. Reinhard said he would read it and 
comment.</p>

</section>


<section title="Reconciling Purchase Invoices to Purchase Receipts" subject="[IRC] 19 Dec 2001" archive="http://www.gnuenterprise.org/irc-logs/gnue-public.log.19Dec2001" startdate="19 Dec 2001 00:00:00 -0800" enddate="19 Dec 2001 00:00:00 -0800">

<topic>Financials (Accounting)</topic>

<p>Phil Cole (fil_c) said <quote who="Phil Cole">One of the major areas that causes 
issues in ERP vendors software seems to be reconciling invoices received 
against purchase receipts made</quote>. This was because 
<quote who="Phil Cole">there are partial receipts, partial invoices and differing 
financial periods.</quote> He explained <quote who="Phil Cole">In our system 
when a purchase receipt is made a financial posting is made an accural 
account... then when the invoice is recieved posted into a received invoices 
account</quote>. Stuart Quimby(ToyMan) said <quote who="Stuart Quimby">matching to the PO 
shoud be straight ahead if you use PO #'s</quote>. Phil added 
<quote who="Phil Cole">... then the invoices need to be matched to the purchase 
receipts... and the purchase receipt account matched against the registered 
invoices account...  .. this is where we have problems.</quote>.
Stuart said this was <quote who="Stuart Quimby">one of the messier aspects of things, 
no matter what sf you use... but good software makes it better</quote>.
Phil said <quote who="Phil Cole">... we should be able to reconcile recieved 
invoices account ledger account balance by looking through the logistical postings..
 .. and this hasn't been working for us</quote>. He explained 
<quote who="Phil Cole">we use a single supplier creditor account and a single 
recieved invoices account which <strong>shouldn't</strong> be an issue</quote>.
Stuart agreed - <quote who="Stuart Quimby">you'd only have to have more if you needed 
to break it out</quote> - for instance, to split <quote who="Stuart Quimby">office 
supplies from raw materials</quote>. Phil said <quote who="Phil Cole">we would 
probably do that via statistics codes on the items purchased</quote>
or by posting to different General Ledger account codes based 
<quote who="Phil Cole">on something in that purchase receipt (e.g. item code of 
purchased item)</quote>.</p>

</section>

</kc>
<!--
     FILE ARCHIVED ON 04:58:10 Nov 11, 2007 AND RETRIEVED FROM THE
     INTERNET ARCHIVE ON 09:29:57 Dec 05, 2018.
     JAVASCRIPT APPENDED BY WAYBACK MACHINE, COPYRIGHT INTERNET ARCHIVE.

     ALL OTHER CONTENT MAY ALSO BE PROTECTED BY COPYRIGHT (17 U.S.C.
     SECTION 108(a)(3)).
-->
<!--
playback timings (ms):
  LoadShardBlock: 1200.438 (3)
  esindex: 0.01
  captures_list: 1216.085
  CDXLines.iter: 11.096 (3)
  PetaboxLoader3.datanode: 1345.601 (4)
  exclusion.robots: 0.392
  exclusion.robots.policy: 0.365
  RedisCDXSource: 1.536
  PetaboxLoader3.resolve: 53.591
  load_resource: 225.493
-->