<?xml version="1.0" ?>

<script src="//archive.org/includes/analytics.js?v=cf34f82" type="text/javascript"></script>
<script type="text/javascript">window.addEventListener('DOMContentLoaded',function(){var v=archive_analytics.values;v.service='wb';v.server_name='wwwb-app13.us.archive.org';v.server_ms=544;archive_analytics.send_pageview({});});</script>
<script type="text/javascript" src="/static/js/ait-client-rewrite.js?v=1543384230.0" charset="utf-8"></script>
<script type="text/javascript">
WB_wombat_Init('https://web.archive.org/web', '20071111055127', 'www.kerneltraffic.org');
</script>
<script type="text/javascript" src="/static/js/wbhack.js?v=1543384230.0" charset="utf-8"></script>
<script type="text/javascript">
__wbhack.init('https://web.archive.org/web');
</script>
<link rel="stylesheet" type="text/css" href="/static/css/banner-styles.css?v=1543384230.0" />
<link rel="stylesheet" type="text/css" href="/static/css/iconochive.css?v=1543384230.0" />
<!-- End Wayback Rewrite JS Include -->
<!-- BEGIN WAYBACK TOOLBAR INSERT -->
<script type="text/javascript" src="/static/js/timestamp.js?v=1543384230.0" charset="utf-8"></script>
<script type="text/javascript" src="/static/js/graph-calc.js?v=1543384230.0" charset="utf-8"></script>
<script type="text/javascript" src="/static/js/auto-complete.js?v=1543384230.0" charset="utf-8"></script>
<script type="text/javascript" src="/static/js/toolbar.js?v=1543384230.0" charset="utf-8"></script>
<style type="text/css">
body {
  margin-top:0 !important;
  padding-top:0 !important;
  /*min-width:800px !important;*/
}
.wb-autocomplete-suggestions {
    text-align: left; cursor: default; border: 1px solid #ccc; border-top: 0; background: #fff; box-shadow: -1px 1px 3px rgba(0,0,0,.1);
    position: absolute; display: none; z-index: 2147483647; max-height: 254px; overflow: hidden; overflow-y: auto; box-sizing: border-box;
}
.wb-autocomplete-suggestion { position: relative; padding: 0 .6em; line-height: 23px; white-space: nowrap; overflow: hidden; text-overflow: ellipsis; font-size: 1.02em; color: #333; }
.wb-autocomplete-suggestion b { font-weight: bold; }
.wb-autocomplete-suggestion.selected { background: #f0f0f0; }
</style>
<div id="wm-ipp" lang="en" style="display:none;direction:ltr;">
<div style="position:fixed;left:0;top:0;right:0;">
<div id="wm-ipp-inside">
  <div style="position:relative;">
    <div id="wm-logo" style="float:left;width:130px;padding-top:10px;">
      <a href="/web/" title="Wayback Machine home page"><img src="/static/images/toolbar/wayback-toolbar-logo.png" alt="Wayback Machine" width="110" height="39" border="0" /></a>
    </div>
    <div class="r" style="float:right;">
      <div id="wm-btns" style="text-align:right;height:25px;">
                  <div id="wm-save-snapshot-success">success</div>
          <div id="wm-save-snapshot-fail">fail</div>
          <a href="#"
             onclick="__wm.saveSnapshot('http://www.kerneltraffic.org/GNUe/gnue20020330_22.xml', '20071111055127')"
             title="Share via My Web Archive"
             id="wm-save-snapshot-open"
          >
            <span class="iconochive-web"></span>
          </a>
          <a href="https://archive.org/account/login.php"
             title="Sign In"
             id="wm-sign-in"
          >
            <span class="iconochive-person"></span>
          </a>
          <span id="wm-save-snapshot-in-progress" class="iconochive-web"></span>
        	<a href="http://faq.web.archive.org/" title="Get some help using the Wayback Machine" style="top:-6px;"><span class="iconochive-question" style="color:rgb(87,186,244);font-size:160%;"></span></a>
	<a id="wm-tb-close" href="#close" onclick="__wm.h(event);return false;" style="top:-2px;" title="Close the toolbar"><span class="iconochive-remove-circle" style="color:#888888;font-size:240%;"></span></a>
      </div>
      <div id="wm-share" style="text-align:right;">
	<a href="#" onclick="window.open('https://www.facebook.com/sharer/sharer.php?u=https://web.archive.org/web/20071111055127/http://www.kerneltraffic.org/GNUe/gnue20020330_22.xml', '', 'height=400,width=600'); return false;" title="Share on Facebook" style="margin-right:5px;" target="_blank"><span class="iconochive-facebook" style="color:#3b5998;font-size:160%;"></span></a>
	<a href="#" onclick="window.open('https://twitter.com/intent/tweet?text=https://web.archive.org/web/20071111055127/http://www.kerneltraffic.org/GNUe/gnue20020330_22.xml&amp;via=internetarchive', '', 'height=400,width=600'); return false;" title="Share on Twitter" style="margin-right:5px;" target="_blank"><span class="iconochive-twitter" style="color:#1dcaff;font-size:160%;"></span></a>
      </div>
    </div>
    <table class="c" style="">
      <tbody>
	<tr>
	  <td class="u" colspan="2">
	    <form target="_top" method="get" action="/web/submit" name="wmtb" id="wmtb"><input type="text" name="url" id="wmtbURL" value="http://www.kerneltraffic.org/GNUe/gnue20020330_22.xml" onfocus="this.focus();this.select();" /><input type="hidden" name="type" value="replay" /><input type="hidden" name="date" value="20071111055127" /><input type="submit" value="Go" /></form>
	  </td>
	  <td class="n" rowspan="2" style="width:110px;">
	    <table>
	      <tbody>
		<!-- NEXT/PREV MONTH NAV AND MONTH INDICATOR -->
		<tr class="m">
		  <td class="b" nowrap="nowrap"><a href="https://web.archive.org/web/20060118063012/http://www.kerneltraffic.org:80/GNUe/gnue20020330_22.xml" title="18 Jan 2006"><strong>Jan</strong></a></td>
		  <td class="c" id="displayMonthEl" title="You are here: 05:51:27 Nov 11, 2007">NOV</td>
		  <td class="f" nowrap="nowrap">Dec</td>
		</tr>
		<!-- NEXT/PREV CAPTURE NAV AND DAY OF MONTH INDICATOR -->
		<tr class="d">
		  <td class="b" nowrap="nowrap"><a href="https://web.archive.org/web/20060118063012/http://www.kerneltraffic.org:80/GNUe/gnue20020330_22.xml" title="06:30:12 Jan 18, 2006"><img src="/static/images/toolbar/wm_tb_prv_on.png" alt="Previous capture" width="14" height="16" border="0" /></a></td>
		  <td class="c" id="displayDayEl" style="width:34px;font-size:24px;white-space:nowrap;" title="You are here: 05:51:27 Nov 11, 2007">11</td>
		  <td class="f" nowrap="nowrap"><img src="/static/images/toolbar/wm_tb_nxt_off.png" alt="Next capture" width="14" height="16" border="0" /></td>
		</tr>
		<!-- NEXT/PREV YEAR NAV AND YEAR INDICATOR -->
		<tr class="y">
		  <td class="b" nowrap="nowrap"><a href="https://web.archive.org/web/20060118063012/http://www.kerneltraffic.org:80/GNUe/gnue20020330_22.xml" title="18 Jan 2006"><strong>2006</strong></a></td>
		  <td class="c" id="displayYearEl" title="You are here: 05:51:27 Nov 11, 2007">2007</td>
		  <td class="f" nowrap="nowrap">2008</td>
		</tr>
	      </tbody>
	    </table>
	  </td>
	</tr>
	<tr>
	  <td class="s">
	    	    <div id="wm-nav-captures">
	      	      <a class="t" href="/web/20071111055127*/http://www.kerneltraffic.org/GNUe/gnue20020330_22.xml" title="See a list of every capture for this URL">8 captures</a>
	      <div class="r" title="Timespan for captures of this URL">07 May 2003 - 11 Nov 2007</div>
	      </div>
	  </td>
	  <td class="k">
	    <a href="" id="wm-graph-anchor">
	      <div id="wm-ipp-sparkline" title="Explore captures for this URL" style="position: relative">
		<canvas id="wm-sparkline-canvas" width="575" height="27" border="0"></canvas>
	      </div>
	    </a>
	  </td>
	</tr>
      </tbody>
    </table>
    <div style="position:absolute;bottom:0;right:2px;text-align:right;">
      <a id="wm-expand" class="wm-btn wm-closed" href="#expand" onclick="__wm.ex(event);return false;"><span id="wm-expand-icon" class="iconochive-down-solid"></span> <span style="font-size:80%">About this capture</span></a>
    </div>
  </div>
    <div id="wm-capinfo" style="border-top:1px solid #777;display:none; overflow: hidden">
            <div style="background-color:#666;color:#fff;font-weight:bold;text-align:center">COLLECTED BY</div>
    <div style="padding:3px;position:relative" id="wm-collected-by-content">
            <div style="display:inline-block;vertical-align:top;width:50%;">
			<span class="c-logo" style="background-image:url(https://archive.org/services/img/webwidecrawl);"></span>
		Organization: <a style="color:#33f;" href="https://archive.org/details/webwidecrawl" target="_new"><span class="wm-title">Internet Archive</span></a>
		<div style="max-height:75px;overflow:hidden;position:relative;">
	  <div style="position:absolute;top:0;left:0;width:100%;height:75px;background:linear-gradient(to bottom,rgba(255,255,255,0) 0%,rgba(255,255,255,0) 90%,rgba(255,255,255,255) 100%);"></div>
	  The Internet Archive discovers and captures web pages through many different web crawls.

At any given time several distinct crawls are running, some for months, and some every day or longer.

View the web archive through the <a href="http://archive.org/web/web.php">Wayback Machine</a>.
	</div>
	      </div>
      <div style="display:inline-block;vertical-align:top;width:49%;">
			<span class="c-logo" style="background-image:url(https://archive.org/services/img/aroundtheworldcrawl)"></span>
		<div>Collection: <a style="color:#33f;" href="https://archive.org/details/aroundtheworldcrawl" target="_new"><span class="wm-title">Around The World Crawl</span></a></div>
		<div style="max-height:75px;overflow:hidden;position:relative;">
	  <div style="position:absolute;top:0;left:0;width:100%;height:75px;background:linear-gradient(to bottom,rgba(255,255,255,0) 0%,rgba(255,255,255,0) 90%,rgba(255,255,255,255) 100%);"></div>
	  Data crawled by Sloan Foundation on behalf of Internet Archive
<br /><br />
	</div>
	      </div>
    </div>
    <div style="background-color:#666;color:#fff;font-weight:bold;text-align:center" title="Timestamps for the elements of this page">TIMESTAMPS</div>
    <div>
      <div id="wm-capresources" style="margin:0 5px 5px 5px;max-height:250px;overflow-y:scroll !important"></div>
      <div id="wm-capresources-loading" style="text-align:left;margin:0 20px 5px 5px;display:none"><img src="/static/images/loading.gif" alt="loading" /></div>
    </div>
  </div></div></div></div><script type="text/javascript">
__wm.bt(575,27,25,2,"web","http://www.kerneltraffic.org/GNUe/gnue20020330_22.xml","2007-11-11",1996);
</script>
<!-- END WAYBACK TOOLBAR INSERT --><kc>

<title>GNUe Traffic</title>

<author contact="mailto:psu@manorcon.demon.co.uk">Peter Sullivan</author>

<issue num="22" date="30 Mar 2002 00:00:00 -0800"/>

<headquote>
&quot;<cite>
We see before us a huge community of producers the members of which are 
unceasingly striving to deprive each other of the fruits of their 
collective labor - not by force, but on the whole in faithful compliance 
with legally established rules. In this respect, it is important to 
realize that the means of production - that is to say, the entire process
of producing consumer goods as well as additional capital goods - may 
legally be, and for the most part are, the private property of individuals.
</cite>&quot;
 - Albert Einstein - early free software advocate?
</headquote>

<intro>

<p>This Cousin covers the three main mailing lists for the GNU 
Enterprise project, gnue, gnue-dev and gnue-announce. For more 
information about GNUe, see their home page at 
<a href="https://web.archive.org/web/20071111055127/http://www.gnuenterprise.org/">
http://www.gnuenterprise.org</a>. Details of the mailing lists 
can be found at 
<a href="https://web.archive.org/web/20071111055127/http://mail.gnu.org/mailman/listinfo/gnue">
http://mail.gnu.org/mailman/listinfo/gnue</a>, 
<a href="https://web.archive.org/web/20071111055127/http://mail.gnu.org/mailman/listinfo/gnue-dev">
http://mail.gnu.org/mailman/listinfo/gnue-dev</a>,
<a href="https://web.archive.org/web/20071111055127/http://mail.gnu.org/mailman/listinfo/gnue-announce">
http://mail.gnu.org/mailman/listinfo/gnue-announce</a>.</p>

<p>It also covers the #gnuenterprise IRC channel. A great deal of 
development discussion for this project goes on in IRC. You can 
find #gnuenterprise on irc.openprojects.net:6667, or you can 
review the logs at <a href="https://web.archive.org/web/20071111055127/http://www.gnuenterprise.org/irc-logs/">
http://www.gnuenterprise.org/irc-logs/</a>.</p>

</intro>

<section title="GNUe Reports proposal" subject="[Gnue-dev] GNUe Reports and xmlns, oh my!" archive="http://mail.gnu.org/pipermail/gnue-dev/2002-March/000052.html" posts="10" startdate="19 Mar 2002 18:38:20 -0800" enddate="25 Mar 2002 10:43:51 -0800">
<topic>Reports</topic>


<p>Jason Cater said <quote who="Jason Cater">After 
much time off from GNUe Reports, I'm finally able to tackle it
once again.</quote> Most of the reporting engine was done, 
but he now wondered how to do <quote who="Jason Cater">
layout codes</quote>. The reporting engine could just ignore 
these tags and they would <quote who="Jason Cater">just be passed 
through to the output stream</quote>. After considering various 
ugly ways of splitting the two types of tag, he 
<quote who="Jason Cater">saw the light: XML Namespaces!</quote> 
Layout tags could be given a namespace qualifier such as 
'output:'. This would mean:</p>

<ol>
<li>The two different types of tag could be easily identified.</li>
<li>It was compatible with how the XML parser already used in GNUe Reports
worked.</li>
<li>GNUe Designer could make use of the layout tags to graphically display how 
reports would look</li>
<li>Other layouts could also be implemented as different namespaces</li>
<li>Engines to produce other types of output (such as PDF, HTML or TeX) 
could be done directly rather than going via an XML stylesheet if desired.</li>
</ol>

<p><a href="https://web.archive.org/web/20071111055127/http://www.gnuenterprise.org/irc-logs/gnue-public.log.20Mar2002">
On IRC</a>, Derek said <quote who="Derek Neighbors">you stole my 
thunder - reading your mail about half way through im thinking why 
not namespaces :)</quote>. However, <quote who="Derek Neighbors">you 
may have lost me on the formatting eninge -  i think i would 
still see it as xslt - just the sytlesheet would be inline 
and would work with streams rather than files</quote>, 
at least eventually. Jason Cater (jcater) said 
<quote who="Jason Cater">the point of the &quot;formatting 
engine&quot; was options that this would allow IN THE FUTURE 
:) -  i.e., going this route would leave room for other 
formatting options besides using external XSLT scripts -
not that I wanted to pursue that at this time</quote>. 
He would write further on <quote who="Jason Cater">what we 
actually want the output xml stream to look like - I looked 
at datavision.sf.net - and it has some merit - but isn't 
exactly what I was envisioning</quote> as it hard-coded 
positioning. He confirmed he was <quote who="Jason Cater">
not against internal XSLT - but I would write that as 
pluggable (with the default plug being the XSLT 
transformer)</quote>.</p>

<p>Later, John Lenton (Chipaca) suggested that the XML tags 
for Reports should <quote who="John Lenton">look like the ones 
from forms - in fact if possible validate against the same DTDs</quote>.
Jason wasn't sure - <quote who="Jason Cater">the datasources, 
et al will of course use the same markup - and I could see us 
creating a Designer wizard that basically asks for a Forms definition
and creates a report based on the forms definition. But I'm not 
sure reports should be defined the same as forms</quote>. James 
Thompson (jamest) said <quote who="James Thompson">i don't think 
they could be the same</quote> as he would need some concepts 
in Reports (such as <quote who="James Thompson">grouping of fields</quote>)
that weren't even valid concepts in Forms.</p>

<p>On the mailing list, 
Peter Sullivan suggested an alternative approach, using 
<quote who="Peter Sullivan"><cite>two</cite> XML streams</quote>, 
one for the formatting and one for the data. Later, he expanded 
his idea, giving some sample XML. <quote who="Peter Sullivan">
A GNUe report would be built up from two XML documents - 
the GNUe Report Format and the GNUe Report Data.</quote>. 
<quote who="Peter Sullivan">The GNUe Reports 'engine' would 
transform these two documents into 
a composite XML document, processing and discarding all the 
&quot;semantic&quot; attributes, and leaving the formatting attributes</quote>. 
This could then be <quote who="Peter Sullivan">transformed again by 
the &quot;Format Engine&quot;</quote> into the final presentation format. 
<quote who="Peter Sullivan">you can start with a fairly small 
set of supported</quote> format attributes and then expand them.</p>

<p>Jason said <quote who="Jason Cater">this parallels 
one of my wishlist items: &quot;skinnable&quot; (or templated) reports.</quote> 
This would enable organisations to quickly apply corporate layout 
standards to the standard reports available with the packages, 
without having <quote who="Jason Cater">to touch any of the actual
Financial Reports (unless I actually want to modify the underlying
reporting model.)</quote> Peter said that <quote who="Peter Sullivan">
I <cite>think</cite> we are talking about slightly different levels of abstraction. 
I am initially talking about abstracting the dataset/results of the query 
from the output/formatting - which to an extent Reports must do already, no? 
(I'm assuming you don't have to redesign a report from scratch every 
time you want to refresh the data.) You seemed to have moved on to the next 
level of abstracting the 'cosmetic' formatting from the 'semantic' 
formatting.</quote> However, he thought <quote who="Peter Sullivan">
this would be a killer feature</quote>.</p>

<p>Stan Klein said he had been thinking about various reporting 
tasks for GNUe, and suggested getting <quote who="Stan Klein">
the GNUe Reports output into a format appropriate for one of 
the word processors that use XML as their native format.</quote>
Derek Neighbors said <quote who="Derek Neighbors">
This locks into that.  The idea is that you simply export to xml and use 
xslt to transform into the xml of choice.</quote>. Jason said this 
was part of why he wanted to use XML namespaces. He already had 
<quote who="Jason Cater">some mailmerge examples in the
reports/samples/mailmerge directory, but these are klunky and use RTF
instead of the word processor's native XML format. They are a hack, and
not a graceful one at that.</quote>.</p>

<p>Earlier, Derek thought 
<quote who="Derek Neighbors">the merge thing is much 
larger for document solutions like loan documents, medical forms and legal 
forms, but I think that should be a different tool perhaps.</quote>
Jason said <quote who="Jason Cater">I don't follow why this would be 
a separate tool.  This is the <cite>exact</cite>
kind of flexibility I'm looking for in Reports.  The examples that Stan
has given are actually the exact same needs I'm facing.
If you see a repeating theme in all my Reports email, it is 
&quot;flexibility.&quot;</quote></p>

<p><a href="https://web.archive.org/web/20071111055127/http://www.gnuenterprise.org/irc-logs/gnue-public.log.21Mar2002">
On IRC</a>, Derek explained <quote who="Derek Neighbors">
what im thinking and what legal documents need are SMART forms</quote>
that could cope with multiple mortgage holders or addresses with 
a variable number of lines. Jason Cater (jcater) said 
<quote who="Jason Cater">those are common reporting requirements - 
I have to account for multiline addresses in a lot of our customer 
service reports that mail letters to customers</quote>. Derek said 
he was thinking of something more advanced, where
<quote who="Derek Neighbors">i have a lots of verbiage following 
that that is NOT in the database that is conditionally printed</quote>
depending on data in the database, such as U.S. state. - 
<quote who="Derek Neighbors">you wouldnt want to necessarily make 
a custom DEED for each state - but rather dynamically build the 
form based on some rules</quote>. Jason said <quote who="Jason Cater">I 
do conditional reports all the time; that's a basic requirement
as far as I'm concerned - so I don't follow</quote>. Derek said 
<quote who="Derek Neighbors">as long it will support a complex 
version of this fine - most reporting tools do not</quote>. 
Jason said <quote who="Jason Cater">it'll support triggers</quote>. 
Derek said <quote who="Derek Neighbors">if it supports triggers it 
will do what im thinking</quote>, but he still wondered if it 
should be <quote who="Derek Neighbors">a separate tool</quote>. 
Lawyers and medical professionals <quote who="Derek Neighbors">
need similar as well</quote> Jason said he <quote who="Jason Cater">
really don't see a justification for doing a separate tool - 
as if a reporting package can't handle that then it needs to be 
rethunk</quote>. Derek said <quote who="Derek Neighbors">im not saying 
it has to be a spearate package - im just saying if people say that the 
functionality is stupid and doesnt belong in reports (too specialized) - 
then we should offere as a separate tool</quote>.</p>

</section>

<section title="GNUe Project Management" subject="Re: Project Management Package?" archive="http://mail.gnu.org/pipermail/gnue/2002-March/003051.html" posts="4" startdate="21 Mar 2002 02:12:09 -0800" enddate="22 Mar 2002 18:32:45 -0800">
<topic>Project Management</topic>
<topic>DCL</topic>


<p>Continuing 
<kcref subject="Project Management Package?" startdate="11 Mar 2002 06:23:05 -0800"/>,
Mark Smith suggested that project resources could be assigned 
<quote who="Mark Smith">based on the Human Resources data, if you
are using that package also. HR data often includes the skills,
qualifications and experience that staff have.</quote> This could 
be extended to record outside contractors as well.</p>

<p>Gil Hauer agreed - <quote who="Gil Hauer">in fact I think that 
the project management package is very much an integration of other 
gnue packages: HR, accounting, dcl, etc.</quote>
He had used Open Plan from Welcom Software, which (although Windows 
only) <quote who="Gil Hauer">allowed the project manager to
assign skill to people/things in the resource pool. It also allowed the
project manager to assign a skill to a task rather than a person. During
the scheduling phase the project selected the 'best' candidate from the
pool that satisfied the skill. 'Best' generally meant 'the most
available' I think.</quote>.</p>

<p>Mark also noted that <quote who="Mark Smith">Part of the business of 
comparing estimates to actuals depends on getting the actual hours into the 
project management application, which I find isn't well catered for generally. 
It would be really good if there could be a 'Time and Expenses' module where
everyone can enter the hours worked each week on each task within a project.
</quote> He had <quote who="Mark Smith">been hearing the term 'Professional 
Services Automation' (PSA) used recently to describe this kind of integration 
of Project Management  and other applications, and it would certainly make 
life easier if it could be achieved.</quote>. Gil said 
<quote who="Gil Hauer">I think that this is where integration with DCL would 
happen -- activities in the project plan could be bound to work-order entries 
in DCL where engineers enter hours as well as completion information. I
don't know enough about DCL yet though.</quote></p>

<p>However, this was a weak spot with many existing Project Management
tools - <quote who="Gil Hauer">I'm stuck right now having to use MS Project 
in VMware under Linux 'cause it's the only solution</quote> and even that 
was not ideal. Ralph Mayer said Microsoft Project was 
<quote who="Ralph Mayer">some sort of an &quot;unfinished&quot; software. 
It can do a lot, but most of the real-world-problems can only be solved 
useing VB(A). Thats my problem, I am projektmanager, not a VBA-programmer 
:-)</quote> Rich Bodo said <quote who="Rich Bodo">I always use a spreadsheet.  
I have managed fairly complex projects in this manner.  Most MS tools appear 
to be designed by comittee.</quote></p>

</section>

<section title="First fruits of the GNUe/DCL merger" subject="[IRC] 21 Mar 2002" archive="http://www.gnuenterprise.org/irc-logs/gnue-public.log.21Mar2002" startdate="21 Mar 2002 00:00:00 -0800" enddate="21 Mar 2002 00:00:00 -0800">
<topic>DCL</topic>


<p>Harald Mayer (Harald1) asked <quote who="Harald Mayer">is 
anything decided about how the merge will be executed? 
will only the db-structure of dcl stay?</quote> Derek 
Neighbors (derek) said this was <quote who="Derek Neighbors">
not fully decided - the first thing you will see is that dcl
is getting more external development - as of today some rbac 
stuff was submitted as a patch - while it might not be the 
long term direction it solves some important issues 
immediately - also in the cvs head branch you will notice 
GNUe Forms (non web screens) for DCL being checked in - the 
contact management portion will be much much more robust in 
next DCL - and probably even further extened into real CRM in 
the GNUe CRM stuff</quote>. If the database structure of DCL 
did have to change, then <quote who="Derek Neighbors">the 
upgrade path will handle</quote> any changes needed. As well 
as the GNUe Forms for DCL in CVS, he also had 
<quote who="Derek Neighbors">some others too that arent in cvs 
that need cleaning up</quote> but which were in his home directory
on the GNUe webserver.</p>

</section>

<section title="Electronic Business XML" subject="[IRC] 21 Mar 2002" archive="http://www.gnuenterprise.org/irc-logs/gnue-public.log.21Mar2002" startdate="21 Mar 2002 00:00:00 -0800" enddate="27 Mar 2002 00:00:00 -0800">


<p>Talking further about the issues raised in 
<kcref title="Electronic Business XML" startdate="12 Dec 2001 00:00:00 -0800"/>, 
Sacha Schlegel (SachaS) said that <quote who="Sacha Schlegel">the 
openebxml laboratory in sweden has about 5 &quot;scientists&quot; 
doing projects for and around it. The people have different projects.
They are placed between computer science and business. 
They want to realise business solutions with computer science help.</quote>
They wanted to model business processes using tools like UML, but also
<quote who="Sacha Schlegel">have executable models. so you model 
then &quot;save&quot; and &quot;start&quot;.</quote>. Reinhard 
M&#252;ller (reinhard) thought a tool to convert UML to GNUe Application 
Server Class Definitions would be useful - 
<quote who="Reinhard Müller">that's what we are planning anyway - at 
least it was my understanding - to have a &quot;designer&quot; for 
geas - that will work on a high level and save it into xml files and/or
database</quote>.</p>

<p>Sacha also mentioned <quote who="Sacha Schlegel">BPML 
<a href="www.bpml.org">Business Process Modelling Language</a></quote>.
This allowed you to <quote who="Sacha Schlegel">model the 
enterprise business. the next step is inter-enterprise business
and there you can model with ebXML (electronic business XML).
ebXML focues heavily on inter enterprise business, called collaborations.</quote>
However, <quote who="Sacha Schlegel">you need some kind of mapping</quote>
between the BPML models of the inside of enterprises and the ebXML models of the 
inter-relations between enterprises. He was still keen on doing some academic
research on some topic around ebXML or enterprise modelling.</p>

<p><a href="https://web.archive.org/web/20071111055127/http://www.gnuenterprise.org/irc-logs/gnue-public.log.22Mar2002">
The next day</a>, Sacha explained 
<quote who="Sacha Schlegel">BPML is a meta language.
- basically a xml vocabulary for business processes.</quote> 
He wasn't sure what was meant by <quote who="Sacha Schlegel">a business process</quote>. 
Reinhard suggested <quote who="Reinhard Müller">an algorithm for the business</quote>. 
Sacha said <quote who="Sacha Schlegel">so basically BPML has some tags which people can 
use to describe their business processes (as mentioned yesterday, mainly 
for enterprise business processes)</quote>. According to the specification, 
<quote who="Sacha Schlegel">A process is a specific ordering of work 
activities across time and place, with a beginning, an end, and clearly 
defined inputs and outputs</quote>. He noted <quote who="Sacha Schlegel">
the main entities of the BPML vocabulary are: - messages, - 
participants, - activites, - rules, -transactions and - processes.</quote>
However, <quote who="Sacha Schlegel">I guess there is no software out there yet which 
&quot;simply&quot; parses it and executes it and voila you have a system which 
handles your processes.</quote> Maybe GNUe would end up as such a system.</p>

<p><a href="https://web.archive.org/web/20071111055127/http://www.gnuenterprise.org/irc-logs/gnue-public.log.27Mar2002">
Some days later</a>, Sacha apologised for saying in his paper that 
<quote who="Sacha Schlegal">there is so much missing</quote> from GNUe at 
time of writing. Derek thought that was fair comment, but rather than 
say <quote who="Derek Neighbors">its like a car with out a motor -
it should read its like a motor w/o a car</quote>. He said 
<quote who="Derek Neighbors">I really really want to get some gnue 
apps out the door -  even if they are not the 'official' n-tier spec.</quote>
He posted a link to Sacha's article on the GNUe website -
<quote who="Derek Neighbors">its actually a pretty darn good little 
research paper - i recommend reading it if you are interested in such 
glamorous and exciting things as electronic business :)</quote>.</p>

</section>

<section title="Using DCL to report bugs for GNUe" subject="[IRC] 21 Mar 2002" archive="http://www.gnuenterprise.org/irc-logs/gnue-public.log.21Mar2002" startdate="21 Mar 2002 00:00:00 -0800" enddate="21 Mar 2002 00:00:00 -0800">
<topic>DCL</topic>


<mention>Harald Meyer</mention>

<p>Harald Meyer (Harald1) pointed out that the BUGS file was out of date. 
Derek Neighbors (dneighbo) said that DCL was now the preferred method of 
recording bugs for the GNUe project - <quote who="Derek Neighbors">soon 
the bugs file should be generated from there - 
until then consider the bugs file out of date :)</quote>. 
There was a guest account 
<a href="https://web.archive.org/web/20071111055127/https://dcl.sourceforge.net/dclgw/">on the DCL server</a>, 
but it was read-only. Soon there would be a gateway so that e-mails 
sent to the bugs@gnuenterprise.org address would automatically 
raise a job in DCL. People who intended being active bug loggers 
could contact Derek for a 'personal' DCL username and password.</p>

</section>

<section title="Using GNUe Forms with Glade" subject="[IRC] 21 Mar 2002" archive="http://www.gnuenterprise.org/irc-logs/gnue-public.log.21Mar2002" startdate="21 Mar 2002 00:00:00 -0800" enddate="21 Mar 2002 00:00:00 -0800">
<topic>Forms</topic>


<p>Linas Vepstas (linas) asked <quote who="Linas Vepstas">anyone 
here discussing how to use glade to hook up to gnue forms?</quote>
James Thompson (jamest) said that the first version of GNUe Forms 
<quote who="James Thompson">was to base on glade code which was a mistake - 
they have different targets</quote>. Linas said he realised 
<quote who="Linas Vepstas">glade won't run on win or mac, that is not my 
concern.</quote>. With a bit of care, the XML definitions for GNUe 
Forms could also be compatible with Glade. James asked 
<quote who="James Thompson">so glade would draw the form and 
gfclient would run it, is that what you are saying?</quote> 
He didn't see what this would gain. Linas said <quote who="Linas Vepstas">I've 
got to develop a pretty looking glade app; its gotta be pretty or they'll
make me code in VB. Ughh.  I'm using glade and some custom gtk widgets.
Its mostly data-driven: which means most of it is gnue-forms-like - 
so I'm scratching my head: what's the easiest way from here to there?
I could do it from scratch, I could enhance gnue-forms, I could try 
bond/bonddb</quote>. He said <quote who="Linas Vepstas">every 
half hour I change my mind. The from-scartch approach is to 
hack some xml that hooks up odbc table.fields to libglade widget 
names.  Should be easy, but ... but it leaves me cold for a 
long-term strategy (reports, etc.)</quote>. He needed to be able to 
support a <quote who="Linas Vepstas">mxiture of buttons, menus, 
radio/select, text areas with padding and glitz</quote>. He 
<quote who="Linas Vepstas">also have some custom scrolling 
strip-chart widgets and a satellite photo map underlay</quote> 
which he already had working, but <quote who="Linas Vepstas">now 
I have to hook up a bunch of forms to a database thats the 
easy/hard part - easy but tedious; alternately, hard if I try 
to merge into gnue :-(</quote>.</p>

<p>Later, Derek Neighbors (dneighbo) said <quote who="Derek Neighbors">linas 
glade support is a WASTE - if you want glade use glade - 
our designer IMHO is superior to glade at this point and cross platform. 
i assume your &quot;issues&quot; are either a. lack  of 'cool' widget support
or b. you desire native gtk. If you want (a) forms really isnt too 
interested in that, i suggest just using glade. If you desire native gtk
simply write a UIgtk.py file. I personally see glade as having nothing
to do with forms</quote>. James suggested <quote who="James Thompson">you 
may want to see about mixing and matching, using forms where it 
saves you time - as designer wizards make that part so easy - 
but dropping to glade where you need the glitz</quote>. 
Derek said <quote who="Derek Neighbors">a year ago, someone could 
convince me that perhaps glade could be retrofited to be our designer - 
but honestly now our designer is there and it 'rocks'(tm)
so i cant see going backwards :)</quote>. He continued 
<quote who="Derek Neighbors">if you just want easy databinding in glade - 
fsthere are lots of projects that are doing databinding for glade - 
gnome-db being one of them</quote>. James said 
<quote who="James Thompson">it may be possible to extend the forms client 
to do more ie: support widget plugins, but that's going to take work :)</quote>. 
Derek said, based on previous discussions, <quote who="Derek Neighbors">
making gnue MORE complex isnt our goal :)</quote>.</p>

<p>Later, James confirmed <quote who="James Thompson">we 
constantly have to defend keeping the gfd simple :)</quote> 
Linas said he had had similar issues keeping gnucash under 
control - <quote who="Linas Vepstas">its weird, you want to 
encourage contributors, so you don't want to piss people off, 
but its hard to say &quot;don't implement that its a bad 
idea&quot; without pissing them off - or accidentally specing 
something thats too grandioise for them to implement.</quote> 
Derek said <quote who="Derek Neighbors">im all for contributions - 
im just saying what you are proposing doesnt make a lot of sense
as iirc glade has some databinding capablities or so i hear</quote>. 
However, <quote who="Derek Neighbors">it is of course gpl software 
and you can do as you like - and we would support you in it unless 
it was really whacked :)</quote></p>

</section>

<section title="i18n support in Forms" subject="[Gnue-dev] Re: [gnue-discuss] utf-8?" archive="http://mail.gnu.org/pipermail/gnue-dev/2002-March/000078.html" startdate="22 Mar 2002 00:00:00 -0800" enddate="27 Mar 2002 12:28:32 -0800">
<topic>Forms</topic>


<mention>ra3vat</mention>

<p>Further to 
<kcref title="International support for GNUe" startdate="18 Mar 2002 00:00:00 -0800"/>,
Arturas Kriukovas (Arturas) reported 
<a href="https://web.archive.org/web/20071111055127/http://www.gnuenterprise.org/irc-logs/gnue-public.log.22Mar2002">on 
IRC</a> that Dmitry Sorokin (ra3vat) had had 
even more problems with i18n than he had had when trying to reproduce the 
bug. Arturas couldn't find <quote who="Arturas Kriukovas">where in forms 
font is set up?</quote>. Derek Neighbors (dneighbo) suggested 
<quote who="Derek Neighbors">if set anywhere would be gnue.conf</quote> - 
otherwise <quote who="Derek Neighbors">its coming from 
your theme of either gnome/kde or windowmanager</quote>. 
Dmitry confirmed that he was receiving i18n e-mails from Arturas, 
but the GNUe Forms attatchments were showing 
<quote who="Dmitry Sorokin">as one-byte character string</quote>.
Derek confirmed that some documentation he found for wxPython 
implied <quote who="Derek Neighbors">that the THEME font is used</quote>
unless over-ridden. He suggested <quote who="Derek Neighbors">change your 
theme to a really ODD and DISTINGUISHING FONT - then open up forms - 
if it has that same odd font you know its using the theme</quote>. 
Arturas did so, and confirmed there were 
<quote who="Arturas Kriukovas">no changes in forms, although kde 
looked really awfully</quote>.</p> 

<p>Arturas said the default enoding in Forms was ASCII, but 
<quote who="Arturas Kriukovas">if i enforce strings as unicode</quote> 
then <quote who="Arturas Kriukovas">you'll get nice i18n data</quote>, 
but it would only display on the form header, not in the data. 
James Thompson (jamest) confirmed <quote who="James Thompson">the 
font encoding is in UIwxpython</quote>, but 
<quote who="James Thompson">i haven't messed with fonts in forms 
in a long, long time</quote>.</p>

<p>Derek said his preferred solution would be to set the font 
<quote who="Derek Neighbors">in gnue.conf - allow people to set the font
like we do other font options</quote>. Arturas said 
<quote who="Arturas Kriukovas">i hope adding something like 
'encoding=&quot;utf8&quot;' should be enough</quote>.</p>

<p><a href="https://web.archive.org/web/20071111055127/http://www.gnuenterprise.org/irc-logs/gnue-public.log.25Mar2002">
Three days later</a>, Derek confirmed that using _SYSTEM or _DEFAULT instead 
of _UTF8 <quote who="Derek Neighbors">worked here - 
(ie designer/forms run fine) but i could not test to see if made difference</quote> 
to the actual display. Arturas said none of these options 
had made any difference for him, <quote who="Arturas Kriukovas">but i start to believe
that's my linux configuration problem</quote>. Dmitry Sorokin (ra3vat) posted 
a general appeal for people to test some python imports 
<quote who="Dmitry Sorokin">and give output back here or to my 
email</quote> to help track the problem down.</p>

<p><a href="https://web.archive.org/web/20071111055127/http://www.gnuenterprise.org/irc-logs/gnue-public.log.26Mar2002">
The next day</a>, Dmitry got various volunteers to try the python imports for him, 
and some progress was made.</p>

<p>On the mailing list the next day, he referred back to 
<kcref subject="[gnue-discuss] utf-8?" startdate="01 Feb 2002 23:39:54 -0800"/>,
and said that although <quote who="Dmitry Sorokin">it 
would be more dependable someday to have all string represented
in unicode and use specific functions to handle them</quote>, in 
the meantime <quote who="Dmitry Sorokin">str() also _does handle_ 
strings with chars beyond ascii if desired encoding is
provided via setdefaultencoding()</quote>. However, 
<quote who="Dmitry Sorokin">that function is not available at run 
time.</quote> This could either be fixed by 
<quote who="Dmitry Sorokin">a. manually changes in 
PYTHONPATH/site.py</quote> or <quote who="Dmitry Sorokin">b. 
adding custom module named sitecustomize</quote>. 
Previously, when GNUe had used python 1.5.2 rather than 
2.x, <quote who="Dmitry Sorokin">I was able to run
my customized (non-ascii) forms only after adding</quote> 
specific calls for Russian fonts, similar to what Derek had 
suggested earlier in the thread. But with python 2.x, 
<quote who="Dmitry Sorokin">it works without modification when
you first provide that getdefaultencoding() gives non
'ascii' in output.</quote> He quoted some material from 
the <a href="https://web.archive.org/web/20071111055127/http://diveintopython.org/kgp_unicode.html">Dive 
Into Python</a> website that implied that the sitecustomize.py 
file determined this. Likewise, 
<a href="https://web.archive.org/web/20071111055127/http://www.lemburg.com/files/python/unicode-proposal.txt">
www.lemburg.com</a> said that <quote who="Dmitry Sorokin">the 
default site.py startup module contains disabled
optional code which can set the &lt;default encoding&gt; according to 
the encoding defined by the current locale.</quote> He wondered if 
GNUe could <quote who="Dmitry Sorokin">try to build at least binary 
snapshot with default encoding set according to the current locale?
I did not find how to do required settings after the 
installation.</quote></p>

</section>

<section title="Bug-testing Designer and Forms" subject="[IRC] 22 Mar 2002" archive="http://www.gnuenterprise.org/irc-logs/gnue-public.log.22Mar2002" startdate="22 Mar 2002 00:00:00 -0800" enddate="23 Mar 2002 00:00:00 -0800">
<topic>Designer</topic>
<topic>Forms</topic>


<p>Harald Meyer (Harald1) reported a crash using GNUe Forms on Windows, using 
python 2.2. Derek suggested <quote who="Derek Neighbors">2.2 you dont want - 
drop to 2.1 - 2.2 is buggy - you can use it but you wont be able to save forms 
in designer because of a streamIO bug in unicode support w/ 2.2 (still unfixed 
even in last candidate release)</quote>, as previously discussed in
<kcref title="Occasional unicode problems with Designer" startdate="09 Feb 2002 00:00:00 -0800"/>. 
This meant <quote who="Derek Neighbors">
if you save them - reopen them - and save them</quote> then a null (^@) 
character would be inserted <quote who="Derek Neighbors">after EVERY character - 
so you get ^@o^@u^@t^@p^@u^@t^@ like that :) - if you have someone one staff you 
want to 'joke' with - this is one of thsoe good 'joke' bugs :)</quote>. Some editors
wouldn't display the null characters, but <quote who="Derek Neighbors">in emacs its 
visible</quote>. Harald reported he didn't seem to be having this problem, 
<quote who="Harald Meyer">but if i do save-&gt;load it crashes</quote>. Derek suggested 
<quote who="Derek Neighbors">is there way you can install python2.1 on that machine 
as well? -  or better yet just grab the 0.1.1 release -  it has all dependencies 
compiled in so to speak</quote>. James Thompson (jamest) was impressed that Harald 
had installed GNUe and all the dependancies on Windows from source - 
<quote who="James Thompson">that's cool, most people use the bins</quote>. Derek 
said that Harald's coolness had already been established, 
<quote who="Derek Neighbors">as he actually submits bug reports :)</quote>. 
Harald said <quote who="Harald Meyer">my win is mostly unix: apache, mysql, 
perl, php, xemacs, gcc, ...</quote> Jason Cater (jcater) suggested that Harald was 
effectively running <quote who="Jason Cater">GNU/Win ?</quote>. Derek said that 
<quote who="Derek Neighbors">its scary but i hear pretell that
Debian/Windows is close via cygwin i.e. apt and much of debian is getting tooled 
to be usable via cygwin</quote>.</p>

<p><a href="https://web.archive.org/web/20071111055127/http://www.gnuenterprise.org/irc-logs/gnue-public.log.23Mar2002">
The next day</a>, harald reported <quote who="Harald Meyer">
I completed the tests</quote> with different versions of Designer and python -
<quote who="Harald Meyer">should I post the complete results to dcl, as there 
were some more problems with the exe-releases ?</quote> Derek requested 
<quote who="Derek Neighbors">please file the bug - it exists in linux as well 
- i.e. my current cvs does the exact same thing</quote>. He 
<quote who="Derek Neighbors">loves that we have another bug hunter, i was feeling 
so lonely</quote>. Harald said that the 0.1.0 <quote who="Harald Meyer">gfdesigner 
exe release</quote> had several further bugs that the CVS version did not have, 
and <quote who="Harald Meyer">It seems that the saving bug is even worse. It 
crashes on other files, too, after one file was saved and closed - but it does 
not crash, when the first file is not closed</quote>.</p>

<p>Later, Harald asked <quote who="Harald Meyer">which trigger events are 
implemented, just those from 
<a href="https://web.archive.org/web/20071111055127/http://www.gnuenterprise.org/docs/techref/x81.html">
http://www.gnuenterprise.org/docs/techref/x81.html</a> or all?</quote>. 
Derek said <quote who="Derek Neighbors">the ones in the techref 'should' be 
implemented -  but these are things that unless one of the developers are 
using them, probably are not getting properly regression tested</quote>. 
He suggested for the moment testing or looking at the source code to find out - 
<quote who="Derek Neighbors">(bad answer i know)</quote>. If 
<quote who="Derek Neighbors">you use one that is the tech ref and it doesnt 
work please file a bug against it</quote></p>

<p><a href="https://web.archive.org/web/20071111055127/http://www.gnuenterprise.org/irc-logs/gnue-public.log.25Mar2002">
Two days later</a>, Harald Meyer (Harald1) reported a further bug with Designer, 
which was happening with the CVS version, but not the official 0.1.1 release - 
<quote who="Harald Meyer">try making any object in designer, and delete it via 
the context menu</quote>. Daniel Baumann (chillywilly) updated his version to 
CVS, and confirmed <quote who="Daniel Baumann">it crashed</quote>. 
Harald said he had <quote who="Harald Meyer">already tracked the bug so far down, 
that it happens,if LayoutDesigner's OnDelete is called - though it doesn't crash 
right in there, but sometime later</quote>. Daniel asked 
<quote who="Daniel Baumann">does it crash if you delete a widget a different way?</quote>.
Harald said <quote who="Harald Meyer">it doesn't crash if I replace the Destroy() with 
Show(false) and designer works a expected. Just a waste of resources</quote>.</p>

</section>

<section title="GNUe Application Server APIs" subject="[IRC] 23 Mar 2002" archive="http://www.gnuenterprise.org/irc-logs/gnue-public.log.23Mar2002" startdate="23 Mar 2002 00:00:00 -0800" enddate="23 Mar 2002 00:00:00 -0800">
<topic>Application Server</topic>


<mention>Daniel Baumann</mention>

<p>Further to 
<kcref title="GNUe Application Server version 2 update" startdate="19 Mar 2002 00:00:00 -0800"/>,
Daniel Baumann (chillywilly) said he was working on some proposals
for the GNUe Application Server API. Later, Reinhard M&#252;ller (reinhard) 
supported this, but added <quote who="Reinhard Müller">please make sure 
we all know what you are talking about</quote> - the API between what and 
what. He said the <quote who="Reinhard Müller">final documentation will 
be separated by the intended reader -  an API doc (for the front end) - 
and an internal &quot;hacker's guide&quot;</quote>.</p>

</section>

<section title="Testing strategy for GNUe" subject="[Gnue-dev] Testing framework?" archive="http://mail.gnu.org/pipermail/gnue-dev/2002-March/000063.html" posts="4" startdate="25 Mar 2002 22:57:31 -0800" enddate="26 Mar 2002 09:31:44 -0800">


<p>Harald Meyer asked <quote who="Harald Meyer">
Does GnuEnterprise have an overall testing strategy, which describes
how a new class has to be tested, before it is added to cvs or to a
release?</quote>. Jason Cater said <quote who="Jason Cater">
We do not currently have a formal testing framework for our tools. Well,
for that matter, we don't even have an "informal" testing framework. :)
</quote>. It would be needed eventually, but <quote who="Jason Cater">
I think we are still a bit early in our development cycle to spend 
much time on this.</quote>. Derek Neighbors said <quote who="Derek Neighbors">
Yes I generally before a release run a few 'guantlet' forms I have to test 
functionality.  I would like to see this more robust.</quote> He had 
<quote who="Derek Neighbors">been investigating several Python testing 
suites that are general python.  I will give a formal report on them soon.</quote>
He outlined his preferred testing strategy for the short, mid and long 
term. Jason Cater added <quote who="Jason Cater">Long term, of
course,  we really need a more robust, formal testing system.  
But for the near term, I think our time is better spent on getting good
documentation written and improving the robustness of our existing code.
I think most would agree.</quote></p>

</section>

<section title="GNUe Reports Output" subject="[Gnue-dev] GNUe Reports Output Markup" archive="http://mail.gnu.org/pipermail/gnue-dev/2002-March/000067.html" posts="9" startdate="26 Mar 2002 14:36:22 -0800" enddate="27 Mar 2002 11:12:04 -0800">


<p>Jason Cater said that, after the discussions in 
<kcref subject="[Gnue-dev] GNUe Reports and xmlns, oh my!" startdate="19 Mar 2002 18:38:20 -0800"/>, 
he had decided to use <quote who="Jason Cater">XML namespaces in Reports</quote>, 
and now wanted to discuss <quote who="Jason Cater">*what* these tags will be 
:)</quote>.</p>

<p>Jason suggested <quote who="Jason Cater">The report definition shouldn't 
contain references to page sizes, etc</quote>, but might 
<quote who="Jason Cater">provide *hints* (e.g., this report looks best in a 
landscape format, etc)</quote>.</p>

<p>He added <quote who="Jason Cater">I'm thinking in terms of a &quot;logical&quot; 
formatting markup, similar to HTML, DocBook, or TeX, as opposed to an 
&quot;absolute&quot; formatting</quote>. This would make it easier to create 
different types of output from the same source. 
John Lenton said that using &quot;logical&quot; formatting markup 
<quote who="John Lenton">makes it from hard to impossible
to work with preprinted stuff</quote>, and suggested 
<quote who="John Lenton">you should at least allow xpos and ypos 
attributes, as hints if you want</quote> which the report engine
could either ignore or heed depending on the final output format.
He also added <quote who="John Lenton">raw text</quote> as a 
suggested output format <quote who="John Lenton">For dotmatrix 
printers printing onto preprinted fanfold</quote>, which were 
still common for things like invoices. Jason said that 
<quote who="Jason Cater">pre-printed stock reports</quote> were 
<quote who="Jason Cater">a completely different breed of
animal. :)</quote> Derek Neighbors agreed - 
<quote who="Derek Neighbors">Since they are more 
specialized they should probably be addressed after we have a civil model 
for normal reporting. :)</quote></p>

<p>Jason suggested that a wide range of output formats should be supported, 
including postscript, PDF, HTML, RTF, CSV and TeX/LaTeX. Other formats, such 
as for specific printers, could be derived from these. Derek suggested supporting 
output for <quote who="Derek Neighbors">say staroffice/excel/word (in native xml 
format)</quote>. This would be <quote who="Derek Neighbors">SOOO much better 
than exporting to csv then opening in excel.</quote> Jason said 
<quote who="Jason Cater">Actually, Excel (or at least OpenOffice's scalc) 
is a *big* need for me. CSV is very limited in it's usefulness. I was just 
apprehensive about mentioning a non-free file format as a &quot;necessity&quot; :) 
I included RTF because I figured it'd meet most of the &quot;Word Processor&quot;
needs. For the most part, RTF would do everything we need for this class
of output. (Or will it? how well are tables supported in RTF?)</quote>.
He was <quote who="Jason Cater">not sure of the practicality of saving the
formulas, but having them show up in Excel would rock a few socks.</quote>
He could use the debugging 'hints' field already in the format to implement 
this. Derek said <quote who="Derek Neighbors">
Um in forecasting / staffing and similar situations it just kicks butt.  
As if you bring over the forumlas opposed to the cacluated number, they 
can key into the report and have formulated fields calcuated on the fly it 
might sound dumb but give it to an accountant and expect donuts in the 
morning. :)</quote>.</p>

<p>Jason also said <quote who="Jason Cater">I would like to see a generic 
report &quot;skin&quot;, or template</quote> which would apply 
<quote who="Jason Cater">site-specific conventions (e.g., paper size, logos, 
standard header styles, etc)</quote>.Derek said it might be possible to do 
this either using <quote who="Derek Neighbors">'entities' in the .xsl files 
or use multiple .xsl files.</quote>.</p>

<p>Stan Klein suggested supporting <quote who="Stan Klein">AbiWord native 
format.</quote> He felt <quote who="Stan Klein">this will probably cover 
mail merging.  It isn't overprinting of pre-printed forms, but covers 
formatted, templated forms.</quote> He suggested GNUe could 
<quote who="Stan Klein">Not cast any tags in concrete within GNUe Reports
</quote> unless they were necessary for the logic of the application, 
with as much as possible derived from <quote who="Stan Klein">a 
user-definable file of tags.</quote>. He thought the initial output 
parser should output a single standard format <quote who="Stan Klein">like 
DocBook with a GNUe Reports DTD that can produce all the other formats.  
I don't see a need for *developing* a GNUe-Reports-specific
output format conversion program.  In fact, I think it would be best to use
as much as possible of what's out there already before we even consider
rolling our own.  It might turn out that a minor fix to something already
existing would do everything we need.  That's the Innovation Commons of
Free Software at it's best</quote></p>

</section>

<section title="Free alternatives to GNUe Reports" subject="[Gnue-dev] Products similar to Reports?" archive="http://mail.gnu.org/pipermail/gnue-dev/2002-March/000068.html" posts="2" startdate="26 Mar 2002 14:55:53 -0800" enddate="26 Mar 2002 16:14:45 -0800">


<p>Jason Cater said <quote who="Jason Cater">
While finalizing our output format, I'd like to look at some products
with similar goals as GNUe Reports.  Does anyone know of competing
free/open source implementations?</quote> He was aware 
of <a href="https://web.archive.org/web/20071111055127/http://datavision.sf.net/">DataVision</a> and 
<a href="https://web.archive.org/web/20071111055127/http://www.reportlab.com/">ReportLab</a>.
Derek also mentioned <a href="https://web.archive.org/web/20071111055127/http://www.thekompany.com/projects/kugar/">
Kugar</a>, which used fixed positioning, and did not appear to 
have a visual designer. <quote who="Derek Neighbors">
This is now standard in Koffice. It is GPL however.</quote></p>

</section>

<section title="Current status of GNUe" subject="[IRC] 26 Mar 2002" archive="http://www.gnuenterprise.org/irc-logs/gnue-public.log.26Mar2002" startdate="26 Mar 2002 00:00:00 -0800" enddate="26 Mar 2002 00:00:00 -0800">
<topic>Forms</topic>
<topic>Designer</topic>
<topic>Application Server</topic>
<topic>DCL</topic>
<topic>Financials (Accounting)</topic>


<mention>ra3vat</mention>

<p>Dmitry Sorokin (ra3vat) said that the <quote who="Dmitry Sorokin">tools 
(forms, designer) are useful enough for 2-tier mode</quote>. 
You could <quote who="Dmitry Sorokin">use designer and then customize them 
without strong XML knowledge</quote>. The <quote who="Dmitry Sorokin">modules 
(like accounting, ...) are not ready</quote>, apart from DCL - 
<quote who="Dmitry Sorokin">they were designed to be used with application 
server and now application server is in rewrite stage</quote>. 
Peter Sullivan (psu) said <quote who="Peter Sullivan">The team are all 
volunteers at the moment, so we work w/o deadlines - 
as no-one can tell how much time they will have</quote>. 
He said <quote who="Peter Sullivan">you can certainly use the GNUe tools 
in 2-tier to write apps yourself - If you're looking for 
&quot;shrink-wrap&quot; install and go Financials, HR, etc
we're not there yet and to be honest we need to get the n-tier tools 
written &amp; working before we start there.</quote> Dmitry noted that Forms 
and Designer were available as a <quote who="Dmitry Sorokin">bynary snapshot 
for MS (it is single .exe to get forms working)</quote>. Peter said 
<quote who="Peter Sullivan">the official release is a few months old, you can 
either use that - or the nightly CVS snapshots</quote>. For the server end, 
<quote who="Peter Sullivan">for the database back-end, use your choice of 
database - for the app-server backend, we have an Application Server that a 
company kindly contributed - but which needs an extensive re-write which is 
just starting. On databases, we currently support loads of free and non-free 
choices - including ODBC (i.e. pretty much anything that has an ODBC 
driver)</quote>. He noted that <quote who="Peter Sullivan">Even today, 2-tier 
is a good framework for those sorts of little projects that you start in MS 
Access before you realise you actually need something bigger ;-)</quote>.</p>

<p>He confirmed <quote who="Peter Sullivan">we are looking at providing 
mutliple client access, including HTML - there was a guy working on a 
<kcref title="HTML Client for GNUe Forms" startdate="18 Jan 2002 00:00:00 -0800">pure 
HTML client</kcref> - 
not sure where that got to we also had someone working on 
<kcref title="PHP client for GNUe Forms" startdate="13 Feb 2002 00:00:00 -0800">a PHP 
client</kcref> - which I think made more preogress</quote>. 
However, <quote who="Peter Sullivan">In practice, I would expect that using 
complicated forms via web would be quite painful - so power-users would 
probably always want to use a proper Forms client - but for occasional users, 
web is probably fine. Some of our project team are big web-application haters - 
but if you look at DCL, that is exclusively web-based at the moment -
so go figure ;-)</quote></p>

<p>Later, Derek Neighbors (dneighbo) said <quote who="Derek Neighbors">currently 
we have a framework but not the 'shrink wrap' applications - so you could 
download and install the framework to use with postgres in probably under 4 hours - 
on debian if you are experienced linux user w/ postgres running probably take you 
about 10 minutes</quote>. Although several organisations were using GNUe 
'in production,' this was by using <quote who="Derek Neighbors">paid consultants or 
in house staff to write the applicatiosn with the framework as 'custom' 
applications</quote>. As of time of writing, <quote who="Derek Neighbors">if 
you just want a 'ledger' you might be able to use gnucash or sqlledger - 
if you want more than that i think gnue is right for you if you are willing to 
put some work into building what you need</quote>. He said 
<quote who="Derek Neighbors">we are looking for people willing to build/use 
applications :) -  the problem is we ahve limited people resources - 
and most of the resources are making the tools better - 
if they stop to build official applications the tools suffer - 
so we are rough spot - more hands help :) - in fact people that are less 
engineer and more consulting type are what we need most :)</quote>. 
He regretted having to keep pointing interested people to other projects -
<quote who="Derek Neighbors">i really dont want to point you there would 
MUCH rather have you use gnue - but if it fits your needs better so be it 
:(</quote>. He was considering building a GNUe front-end to the sql-ledger 
database structures</p>

<p>Peter said that <quote who="Peter Sullivan">the class defintions for GL 
were fairly simple - could easily be written as normal SQL tables - 
question is - do we want a 2-tier GL at this point?
or does it simply divert us from geas?</quote> Derek said 
<quote who="Derek Neighbors">its a toss up - 
i for example would say you and i probably really arent really hot on 
tuning up GEAS - as its not our 'domain'</quote>, so they might as 
well work on 2-tier applications meanwhile. However, Peter said the
<quote who="Peter Sullivan">problem to me is that a 2-tier gl doesn't 
go anywhere - as we scrap it the day we have geas v2 - &amp;
a gl w/o ap, ar etc</quote> was probably only of limited use.</p>

</section>

<section title="Argentinian ERP development using GNUe" subject="[IRC] 26 Mar 2002" archive="http://www.gnuenterprise.org/irc-logs/gnue-public.log.26Mar2002" startdate="26 Mar 2002 00:00:00 -0800" enddate="26 Mar 2002 00:00:00 -0800">


<p>Further to 
<kcref subject="[Gnue-dev] Introducing proyect PAPO" startdate="20 Mar 2002 00:00:00 -0800"/>,
John Lenton (Chipaca) said his team had been working on an 
Entity Relationship Diagram for their project, and offered to send it 
via DCC, although it was a work in progress at the moment. 
Derek Neighbors (dneighbo) suggested <quote who="Derek Neighbors">go 
ahead and send when more complete - glad to see you stopping by - 
was worried you decided gnue wasnt right tool for the job</quote>. 
John said <quote who="John Lenton">it is, or it will be, we're not sure on 
that yet :) - if what you advertise on www.gnue.org were correct, we'd be out 
of a job :)</quote> Derek said <quote who="Derek Neighbors">i just 
encourage you to remember if it doesnt fit exactly -  with a little work it 
probably could :)</quote></p>

<p>He was thinking <quote who="Derek Neighbors">of doing a promotional - 
free tacos for every gnue commit that gets approved on 'developer days'</quote>, 
based on some other projects. The reward <quote who="Derek Neighbors">
would be 'locale' based</quote>, but he was <quote who="Derek Neighbors">
not sure how we can stream the donuts</quote>. John suggested 
<quote who="John Lenton">you marshall them into XML, of course - 
that'll be the first GUI DTD</quote>. Derek liked the sound of this.
Jason Cater (jcater) said <quote who="Jason Cater">I love all food</quote>.
Derek said <quote who="Derek Neighbors">the only kind of food i dont like - 
is the kind thats not in front of me</quote>.</p>

</section>

<section title="New poll for GNUe website" subject="[IRC] 27 Mar 2002" archive="http://www.gnuenterprise.org/irc-logs/gnue-public.log.27Mar2002" startdate="27 Mar 2002 00:00:00 -0800" enddate="27 Mar 2002 00:00:00 -0800">


<p>After the sucess of the poll mentioned in 
<kcref title="Polls for web site" startdate="06 Feb 2002 00:00:00 -0800"/>,
Derek Neighbors asked <quote who="Derek Neighbors">actually anyone 
have an idea for a new poll?</quote> Jason Cater (jcater) suggested 
<quote who="Jason Cater">how about &quot;What primary reporting 
solution does your business use?&quot;</quote>, and gave some possible 
answers. Peter Sullivan (psu) added a few more. Peter and Jason wondered 
about adding a ficticious package at the end such as 
<quote who="Peter Sullivan">OLAP-u-like</quote> or 
<quote who="Jason Cater">EZ-OLAP :)</quote>. Peter suggested 
<quote who="Peter Sullivan">sorta like the CowboyNeal option on 
<a href="https://web.archive.org/web/20071111055127/http://www.slashdot.org/">/.</a> polls</quote>. Later, Derek 
reported <quote who="Derek Neighbors">new poll is up</quote>.</p>

</section>

</kc><!--
     FILE ARCHIVED ON 05:51:27 Nov 11, 2007 AND RETRIEVED FROM THE
     INTERNET ARCHIVE ON 09:28:52 Dec 05, 2018.
     JAVASCRIPT APPENDED BY WAYBACK MACHINE, COPYRIGHT INTERNET ARCHIVE.

     ALL OTHER CONTENT MAY ALSO BE PROTECTED BY COPYRIGHT (17 U.S.C.
     SECTION 108(a)(3)).
-->
<!--
playback timings (ms):
  LoadShardBlock: 369.336 (3)
  esindex: 0.008
  captures_list: 382.218
  CDXLines.iter: 9.754 (3)
  PetaboxLoader3.datanode: 444.486 (4)
  exclusion.robots: 0.395
  exclusion.robots.policy: 0.377
  RedisCDXSource: 0.53
  PetaboxLoader3.resolve: 33.535
  load_resource: 147.781
-->