<?xml version="1.0" ?>

<script src="//archive.org/includes/analytics.js?v=cf34f82" type="text/javascript"></script>
<script type="text/javascript">window.addEventListener('DOMContentLoaded',function(){var v=archive_analytics.values;v.service='wb';v.server_name='wwwb-app41.us.archive.org';v.server_ms=226;archive_analytics.send_pageview({});});</script>
<script type="text/javascript" src="/static/js/ait-client-rewrite.js?v=1543384230.0" charset="utf-8"></script>
<script type="text/javascript">
WB_wombat_Init('https://web.archive.org/web', '20071111061014', 'www.kerneltraffic.org');
</script>
<script type="text/javascript" src="/static/js/wbhack.js?v=1543384230.0" charset="utf-8"></script>
<script type="text/javascript">
__wbhack.init('https://web.archive.org/web');
</script>
<link rel="stylesheet" type="text/css" href="/static/css/banner-styles.css?v=1543384230.0" />
<link rel="stylesheet" type="text/css" href="/static/css/iconochive.css?v=1543384230.0" />
<!-- End Wayback Rewrite JS Include -->
<!-- BEGIN WAYBACK TOOLBAR INSERT -->
<script type="text/javascript" src="/static/js/timestamp.js?v=1543384230.0" charset="utf-8"></script>
<script type="text/javascript" src="/static/js/graph-calc.js?v=1543384230.0" charset="utf-8"></script>
<script type="text/javascript" src="/static/js/auto-complete.js?v=1543384230.0" charset="utf-8"></script>
<script type="text/javascript" src="/static/js/toolbar.js?v=1543384230.0" charset="utf-8"></script>
<style type="text/css">
body {
  margin-top:0 !important;
  padding-top:0 !important;
  /*min-width:800px !important;*/
}
.wb-autocomplete-suggestions {
    text-align: left; cursor: default; border: 1px solid #ccc; border-top: 0; background: #fff; box-shadow: -1px 1px 3px rgba(0,0,0,.1);
    position: absolute; display: none; z-index: 2147483647; max-height: 254px; overflow: hidden; overflow-y: auto; box-sizing: border-box;
}
.wb-autocomplete-suggestion { position: relative; padding: 0 .6em; line-height: 23px; white-space: nowrap; overflow: hidden; text-overflow: ellipsis; font-size: 1.02em; color: #333; }
.wb-autocomplete-suggestion b { font-weight: bold; }
.wb-autocomplete-suggestion.selected { background: #f0f0f0; }
</style>
<div id="wm-ipp" lang="en" style="display:none;direction:ltr;">
<div style="position:fixed;left:0;top:0;right:0;">
<div id="wm-ipp-inside">
  <div style="position:relative;">
    <div id="wm-logo" style="float:left;width:130px;padding-top:10px;">
      <a href="/web/" title="Wayback Machine home page"><img src="/static/images/toolbar/wayback-toolbar-logo.png" alt="Wayback Machine" width="110" height="39" border="0" /></a>
    </div>
    <div class="r" style="float:right;">
      <div id="wm-btns" style="text-align:right;height:25px;">
                  <div id="wm-save-snapshot-success">success</div>
          <div id="wm-save-snapshot-fail">fail</div>
          <a href="#"
             onclick="__wm.saveSnapshot('http://www.kerneltraffic.org/GNUe/gnue20020427_26.xml', '20071111061014')"
             title="Share via My Web Archive"
             id="wm-save-snapshot-open"
          >
            <span class="iconochive-web"></span>
          </a>
          <a href="https://archive.org/account/login.php"
             title="Sign In"
             id="wm-sign-in"
          >
            <span class="iconochive-person"></span>
          </a>
          <span id="wm-save-snapshot-in-progress" class="iconochive-web"></span>
        	<a href="http://faq.web.archive.org/" title="Get some help using the Wayback Machine" style="top:-6px;"><span class="iconochive-question" style="color:rgb(87,186,244);font-size:160%;"></span></a>
	<a id="wm-tb-close" href="#close" onclick="__wm.h(event);return false;" style="top:-2px;" title="Close the toolbar"><span class="iconochive-remove-circle" style="color:#888888;font-size:240%;"></span></a>
      </div>
      <div id="wm-share" style="text-align:right;">
	<a href="#" onclick="window.open('https://www.facebook.com/sharer/sharer.php?u=https://web.archive.org/web/20071111061014/http://www.kerneltraffic.org/GNUe/gnue20020427_26.xml', '', 'height=400,width=600'); return false;" title="Share on Facebook" style="margin-right:5px;" target="_blank"><span class="iconochive-facebook" style="color:#3b5998;font-size:160%;"></span></a>
	<a href="#" onclick="window.open('https://twitter.com/intent/tweet?text=https://web.archive.org/web/20071111061014/http://www.kerneltraffic.org/GNUe/gnue20020427_26.xml&amp;via=internetarchive', '', 'height=400,width=600'); return false;" title="Share on Twitter" style="margin-right:5px;" target="_blank"><span class="iconochive-twitter" style="color:#1dcaff;font-size:160%;"></span></a>
      </div>
    </div>
    <table class="c" style="">
      <tbody>
	<tr>
	  <td class="u" colspan="2">
	    <form target="_top" method="get" action="/web/submit" name="wmtb" id="wmtb"><input type="text" name="url" id="wmtbURL" value="http://www.kerneltraffic.org/GNUe/gnue20020427_26.xml" onfocus="this.focus();this.select();" /><input type="hidden" name="type" value="replay" /><input type="hidden" name="date" value="20071111061014" /><input type="submit" value="Go" /></form>
	  </td>
	  <td class="n" rowspan="2" style="width:110px;">
	    <table>
	      <tbody>
		<!-- NEXT/PREV MONTH NAV AND MONTH INDICATOR -->
		<tr class="m">
		  <td class="b" nowrap="nowrap"><a href="https://web.archive.org/web/20060514212938/http://www.kerneltraffic.org:80/GNUe/gnue20020427_26.xml" title="14 May 2006"><strong>May</strong></a></td>
		  <td class="c" id="displayMonthEl" title="You are here: 06:10:14 Nov 11, 2007">NOV</td>
		  <td class="f" nowrap="nowrap">Dec</td>
		</tr>
		<!-- NEXT/PREV CAPTURE NAV AND DAY OF MONTH INDICATOR -->
		<tr class="d">
		  <td class="b" nowrap="nowrap"><a href="https://web.archive.org/web/20060514212938/http://www.kerneltraffic.org:80/GNUe/gnue20020427_26.xml" title="21:29:38 May 14, 2006"><img src="/static/images/toolbar/wm_tb_prv_on.png" alt="Previous capture" width="14" height="16" border="0" /></a></td>
		  <td class="c" id="displayDayEl" style="width:34px;font-size:24px;white-space:nowrap;" title="You are here: 06:10:14 Nov 11, 2007">11</td>
		  <td class="f" nowrap="nowrap"><img src="/static/images/toolbar/wm_tb_nxt_off.png" alt="Next capture" width="14" height="16" border="0" /></td>
		</tr>
		<!-- NEXT/PREV YEAR NAV AND YEAR INDICATOR -->
		<tr class="y">
		  <td class="b" nowrap="nowrap"><a href="https://web.archive.org/web/20060514212938/http://www.kerneltraffic.org:80/GNUe/gnue20020427_26.xml" title="14 May 2006"><strong>2006</strong></a></td>
		  <td class="c" id="displayYearEl" title="You are here: 06:10:14 Nov 11, 2007">2007</td>
		  <td class="f" nowrap="nowrap">2008</td>
		</tr>
	      </tbody>
	    </table>
	  </td>
	</tr>
	<tr>
	  <td class="s">
	    	    <div id="wm-nav-captures">
	      	      <a class="t" href="/web/20071111061014*/http://www.kerneltraffic.org/GNUe/gnue20020427_26.xml" title="See a list of every capture for this URL">9 captures</a>
	      <div class="r" title="Timespan for captures of this URL">13 Jun 2003 - 11 Nov 2007</div>
	      </div>
	  </td>
	  <td class="k">
	    <a href="" id="wm-graph-anchor">
	      <div id="wm-ipp-sparkline" title="Explore captures for this URL" style="position: relative">
		<canvas id="wm-sparkline-canvas" width="575" height="27" border="0"></canvas>
	      </div>
	    </a>
	  </td>
	</tr>
      </tbody>
    </table>
    <div style="position:absolute;bottom:0;right:2px;text-align:right;">
      <a id="wm-expand" class="wm-btn wm-closed" href="#expand" onclick="__wm.ex(event);return false;"><span id="wm-expand-icon" class="iconochive-down-solid"></span> <span style="font-size:80%">About this capture</span></a>
    </div>
  </div>
    <div id="wm-capinfo" style="border-top:1px solid #777;display:none; overflow: hidden">
            <div style="background-color:#666;color:#fff;font-weight:bold;text-align:center">COLLECTED BY</div>
    <div style="padding:3px;position:relative" id="wm-collected-by-content">
            <div style="display:inline-block;vertical-align:top;width:50%;">
			<span class="c-logo" style="background-image:url(https://archive.org/services/img/webwidecrawl);"></span>
		Organization: <a style="color:#33f;" href="https://archive.org/details/webwidecrawl" target="_new"><span class="wm-title">Internet Archive</span></a>
		<div style="max-height:75px;overflow:hidden;position:relative;">
	  <div style="position:absolute;top:0;left:0;width:100%;height:75px;background:linear-gradient(to bottom,rgba(255,255,255,0) 0%,rgba(255,255,255,0) 90%,rgba(255,255,255,255) 100%);"></div>
	  The Internet Archive discovers and captures web pages through many different web crawls.

At any given time several distinct crawls are running, some for months, and some every day or longer.

View the web archive through the <a href="http://archive.org/web/web.php">Wayback Machine</a>.
	</div>
	      </div>
      <div style="display:inline-block;vertical-align:top;width:49%;">
			<span class="c-logo" style="background-image:url(https://archive.org/services/img/aroundtheworldcrawl)"></span>
		<div>Collection: <a style="color:#33f;" href="https://archive.org/details/aroundtheworldcrawl" target="_new"><span class="wm-title">Around The World Crawl</span></a></div>
		<div style="max-height:75px;overflow:hidden;position:relative;">
	  <div style="position:absolute;top:0;left:0;width:100%;height:75px;background:linear-gradient(to bottom,rgba(255,255,255,0) 0%,rgba(255,255,255,0) 90%,rgba(255,255,255,255) 100%);"></div>
	  Data crawled by Sloan Foundation on behalf of Internet Archive
<br /><br />
	</div>
	      </div>
    </div>
    <div style="background-color:#666;color:#fff;font-weight:bold;text-align:center" title="Timestamps for the elements of this page">TIMESTAMPS</div>
    <div>
      <div id="wm-capresources" style="margin:0 5px 5px 5px;max-height:250px;overflow-y:scroll !important"></div>
      <div id="wm-capresources-loading" style="text-align:left;margin:0 20px 5px 5px;display:none"><img src="/static/images/loading.gif" alt="loading" /></div>
    </div>
  </div></div></div></div><script type="text/javascript">
__wm.bt(575,27,25,2,"web","http://www.kerneltraffic.org/GNUe/gnue20020427_26.xml","2007-11-11",1996);
</script>
<!-- END WAYBACK TOOLBAR INSERT --><kc>

<title>GNUe Traffic</title>

<author contact="mailto:psu@manorcon.demon.co.uk">Peter Sullivan</author>

<issue num="26" date="26 Apr 2002 23:00:00 -0800"/>

<headquote>
Alternative transport methods for TCP/IP compared - 
&quot;<cite>i'm getting a carrier pigeon in four years!!</cite>&quot; - 
&quot;<cite>i had a pack of matches and some brush. I did.</cite>&quot; - 
&quot;<cite>my poor semiphore operator is really tired when 
I download the new galeon</cite>&quot;
</headquote>

<intro>

<p>Twenty-six is not a particularly significant number, except 
that (based on a weekly output) it represents six months' worth 
of Kernel Cousin GNUe. During this time, we have summarised 
8,393k of irc log and an indeterminate quantity of mailing lists 
down to 911k of Kernel Cousins' XML source. Thanks go primarily 
to Zack Brown for setting all of this up, but also to everyone 
involved in the channel both for their support and for saying so 
many things worth summarising!</p>

<p>I would guess the two most significant events of the last 
six months have been the release of Forms and Designer 0.1, which 
provided a solid basis for building applications in two-tier 
mode, and the decision to abandon the first version of the Application 
Server and go for a complete re-write of this key componant 
of n-tier. The next big milestone, which is imminent, is the first 
official release of GNUe Reports (0.0.1).</p>

<p>For more information about the GNU Enterprise project, see their 
home page at <a href="https://web.archive.org/web/20071111061014/http://www.gnuenterprise.org/">
http://www.gnuenterprise.org</a>. This Cousin covers the three main 
mailing lists for the GNU Enterprise project,
<a href="https://web.archive.org/web/20071111061014/http://mail.gnu.org/mailman/listinfo/gnue">gnue</a>, 
<a href="https://web.archive.org/web/20071111061014/http://mail.gnu.org/mailman/listinfo/gnue-dev">gnue-dev</a> and 
<a href="https://web.archive.org/web/20071111061014/http://mail.gnu.org/mailman/listinfo/gnue-announce">gnue-announce</a>.  
It also covers the #gnuenterprise IRC channel. A great deal of 
development discussion for this project goes on in IRC. You can find 
#gnuenterprise on irc.openprojects.net:6667, or you can review the 
<a href="https://web.archive.org/web/20071111061014/http://www.gnuenterprise.org/irc-logs/">logs</a>.</p>

</intro>

<section title="Current status of GNUe" subject="HOWTO Install" archive="http://mail.gnu.org/pipermail/gnue/2002-April/003065.html" posts="3" startdate="18 Apr 2002 05:08:04 -0800" enddate="18 Apr 2002 10:07:04 -0800">
<topic>Why GNUe?</topic>


<p>Gerrit Van Dyk said he had <quote who="Gerrit Van Dyk">downloaded 
the CVS version and did a setup-cvs.py which ran fine.</quote> He asked
what he should do next to create databases, and install and access 
packages. Derek Neighbors clarified that the packages existed 
<quote who="Derek Neighbors">in design only</quote> as of time of 
writing. <quote who="Derek Neighbors">The tools however are created and 
installed and you should be able to run the samples to get an idea of 
what GNUe can do.</quote> For documentation, 
<quote who="Derek Neighbors">On redhat i believe db2html, db2ps, db2rtf 
etc work.</quote>. Rob Adamson confirmed that the Debian equivalent 
was <quote who="Rob Adamson">docbook-utils.</quote></p>

</section>

<section title="GNUe Application Server version 2 - first commits" subject="[IRC] 18 Apr 2002" archive="http://www.gnuenterprise.org/irc-logs/gnue-public.log.18Apr2002" startdate="17 Apr 2002 23:00:00 -0800" enddate="17 Apr 2002 23:00:00 -0800">
<topic>Application Server</topic>


<mention>Reinhard M&#252;ller</mention>

<p>Further to 
<kcref title="GNUe Application Server documentation" startdate="11 Apr 2002 09:00:01 -0800"/>, 
James Thompson (jamest_) noted <quote who="James Thompson">the 
appserver dir in CVS</quote> and asked 
<quote who="James Thompson">think we'll have a demo by say 
monday?</quote> Reinhard M&#252;ller (reinhard) said that was perfectly 
possible, as long as the demo didn't actually have to do anything 
useful! Later, Neil Tiffin (neilt) noted <quote who="Neil Tiffin">hey, 
I saw some geas.py files going into cvs :)</quote>. Derek Neighbors 
(dneighbo) suggested <quote who="Derek Neighbors">its bait - the 
question is are you big enough to keep or do we have to be good 
anglers and throw you back and hope you enlarge over the spring 
so we can catch you next year ;)</quote>. Neil suggested 
<quote who="Neil Tiffin">throw me back - i'll be better next 
time</quote>. Derek said <quote who="Derek Neighbors">fwiw: i 
think reinhard is just throwing together some snippets to start 
'exploring'/'testing' and such</quote>.</p>

</section>

<section title="Providing translated error messages without over-using gettext" subject="[IRC] 19 Apr 2002" archive="http://irc-logs.gnue.org/log/old/gnue-public.log.19Apr02" startdate="18 Apr 2002 23:00:00 -0800" enddate="18 Apr 2002 23:00:00 -0800">
<topic>Common</topic>
<topic>Forms</topic>


<p>Further to 
<kcref title="i18n and translating error messages" startdate="09 Apr 2002 23:00:00 -0800"/>,
James Thompson (jamest) proposed <quote who="James Thompson">instead 
of putting gettext in each module couldn't we embed this in GBaseApp 
as a dictionary</quote>. This approach would mean 
<quote who="James Thompson">at app startup gettext is called on every 
string required by the program - and the key:i18 string is stored in 
a dictionary - which we then reference from the code base - instead 
of doing the gettext call every time it's required in the code - 
function calls are expensive in python - dict lookups IIRC are 
not</quote>.</p>

<p>Derek agreed - <quote who="Derek Neighbors">i would say at that point 
could we do is specific to the langaguage called - so say in my gnue.conf 
or whereever we get it i have 'ru' selected - basically reads the 
'default' and the 'ru' and merges them?</quote> This would allow the 
application to use translated messages where they were available, but 
automatically fall back to English where no translation was available 
(e.g. for developer-level error messages).</p>

<p>To implement this, James suggested <quote who="James Thompson">create 
a common Gi18n.py - import that into GBaseApp - have base app build global 
dict _translation - then when needed in module from gnue.common.GI18N 
import _translation or somethig like that</quote>. Jason Cater (jcater) 
pointed out that <quote who="Jason Cater">_ names are not exported - but 
I like the concept</quote>.</p>

</section>

<section title="Automatically generating applications from UML models" subject="Re: modeling tools for developping AND implementing" archive="http://mail.gnu.org/pipermail/gnue/2002-April/003068.html" posts="1" startdate="22 Apr 2002 20:02:12 -0800" enddate="22 Apr 2002 20:02:12 -0800">
<topic>Application Server</topic>


<p>Pierre-Alain Miller asked about <quote who="Pierre-Alain Miller">business 
process modeling</quote> and <quote who="Pierre-Alain Miller">modeling 
for desing and modeling for use</quote> - he felt that process modelling
for future tools and modelling to describe current processes were 
different activities. Derek Neighbors said that, in the long term, 
he would like GNUe to allow designers to <quote who="Derek Neighbors">build 
a UML diagram and press some buttons and your 'objects/schemas' are 
updated on the fly.</quote>. He said <quote who="Derek Neighbors">I still 
think it would relatively elementary to make a dia xml out put be transformed 
by xslt into our database schema format and someday directly into our 
class file definitions for the Application Server.</quote> However, this 
would take time to develop.</p>

</section>

<section title="GNUe for plant nursery management" subject="[Gnue-dev] GNUe Reports" archive="http://mail.gnu.org/pipermail/gnue-dev/2002-April/000091.html" posts="3" startdate="22 Apr 2002 21:18:02 -0800" enddate="23 Apr 2002 21:15:30 -0800">
<topic>Why GNUe?</topic>
<topic>Application Server</topic>
<topic>Reports</topic>
<topic>Inventory</topic>
<topic>CRM</topic>


<p>Patrick Bakker said he might <quote who="Patrick Bakker">be implementing 
a project for a greenhouse nursery to coordinate inventory management, 
accounting and customer management</quote>. Derek Neighbors 
suggested <quote who="Derek Neighbors">You might want to consider just 
using the GNU Enterprise Framework. It will make your life much easier. 
:)</quote>. Patrick said <quote who="Patrick Bakker">Perhaps the biggest 
concern my employers have is the maintainability of the software when I 
leave - they really want the security of having a support channel. My 
latest thought is to suggest making the software open source (perhaps 
utilizing GNUe) so that the software can have a longevity that outlasts 
me.</quote> Derek suppoted this approach - <quote who="Derek Neighbors">If 
you wanted to release your applications under a GPL compatiable licensee 
that would surely be doable and you could help ensure perhaps others would 
adopt them giving them even more comfort.</quote> Unlike proprietary 
solutions, <quote who="Derek Neighbors">they will have ALL the source so 
they can never be damaged by no support.</quote> Patrick said there was 
some concern that <quote who="Patrick Bakker">that not all of the base 
tools are ready to give a convincing proof of the viability of this 
particular open source solution.</quote> Derek said 
<quote who="Derek Neighbors">there are few people using GNUe in 
production</quote> and volunteered to set up some demo sessions if 
that would be helpful. Patrick said the 
<quote who="Patrick Bakker">Decision will not be made for some time yet 
but I will suggest it.</quote> He felt that <quote who="Patrick Bakker">For 
the project I'm working on I need GEAS to be functionally and reliabily 
connecting to PostgreSQL and forms.</quote></p>

<p>Patrick asked about various types of cross-tab report - 
Derek said <quote who="Derek Neighbors">Cross tab reporting is do able 
and will be supported at some point. :)</quote>. On sorting, 
Patrick noted <quote who="Patrick Bakker">The ordering of items on a 
report is frequently requested to be tweaked and rarely in the same 
order. ie. "alphabetical but show this one first".</quote> He asked 
how this could be done without having to export to another 
application such as Excel. Derek said that GNUe Reports would 
<quote who="Derek Neighbors">support triggers and complex 
queries</quote> which should cover this. Patrick supported 
the concept (as discussed in 
<kcref title="Gnumeric and Excel output for GNUe Reports" startdate="16 Apr 2002 23:00:00 -0800"/>) 
of an export to spreadsheet that preserved formulas - 
<quote who="Patrick Bakker">This is probably most critical for subtotals 
since they are frequently used with autofilter to provide a basic tool to 
explore the data with details.</quote> Derek agreed - 
<quote who="Derek Neighbors">this will be one way we kick some tail over 
other reporting tools!</quote> Patrick felt that 
<quote who="Patrick Bakker">Absolute and relative positioning should 
both be allowed.</quote> Derek said <quote who="Derek Neighbors">We plan 
to support both</quote> as <quote who="Derek Neighbors">the engine is 
highly flexible</quote>.</p>

</section>

<section title="Using GNU-RPC for GNUe Application Server" subject="[IRC] 22 Apr 2002" archive="http://www.gnuenterprise.org/irc-logs/gnue-public.log.22Apr2002" startdate="21 Apr 2002 23:00:00 -0800" enddate="21 Apr 2002 23:00:00 -0800">
<topic>Application Server</topic>
<topic>Common</topic>


<p>Jan Ischebeck (jan) asked <quote who="Jan Ischebeck">Is there an 
need of an RPC-status.txt ?  Do we allready have an GNUE RPC 
proposal?</quote> James Thompson (jamest) said 
<quote who="James Thompson">we have functoinal (limited) 
code</quote>. Jan asked whether <quote who="Jan Ischebeck">you 
like to have added simple GNURPC support to your first 
implementation of the appserver?</quote> 
Reinhard M&#252;ller said <quote who="Reinhard Müller">i think it's more 
or less a "must have" for an appserver</quote>. However, as of 
time of writing, the <quote who="Reinhard Müller">the 
toy code is more or less empty function headers - but it will be a 
proof of concept if it's possible to write an appserver in python - 
and maybe it points out a few things we have to regard in the future 
development process of the appserver</quote>. Jan agreed - 
<quote who="Jan Ischebeck">I hope that adding GNURPC to the "FIRST 
IMPLEMENTATION" of GEAS 2.0 will help both the appserver and GNURPC 
because both parts needs each other.</quote></p>

</section>

<section title="Nola - free alternative to GNUe Financials?" subject="[IRC] 22 Apr 2002" archive="http://www.gnuenterprise.org/irc-logs/gnue-public.log.22Apr2002" startdate="21 Apr 2002 23:00:00 -0800" enddate="21 Apr 2002 23:00:00 -0800">
<topic>Financials (Accounting)</topic>


<p>Jason Cater (jcater) asked <quote who="Jason Cater">have you 
heard of 
<a href="https://web.archive.org/web/20071111061014/http://nola.noguska.com/main.html">Nola?</a></quote>, 
which had now been released under the GNU Public License (GPL).
He needed <quote who="Jason Cater">a good accounting package - 
(free or otherwise)</quote>. Derek Neighbors (derek) said he
was normally suspicious of proprietary software 
vendors suddenly making software GPL. Jason said it 
might just be <quote who="Jason Cater">that it's good, but the market 
has too many players - or only a few big players - so it's stuff ppl 
won't pay for - not saying that's the case here - but perfectly 
plausible</quote>. Derek agreed, saying <quote who="Derek Neighbors">i 
didnt investigate as the idea of web based accounting is just horrific 
to me</quote>.</p>

<p>Jason said he was <quote who="Jason Cater">still TRYING to get 
something together for my accounting department - they are willing 
to go free - as long as it works and does what we need</quote>. 
He had considered just building a GNUe front-end to sql-ledger, 
but personally wasn't keen on it, having looked at the code. Daniel 
Baumann (chillywilly) asked <quote who="Daniel Baumann">don't 
we have an accouting package 
<a href="https://web.archive.org/web/20071111061014/http://www.gnuenterprise.org/docs/accounting_package/">design?</a> 
- just no code to imeplement said design</quote>. Jason said he planned 
<quote who="Jason Cater">to use GNUe in a few years - but I need a 
working system by June</quote>. Derek said 
<quote who="Derek Neighbors">louis' spec is darn good for two tier - 
like within a month someone could probably whip up a decent 
system - based on that spec</quote>.</p>

<p>Jason <quote who="Jason Cater">downloaded and untarred nola</quote>, 
and worried about the use of <quote who="Jason Cater">copyrighted MS 
fonts</quote> and the US Postal Service's licensed zipcode data. 
However, it did look to have a realistic schema, with 
<quote who="Jason Cater">over 100 tables</quote>. He thought 
<quote who="Jason Cater">this nola might be exactly what I need as a 
basis</quote>, even though personally <quote who="Jason Cater">I still 
detest a web-based accounting package</quote>. Derek said 
<quote who="Derek Neighbors">actually if its good let me know - 
i will make screens :)</quote> using GNUe Forms.</p>

</section>

<section title="Handling unexpected exceptions" subject="[Gnue-dev] Policy for error messages" archive="http://mail.gnu.org/pipermail/gnue-dev/2002-April/000093.html" posts="1" startdate="23 Apr 2002 17:19:20 -0800" enddate="23 Apr 2002 21:15:30 -0800">
<topic>Reports</topic>


<p>Jan Ischebeck reported a problem when trying out 
GNUe Reports - whenever an error occoured for which there 
was no error message defined in the gnue.conf file, the 
system would report <quote who="Jan Ischebeck">The gnue.conf 
file appears to be missing</quote> which was misleading. 
Given that <quote who="Jan Ischebeck">its difficult to care 
for all possible errors while writing the code</quote>, 
especially where Input/Output devices were concerned, he 
suggested either <quote who="Jan Ischebeck">catch the 
Exception and write ... Error type ,,, msg</quote> or just 
not catch the exception at all.</p>

</section>

</kc><!--
     FILE ARCHIVED ON 06:10:14 Nov 11, 2007 AND RETRIEVED FROM THE
     INTERNET ARCHIVE ON 09:28:37 Dec 05, 2018.
     JAVASCRIPT APPENDED BY WAYBACK MACHINE, COPYRIGHT INTERNET ARCHIVE.

     ALL OTHER CONTENT MAY ALSO BE PROTECTED BY COPYRIGHT (17 U.S.C.
     SECTION 108(a)(3)).
-->
<!--
playback timings (ms):
  LoadShardBlock: 162.05 (3)
  esindex: 0.013
  captures_list: 178.214
  CDXLines.iter: 10.998 (3)
  PetaboxLoader3.datanode: 173.036 (4)
  exclusion.robots: 0.406
  exclusion.robots.policy: 0.388
  RedisCDXSource: 1.672
  load_resource: 28.487
-->