<?xml version="1.0" ?>

<script src="//archive.org/includes/analytics.js?v=cf34f82" type="text/javascript"></script>
<script type="text/javascript">window.addEventListener('DOMContentLoaded',function(){var v=archive_analytics.values;v.service='wb';v.server_name='wwwb-app12.us.archive.org';v.server_ms=1257;archive_analytics.send_pageview({});});</script>
<script type="text/javascript" src="/static/js/ait-client-rewrite.js?v=1543384230.0" charset="utf-8"></script>
<script type="text/javascript">
WB_wombat_Init('https://web.archive.org/web', '20071111055556', 'www.kerneltraffic.org');
</script>
<script type="text/javascript" src="/static/js/wbhack.js?v=1543384230.0" charset="utf-8"></script>
<script type="text/javascript">
__wbhack.init('https://web.archive.org/web');
</script>
<link rel="stylesheet" type="text/css" href="/static/css/banner-styles.css?v=1543384230.0" />
<link rel="stylesheet" type="text/css" href="/static/css/iconochive.css?v=1543384230.0" />
<!-- End Wayback Rewrite JS Include -->
<!-- BEGIN WAYBACK TOOLBAR INSERT -->
<script type="text/javascript" src="/static/js/timestamp.js?v=1543384230.0" charset="utf-8"></script>
<script type="text/javascript" src="/static/js/graph-calc.js?v=1543384230.0" charset="utf-8"></script>
<script type="text/javascript" src="/static/js/auto-complete.js?v=1543384230.0" charset="utf-8"></script>
<script type="text/javascript" src="/static/js/toolbar.js?v=1543384230.0" charset="utf-8"></script>
<style type="text/css">
body {
  margin-top:0 !important;
  padding-top:0 !important;
  /*min-width:800px !important;*/
}
.wb-autocomplete-suggestions {
    text-align: left; cursor: default; border: 1px solid #ccc; border-top: 0; background: #fff; box-shadow: -1px 1px 3px rgba(0,0,0,.1);
    position: absolute; display: none; z-index: 2147483647; max-height: 254px; overflow: hidden; overflow-y: auto; box-sizing: border-box;
}
.wb-autocomplete-suggestion { position: relative; padding: 0 .6em; line-height: 23px; white-space: nowrap; overflow: hidden; text-overflow: ellipsis; font-size: 1.02em; color: #333; }
.wb-autocomplete-suggestion b { font-weight: bold; }
.wb-autocomplete-suggestion.selected { background: #f0f0f0; }
</style>
<div id="wm-ipp" lang="en" style="display:none;direction:ltr;">
<div style="position:fixed;left:0;top:0;right:0;">
<div id="wm-ipp-inside">
  <div style="position:relative;">
    <div id="wm-logo" style="float:left;width:130px;padding-top:10px;">
      <a href="/web/" title="Wayback Machine home page"><img src="/static/images/toolbar/wayback-toolbar-logo.png" alt="Wayback Machine" width="110" height="39" border="0" /></a>
    </div>
    <div class="r" style="float:right;">
      <div id="wm-btns" style="text-align:right;height:25px;">
                  <div id="wm-save-snapshot-success">success</div>
          <div id="wm-save-snapshot-fail">fail</div>
          <a href="#"
             onclick="__wm.saveSnapshot('http://www.kerneltraffic.org/GNUe/gnue20030426_78.xml', '20071111055556')"
             title="Share via My Web Archive"
             id="wm-save-snapshot-open"
          >
            <span class="iconochive-web"></span>
          </a>
          <a href="https://archive.org/account/login.php"
             title="Sign In"
             id="wm-sign-in"
          >
            <span class="iconochive-person"></span>
          </a>
          <span id="wm-save-snapshot-in-progress" class="iconochive-web"></span>
        	<a href="http://faq.web.archive.org/" title="Get some help using the Wayback Machine" style="top:-6px;"><span class="iconochive-question" style="color:rgb(87,186,244);font-size:160%;"></span></a>
	<a id="wm-tb-close" href="#close" onclick="__wm.h(event);return false;" style="top:-2px;" title="Close the toolbar"><span class="iconochive-remove-circle" style="color:#888888;font-size:240%;"></span></a>
      </div>
      <div id="wm-share" style="text-align:right;">
	<a href="#" onclick="window.open('https://www.facebook.com/sharer/sharer.php?u=https://web.archive.org/web/20071111055556/http://www.kerneltraffic.org/GNUe/gnue20030426_78.xml', '', 'height=400,width=600'); return false;" title="Share on Facebook" style="margin-right:5px;" target="_blank"><span class="iconochive-facebook" style="color:#3b5998;font-size:160%;"></span></a>
	<a href="#" onclick="window.open('https://twitter.com/intent/tweet?text=https://web.archive.org/web/20071111055556/http://www.kerneltraffic.org/GNUe/gnue20030426_78.xml&amp;via=internetarchive', '', 'height=400,width=600'); return false;" title="Share on Twitter" style="margin-right:5px;" target="_blank"><span class="iconochive-twitter" style="color:#1dcaff;font-size:160%;"></span></a>
      </div>
    </div>
    <table class="c" style="">
      <tbody>
	<tr>
	  <td class="u" colspan="2">
	    <form target="_top" method="get" action="/web/submit" name="wmtb" id="wmtb"><input type="text" name="url" id="wmtbURL" value="http://www.kerneltraffic.org/GNUe/gnue20030426_78.xml" onfocus="this.focus();this.select();" /><input type="hidden" name="type" value="replay" /><input type="hidden" name="date" value="20071111055556" /><input type="submit" value="Go" /></form>
	  </td>
	  <td class="n" rowspan="2" style="width:110px;">
	    <table>
	      <tbody>
		<!-- NEXT/PREV MONTH NAV AND MONTH INDICATOR -->
		<tr class="m">
		  <td class="b" nowrap="nowrap"><a href="https://web.archive.org/web/20050212035929/http://www.kerneltraffic.org:80/GNUe/gnue20030426_78.xml" title="12 Feb 2005"><strong>Feb</strong></a></td>
		  <td class="c" id="displayMonthEl" title="You are here: 05:55:56 Nov 11, 2007">NOV</td>
		  <td class="f" nowrap="nowrap">Dec</td>
		</tr>
		<!-- NEXT/PREV CAPTURE NAV AND DAY OF MONTH INDICATOR -->
		<tr class="d">
		  <td class="b" nowrap="nowrap"><a href="https://web.archive.org/web/20050212035929/http://www.kerneltraffic.org:80/GNUe/gnue20030426_78.xml" title="03:59:29 Feb 12, 2005"><img src="/static/images/toolbar/wm_tb_prv_on.png" alt="Previous capture" width="14" height="16" border="0" /></a></td>
		  <td class="c" id="displayDayEl" style="width:34px;font-size:24px;white-space:nowrap;" title="You are here: 05:55:56 Nov 11, 2007">11</td>
		  <td class="f" nowrap="nowrap"><img src="/static/images/toolbar/wm_tb_nxt_off.png" alt="Next capture" width="14" height="16" border="0" /></td>
		</tr>
		<!-- NEXT/PREV YEAR NAV AND YEAR INDICATOR -->
		<tr class="y">
		  <td class="b" nowrap="nowrap"><a href="https://web.archive.org/web/20050212035929/http://www.kerneltraffic.org:80/GNUe/gnue20030426_78.xml" title="12 Feb 2005"><strong>2005</strong></a></td>
		  <td class="c" id="displayYearEl" title="You are here: 05:55:56 Nov 11, 2007">2007</td>
		  <td class="f" nowrap="nowrap">2008</td>
		</tr>
	      </tbody>
	    </table>
	  </td>
	</tr>
	<tr>
	  <td class="s">
	    	    <div id="wm-nav-captures">
	      	      <a class="t" href="/web/20071111055556*/http://www.kerneltraffic.org/GNUe/gnue20030426_78.xml" title="See a list of every capture for this URL">4 captures</a>
	      <div class="r" title="Timespan for captures of this URL">13 Jun 2003 - 11 Nov 2007</div>
	      </div>
	  </td>
	  <td class="k">
	    <a href="" id="wm-graph-anchor">
	      <div id="wm-ipp-sparkline" title="Explore captures for this URL" style="position: relative">
		<canvas id="wm-sparkline-canvas" width="575" height="27" border="0"></canvas>
	      </div>
	    </a>
	  </td>
	</tr>
      </tbody>
    </table>
    <div style="position:absolute;bottom:0;right:2px;text-align:right;">
      <a id="wm-expand" class="wm-btn wm-closed" href="#expand" onclick="__wm.ex(event);return false;"><span id="wm-expand-icon" class="iconochive-down-solid"></span> <span style="font-size:80%">About this capture</span></a>
    </div>
  </div>
    <div id="wm-capinfo" style="border-top:1px solid #777;display:none; overflow: hidden">
            <div style="background-color:#666;color:#fff;font-weight:bold;text-align:center">COLLECTED BY</div>
    <div style="padding:3px;position:relative" id="wm-collected-by-content">
            <div style="display:inline-block;vertical-align:top;width:50%;">
			<span class="c-logo" style="background-image:url(https://archive.org/services/img/webwidecrawl);"></span>
		Organization: <a style="color:#33f;" href="https://archive.org/details/webwidecrawl" target="_new"><span class="wm-title">Internet Archive</span></a>
		<div style="max-height:75px;overflow:hidden;position:relative;">
	  <div style="position:absolute;top:0;left:0;width:100%;height:75px;background:linear-gradient(to bottom,rgba(255,255,255,0) 0%,rgba(255,255,255,0) 90%,rgba(255,255,255,255) 100%);"></div>
	  The Internet Archive discovers and captures web pages through many different web crawls.

At any given time several distinct crawls are running, some for months, and some every day or longer.

View the web archive through the <a href="http://archive.org/web/web.php">Wayback Machine</a>.
	</div>
	      </div>
      <div style="display:inline-block;vertical-align:top;width:49%;">
			<span class="c-logo" style="background-image:url(https://archive.org/services/img/aroundtheworldcrawl)"></span>
		<div>Collection: <a style="color:#33f;" href="https://archive.org/details/aroundtheworldcrawl" target="_new"><span class="wm-title">Around The World Crawl</span></a></div>
		<div style="max-height:75px;overflow:hidden;position:relative;">
	  <div style="position:absolute;top:0;left:0;width:100%;height:75px;background:linear-gradient(to bottom,rgba(255,255,255,0) 0%,rgba(255,255,255,0) 90%,rgba(255,255,255,255) 100%);"></div>
	  Data crawled by Sloan Foundation on behalf of Internet Archive
<br /><br />
	</div>
	      </div>
    </div>
    <div style="background-color:#666;color:#fff;font-weight:bold;text-align:center" title="Timestamps for the elements of this page">TIMESTAMPS</div>
    <div>
      <div id="wm-capresources" style="margin:0 5px 5px 5px;max-height:250px;overflow-y:scroll !important"></div>
      <div id="wm-capresources-loading" style="text-align:left;margin:0 20px 5px 5px;display:none"><img src="/static/images/loading.gif" alt="loading" /></div>
    </div>
  </div></div></div></div><script type="text/javascript">
__wm.bt(575,27,25,2,"web","http://www.kerneltraffic.org/GNUe/gnue20030426_78.xml","2007-11-11",1996);
</script>
<!-- END WAYBACK TOOLBAR INSERT --><kc>

<title>GNUe Traffic</title>

<editor contact="mailto:psu@burdonvale.co.uk">Peter Sullivan</editor>

<issue num="78" date="26 Apr 2003 00:00:00 -0800"/>

<headquote>
"<i>I get my pda from the drugstore.. usually about $.99, one of those pocket memo pads</i>"
</headquote>

<intro>
  This covers the three main mailing lists for the 
  <a href="https://web.archive.org/web/20071111055556/http://www.gnuenterprise.org/">GNU Enterprise</a> 
  project, plus the #gnuenterprise IRC channel.
</intro>


<section title="Multi-language Forms" subject="[IRC] 18 Apr 2003" archive="http://www.gnuenterprise.org/irc-logs/gnue-public.log.18Apr2003" author="Arturas Kriukovas" contact="mailto:arturas@gsk.vtu.lt" startdate="18 Apr 2003 04:00:00 -0800" enddate="18 Apr 2003 04:00:00 -0800">

<topic>Forms</topic>

<mention>ra3vat</mention>

<p>Dmitry Sorokin (ra3vat) asked Arturas Kriukovas (Arturas) how it would be 
possible to translate <quote who="Dmitry Sorokin">labels which are inside 
.gfd files</quote>. Arturas explained that these labels were not translatable 
(translation not implemented). He wanted <quote who="Arturas Kriukovas">first 
to have some real-world situation</quote>. Dmitry offered one: 
<quote who="Dmitry Sorokin">i have forms in ru_RU and i'd like to make 
screenshots, put them on the web and discuss some questions i'm facing, but 
it would be hard for most of you to help if purpose of the form will be lost 
in screwed (unreadable) labels and it is hard to keep 2 forms in different 
langs in sync</quote>. Arturas offered making additional section in .gfd 
file:</p>

<pre>
&lt;translation language="ru_RU"&gt;
	&lt;string id="bla bla in English"&gt;translation here in German&lt;/string&gt;
	...
&lt;/translation&gt;
</pre>

<p>Arturas proposed writing an email to gnue-dev and requesting additional 
comments from there.</p>

</section>



<section title="HTML and Curses User Interfaces for GNUe" subject="[IRC] 22 Apr 2003" archive="http://www.gnuenterprise.org/irc-logs/gnue-public.log.22Apr2003" author="Arturas Kriukovas" contact="mailto:arturas@gsk.vtu.lt" startdate="22 Apr 2003 04:00:00 -0800" enddate="22 Apr 2003 04:00:00 -0800">

<topic>Forms</topic>
<topic>Common</topic>

<p>Jason Hihn (jhihn1) asked for HTML UI status. Jeff Bailey (jbailey) said 
that <quote who="Jeff Bailey">the HTML UI is in the works, but no code has 
been committed</quote>. Jason was also interested in 
<quote who="Jason Hihn">somewhat obscure curses support</quote>. Jeff 
explained that <quote who="Jeff Bailey">curses support appears to be 
unfinished, but in CVS.</quote> Jason Cater (jcater) was more concrete: 
<quote who="Jason Cater">shakey, at best</quote>. He had 
<quote who="Jason Cater">to put on hold for a little while to revamp the 
underlying curses library</quote>. On the whole, wx client was used in 
production and curses was mostly implemented, but not yet ready for 
production usage.</p>

</section>


<section title="GNUe Overview" subject="[IRC] 23 Apr 2003" archive="http://www.gnuenterprise.org/irc-logs/gnue-public.log.23Apr2003" author="Peter Sullivan" contact="mailto:psu@burdonvale.co.uk" startdate="23 Apr 2003 04:00:00 -0800" enddate="23 Apr 2003 04:00:00 -0800">

<topic>Common</topic>
<topic>Reports</topic>
<topic>Designer</topic>

<p>James Thompson (jamest) said he used <quote who="James Thompson">gnue 
common as the framework for all my</quote> in-house scripts - 
<quote who="James Thompson">so all my apps are becomming gnue 
dependent</quote>. Jason Hihn (jhihn1) asked <quote who="Jason Hihn">can 
the reports be printed?</quote> James said <quote who="James Thompson">the 
reports can be damn near anything you want - the output is a multi step 
process - it pumps out xml that is transformed so my reports today are 
emailed as text and printed as text</quote>. He had 
<quote who="James Thompson">also done mass faxing via reports where it 
merged db data w/ a postscript letter generated on win32 w/ word perfect -
I've also setup a pdf converter that built copies of invoices from an rtf 
template and displayed on the web (not in production)</quote>. He felt 
that GNUe was a very productive set of tools once people got their 
heads around it, but warned <quote who="James Thompson">designer is still 
rough</quote> in places - <quote who="James Thompson">so plan to spend 
part of your time in designer</quote> working graphically, and part in 
the text <quote who="James Thompson">editor of your choice</quote>. 
The best way to learn GNUe as of time of writing was to 
<quote who="James Thompson">pull a copy of cvs and ask lots of questions 
in here - reports especially</quote>.</p>

</section>

</kc><!--
     FILE ARCHIVED ON 05:55:56 Nov 11, 2007 AND RETRIEVED FROM THE
     INTERNET ARCHIVE ON 09:24:42 Dec 05, 2018.
     JAVASCRIPT APPENDED BY WAYBACK MACHINE, COPYRIGHT INTERNET ARCHIVE.

     ALL OTHER CONTENT MAY ALSO BE PROTECTED BY COPYRIGHT (17 U.S.C.
     SECTION 108(a)(3)).
-->
<!--
playback timings (ms):
  LoadShardBlock: 750.365 (3)
  esindex: 0.024
  captures_list: 766.268
  CDXLines.iter: 12.508 (3)
  PetaboxLoader3.datanode: 749.414 (4)
  exclusion.robots: 0.218
  exclusion.robots.policy: 0.208
  RedisCDXSource: 0.522
  PetaboxLoader3.resolve: 448.367
  load_resource: 474.17
-->