<?xml version="1.0" ?>

<script src="//archive.org/includes/analytics.js?v=cf34f82" type="text/javascript"></script>
<script type="text/javascript">window.addEventListener('DOMContentLoaded',function(){var v=archive_analytics.values;v.service='wb';v.server_name='wwwb-app104.us.archive.org';v.server_ms=629;archive_analytics.send_pageview({});});</script>
<script type="text/javascript" src="/static/js/ait-client-rewrite.js?v=1543384230.0" charset="utf-8"></script>
<script type="text/javascript">
WB_wombat_Init('https://web.archive.org/web', '20071111052804', 'www.kerneltraffic.org');
</script>
<script type="text/javascript" src="/static/js/wbhack.js?v=1543384230.0" charset="utf-8"></script>
<script type="text/javascript">
__wbhack.init('https://web.archive.org/web');
</script>
<link rel="stylesheet" type="text/css" href="/static/css/banner-styles.css?v=1543384230.0" />
<link rel="stylesheet" type="text/css" href="/static/css/iconochive.css?v=1543384230.0" />
<!-- End Wayback Rewrite JS Include -->
<!-- BEGIN WAYBACK TOOLBAR INSERT -->
<script type="text/javascript" src="/static/js/timestamp.js?v=1543384230.0" charset="utf-8"></script>
<script type="text/javascript" src="/static/js/graph-calc.js?v=1543384230.0" charset="utf-8"></script>
<script type="text/javascript" src="/static/js/auto-complete.js?v=1543384230.0" charset="utf-8"></script>
<script type="text/javascript" src="/static/js/toolbar.js?v=1543384230.0" charset="utf-8"></script>
<style type="text/css">
body {
  margin-top:0 !important;
  padding-top:0 !important;
  /*min-width:800px !important;*/
}
.wb-autocomplete-suggestions {
    text-align: left; cursor: default; border: 1px solid #ccc; border-top: 0; background: #fff; box-shadow: -1px 1px 3px rgba(0,0,0,.1);
    position: absolute; display: none; z-index: 2147483647; max-height: 254px; overflow: hidden; overflow-y: auto; box-sizing: border-box;
}
.wb-autocomplete-suggestion { position: relative; padding: 0 .6em; line-height: 23px; white-space: nowrap; overflow: hidden; text-overflow: ellipsis; font-size: 1.02em; color: #333; }
.wb-autocomplete-suggestion b { font-weight: bold; }
.wb-autocomplete-suggestion.selected { background: #f0f0f0; }
</style>
<div id="wm-ipp" lang="en" style="display:none;direction:ltr;">
<div style="position:fixed;left:0;top:0;right:0;">
<div id="wm-ipp-inside">
  <div style="position:relative;">
    <div id="wm-logo" style="float:left;width:130px;padding-top:10px;">
      <a href="/web/" title="Wayback Machine home page"><img src="/static/images/toolbar/wayback-toolbar-logo.png" alt="Wayback Machine" width="110" height="39" border="0" /></a>
    </div>
    <div class="r" style="float:right;">
      <div id="wm-btns" style="text-align:right;height:25px;">
                  <div id="wm-save-snapshot-success">success</div>
          <div id="wm-save-snapshot-fail">fail</div>
          <a href="#"
             onclick="__wm.saveSnapshot('http://www.kerneltraffic.org/GNUe/gnue20011103_1.xml', '20071111052804')"
             title="Share via My Web Archive"
             id="wm-save-snapshot-open"
          >
            <span class="iconochive-web"></span>
          </a>
          <a href="https://archive.org/account/login.php"
             title="Sign In"
             id="wm-sign-in"
          >
            <span class="iconochive-person"></span>
          </a>
          <span id="wm-save-snapshot-in-progress" class="iconochive-web"></span>
        	<a href="http://faq.web.archive.org/" title="Get some help using the Wayback Machine" style="top:-6px;"><span class="iconochive-question" style="color:rgb(87,186,244);font-size:160%;"></span></a>
	<a id="wm-tb-close" href="#close" onclick="__wm.h(event);return false;" style="top:-2px;" title="Close the toolbar"><span class="iconochive-remove-circle" style="color:#888888;font-size:240%;"></span></a>
      </div>
      <div id="wm-share" style="text-align:right;">
	<a href="#" onclick="window.open('https://www.facebook.com/sharer/sharer.php?u=https://web.archive.org/web/20071111052804/http://www.kerneltraffic.org/GNUe/gnue20011103_1.xml', '', 'height=400,width=600'); return false;" title="Share on Facebook" style="margin-right:5px;" target="_blank"><span class="iconochive-facebook" style="color:#3b5998;font-size:160%;"></span></a>
	<a href="#" onclick="window.open('https://twitter.com/intent/tweet?text=https://web.archive.org/web/20071111052804/http://www.kerneltraffic.org/GNUe/gnue20011103_1.xml&amp;via=internetarchive', '', 'height=400,width=600'); return false;" title="Share on Twitter" style="margin-right:5px;" target="_blank"><span class="iconochive-twitter" style="color:#1dcaff;font-size:160%;"></span></a>
      </div>
    </div>
    <table class="c" style="">
      <tbody>
	<tr>
	  <td class="u" colspan="2">
	    <form target="_top" method="get" action="/web/submit" name="wmtb" id="wmtb"><input type="text" name="url" id="wmtbURL" value="http://www.kerneltraffic.org/GNUe/gnue20011103_1.xml" onfocus="this.focus();this.select();" /><input type="hidden" name="type" value="replay" /><input type="hidden" name="date" value="20071111052804" /><input type="submit" value="Go" /></form>
	  </td>
	  <td class="n" rowspan="2" style="width:110px;">
	    <table>
	      <tbody>
		<!-- NEXT/PREV MONTH NAV AND MONTH INDICATOR -->
		<tr class="m">
		  <td class="b" nowrap="nowrap"><a href="https://web.archive.org/web/20050418031538/http://www.kerneltraffic.org:80/GNUe/gnue20011103_1.xml" title="18 Apr 2005"><strong>Apr</strong></a></td>
		  <td class="c" id="displayMonthEl" title="You are here: 05:28:04 Nov 11, 2007">NOV</td>
		  <td class="f" nowrap="nowrap">Dec</td>
		</tr>
		<!-- NEXT/PREV CAPTURE NAV AND DAY OF MONTH INDICATOR -->
		<tr class="d">
		  <td class="b" nowrap="nowrap"><a href="https://web.archive.org/web/20050418031538/http://www.kerneltraffic.org:80/GNUe/gnue20011103_1.xml" title="03:15:38 Apr 18, 2005"><img src="/static/images/toolbar/wm_tb_prv_on.png" alt="Previous capture" width="14" height="16" border="0" /></a></td>
		  <td class="c" id="displayDayEl" style="width:34px;font-size:24px;white-space:nowrap;" title="You are here: 05:28:04 Nov 11, 2007">11</td>
		  <td class="f" nowrap="nowrap"><img src="/static/images/toolbar/wm_tb_nxt_off.png" alt="Next capture" width="14" height="16" border="0" /></td>
		</tr>
		<!-- NEXT/PREV YEAR NAV AND YEAR INDICATOR -->
		<tr class="y">
		  <td class="b" nowrap="nowrap"><a href="https://web.archive.org/web/20050418031538/http://www.kerneltraffic.org:80/GNUe/gnue20011103_1.xml" title="18 Apr 2005"><strong>2005</strong></a></td>
		  <td class="c" id="displayYearEl" title="You are here: 05:28:04 Nov 11, 2007">2007</td>
		  <td class="f" nowrap="nowrap">2008</td>
		</tr>
	      </tbody>
	    </table>
	  </td>
	</tr>
	<tr>
	  <td class="s">
	    	    <div id="wm-nav-captures">
	      	      <a class="t" href="/web/20071111052804*/http://www.kerneltraffic.org/GNUe/gnue20011103_1.xml" title="See a list of every capture for this URL">6 captures</a>
	      <div class="r" title="Timespan for captures of this URL">24 Apr 2003 - 11 Nov 2007</div>
	      </div>
	  </td>
	  <td class="k">
	    <a href="" id="wm-graph-anchor">
	      <div id="wm-ipp-sparkline" title="Explore captures for this URL" style="position: relative">
		<canvas id="wm-sparkline-canvas" width="575" height="27" border="0"></canvas>
	      </div>
	    </a>
	  </td>
	</tr>
      </tbody>
    </table>
    <div style="position:absolute;bottom:0;right:2px;text-align:right;">
      <a id="wm-expand" class="wm-btn wm-closed" href="#expand" onclick="__wm.ex(event);return false;"><span id="wm-expand-icon" class="iconochive-down-solid"></span> <span style="font-size:80%">About this capture</span></a>
    </div>
  </div>
    <div id="wm-capinfo" style="border-top:1px solid #777;display:none; overflow: hidden">
            <div style="background-color:#666;color:#fff;font-weight:bold;text-align:center">COLLECTED BY</div>
    <div style="padding:3px;position:relative" id="wm-collected-by-content">
            <div style="display:inline-block;vertical-align:top;width:50%;">
			<span class="c-logo" style="background-image:url(https://archive.org/services/img/webwidecrawl);"></span>
		Organization: <a style="color:#33f;" href="https://archive.org/details/webwidecrawl" target="_new"><span class="wm-title">Internet Archive</span></a>
		<div style="max-height:75px;overflow:hidden;position:relative;">
	  <div style="position:absolute;top:0;left:0;width:100%;height:75px;background:linear-gradient(to bottom,rgba(255,255,255,0) 0%,rgba(255,255,255,0) 90%,rgba(255,255,255,255) 100%);"></div>
	  The Internet Archive discovers and captures web pages through many different web crawls.

At any given time several distinct crawls are running, some for months, and some every day or longer.

View the web archive through the <a href="http://archive.org/web/web.php">Wayback Machine</a>.
	</div>
	      </div>
      <div style="display:inline-block;vertical-align:top;width:49%;">
			<span class="c-logo" style="background-image:url(https://archive.org/services/img/aroundtheworldcrawl)"></span>
		<div>Collection: <a style="color:#33f;" href="https://archive.org/details/aroundtheworldcrawl" target="_new"><span class="wm-title">Around The World Crawl</span></a></div>
		<div style="max-height:75px;overflow:hidden;position:relative;">
	  <div style="position:absolute;top:0;left:0;width:100%;height:75px;background:linear-gradient(to bottom,rgba(255,255,255,0) 0%,rgba(255,255,255,0) 90%,rgba(255,255,255,255) 100%);"></div>
	  Data crawled by Sloan Foundation on behalf of Internet Archive
<br /><br />
	</div>
	      </div>
    </div>
    <div style="background-color:#666;color:#fff;font-weight:bold;text-align:center" title="Timestamps for the elements of this page">TIMESTAMPS</div>
    <div>
      <div id="wm-capresources" style="margin:0 5px 5px 5px;max-height:250px;overflow-y:scroll !important"></div>
      <div id="wm-capresources-loading" style="text-align:left;margin:0 20px 5px 5px;display:none"><img src="/static/images/loading.gif" alt="loading" /></div>
    </div>
  </div></div></div></div><script type="text/javascript">
__wm.bt(575,27,25,2,"web","http://www.kerneltraffic.org/GNUe/gnue20011103_1.xml","2007-11-11",1996);
</script>
<!-- END WAYBACK TOOLBAR INSERT --><kc>

<title>GNUe Traffic</title>

<author contact="mailto:psu@manorcon.demon.co.uk">Peter Sullivan</author>

<issue num="1" date="03 Nov 2001 00:00:00 -0800"/>

<intro>
Welcome to the first issue of KC GNUe! Thanks (I think!) to Jeff Bailey
for persuading me to volunteer for this, and to Zack Brown for his help
and patience in sorting out my first draft. This Cousin will cover
the IRC channel for GNUe (and some mailing lists as well). For more
information about the GNU Enterprise project, see their home page at 
<a href="https://web.archive.org/web/20071111052804/http://www.gnuenterprise.org/">http://www.gnuenterprise.org</a>.
</intro>

<section title="A new release of DCL" subject="[IRC] 23 Oct 2001" archive="http://www.gnuenterprise.org/irc-logs/gnue-public.log.23Oct2001" startdate="23 Oct 2001 00:00:00 -0800" enddate="23 Oct 2001 00:00:00 -0800">

<topic>DCL</topic>

<p>Michael Dean (mdean) said that <quote who="Michael Dean">a new release 
(feature wise) is probably about 3 or 4 weeks away,</quote> since the 
database upgrade was going to be huge. As of this writing, he may make an 
interim bug fix/small feature release to get some of the email support 
down.</p>

</section>


<section title="GNUe Common vs. GNU Comm project" subject="[IRC] 24 Oct 2001" archive="http://www.gnuenterprise.org/irc-logs/gnue-public.log.24Oct2001" startdate="24 Oct 2001 00:00:00 -0800" enddate="24 Oct 2001 00:00:00 -0800">

<topic>Common</topic>

<p>Daniel Baumann (chillywilly) pointed out that 
<quote who="Daniel Baumann">this abstraction thingy GComm</quote> could be 
confused with the GNU Comm project. But as far as Jason Cater (jcater) was 
concerned, <quote who="Jason Cater">GComm is our internal package name... 
to the external world, it's GNUe Common,</quote> but said that was a good 
point. Later, Derek Neighbors (dneighbo) explained that pyro was an object 
system like GComm would be, written <quote who="Derek Neighbors">by the same 
guys that wrote pygmy, the python email client.</quote></p>

</section> 


<section title="Web shopping cart using GNU Enterprise Application Server" subject="[IRC] 24 Oct 2001" archive="http://www.gnuenterprise.org/irc-logs/gnue-public.log.24Oct2001" startdate="24 Oct 2001 00:00:00 -0800" enddate="28 Oct 2001 00:00:00 -0800">

<topic>Sales</topic>
<topic>Forms</topic>

<mention>Michael Maluck</mention>
<mention>Jason Cater</mention>

<p>Charles Rouzer (Mr_You) needed <quote who="Charles Rouzer">a production 
quality GNUe web shopping cart ;-)</quote>. Instead, he was looking to 
customize Interchange to provide a web shopping cart using PHP. Jason Cater 
(jcater) said that, although GNUe Inventory was not yet completed, you should be 
able to access another inventory package via GNUe Applications Server. 
However, the web interface for GNUe Forms was still in the works, as 
Michael Maluck (madlocke) had been quite ill.</p>

<p><a href="https://web.archive.org/web/20071111052804/http://www.gnuenterprise.org/irc-logs/gnue-public.log.28Oct2001">
Four days later</a>, Charles asked if anyone had seen Michael Maluck
(madlocke). Daniel Baumann (chillywilly) wanted to know 
<quote who="Daniel Baumann">did he ever give up the code for this web forms 
stuff? Or it still a mystical imaginary animal?</quote></p>

</section>


<section title="DCL as a communication tool" subject="[IRC] 25 Oct 2001" archive="http://www.gnuenterprise.org/irc-logs/gnue-public.log.25Oct2001" startdate="25 Oct 2001 00:00:00 -0800" enddate="25 Oct 2001 00:00:00 -0800">

<topic>DCL</topic>

<p>Derek Neighbors (dneighbo) was seeing <quote who="Derek Neighbors">a GREAT 
value in DCL as a communication tool to customers,</quote>  
and as a billing tool and todo tool. But the communication tool would break 
when accounts had different products. It would be fairly easy to implement 
who-can-view-what by product, but then the next step would become billing (or 
services), at which point products and services would need to be 'separate'. This 
hadn't mattered before DCL was seen as a communications tool. Michael Dean (mdean) 
thought this use of services <quote who="Michael Dean">sounds like it could be an 
action.</quote> He planned to be work on it <quote who="Michael Dean">(minus 
billing) for work, so it will come.</quote></p>

</section>


<section title="Using GNUe in real projects" subject="[IRC] 26 Oct 2001" archive="http://www.gnuenterprise.org/irc-logs/gnue-public.log.26Oct2001" startdate="26 Oct 2001 00:00:00 -0800" enddate="26 Oct 2001 00:00:00 -0800">

<topic>Why GNUe?</topic>

<mention>Jason Cater</mention>

<p>Derek Neighbors (dneighbo) had written <quote who="Derek Neighbors">a contact 
manager to do assignments</quote> for GNUe; and Jason Cater had a fully functional 
40 node call centre. The call centre was not using Bayonne, although they would 
like to. Derek reckoned GNUe was about the best GPL-licensed system he had seen for 
RAPID development of cross platform applications. There were about 5 active 
developers, 10 more regular contributors, 30 people with assignments and several 
hundred on the mailing lists. There was no date for GNUe Accounting, but work was 
starting on it now.</p>

</section>


<section title="GNUe Application Server and database triggers" subject="[IRC] 26 Oct 2001" archive="http://www.gnuenterprise.org/irc-logs/gnue-public.log.26Oct2001" startdate="26 Oct 2001 00:00:00 -0800" enddate="26 Oct 2001 00:00:00 -0800">

<topic>Application Server</topic>

<p>It was asked if GNUe Application Server (GEAS) uses database triggers or did 
triggers itself. Derek Neighbors (dneighbo) said <quote who="Derek Neighbors">it 
could really do either.</quote> They were also looking to support 
load balancing and replication in GEAS. But if your database supported it, 
you could have load balancing occuring behind GEAS. But several people 
thought that load balancing with GEAS could be complicated.</p>

</section>


<section title="GNUe, Python 2 and GNU/Hurd" subject="[IRC] 26 Oct 2001" archive="http://www.gnuenterprise.org/irc-logs/gnue-public.log.26Oct2001" startdate="26 Oct 2001 00:00:00 -0800" enddate="27 Oct 2001 00:00:00 -0800">

<mention>Jeff Bailey</mention>

<p>Daniel Baumann (chillywilly) confirmed that GNUe needs Python 2 - 
<quote who="Daniel Baumann">er, the python stuff does anyway.</quote></p>

<p><a href="https://web.archive.org/web/20071111052804/http://www.gnuenterprise.org/irc-logs/gnue-public.log.26Oct2001">
The next day</a>, Andrew Mitchell (ajmitch) asked if GNUe stuff 
<quote who="Andrew Mitchell">works on GNU/Hurd.</quote> Jeff Bailey (jbailey)
said GNU/Hurd did not have Python 2 as of time of writing.</p>

</section>


<section title="GNUe Application Server and Windows" subject="[IRC] 27 Oct 2001" archive="http://www.gnuenterprise.org/irc-logs/gnue-public.log.27Oct2001" startdate="27 Oct 2001 00:00:00 -0800" enddate="29 Oct 2001 00:00:00 -0800">

<topic>Application Server</topic>

<mention>Jason Cater</mention>

<p>Derek Neighbors (dneighbo) claimed GNUe Applications Server (GEAS) is Windows 
ready, but <quote who="Derek Neighbors">depends on orbit</quote> which didn't 
do Windows well - he wanted to move to omniORB. Jason Cater was feverishly 
working on gcomm, an RPC abstraction mechanism that would give lots of 
flexibility.</p>

<p><a href="https://web.archive.org/web/20071111052804/http://www.gnuenterprise.org/irc-logs/gnue-public.log.27Oct2001">
Two days later,</a>, Jeff Bailey (jbailey) noted that GEAS 
<quote who="Jeff Bailey">doesn't seem to compile under windows because of the 
orbit dependancy.</quote> He asked if there was a timeframe for fixing that. 
Daniel Baumann (chillywilly) said no. Jeff said this meant he couldn't make 
GEAS part of the win32 package. Daniel said that <quote who="Daniel Baumann">
GEAS only runs on GNU/Linux and *BSD</quote> - <quote who="Neil Tiffin">
and mac os X</quote>, interjected Neil Tiffin (neilt). Daniel said that 
<quote who="Daniel Baumann">porting GEAS to windows is not a priority 
right now.</quote> However, <quote who="Daniel Baumann">gobject and 
orbit2 are both thread safe now and pretty functional</quote>. 
Reinhard M&#252;ller (reinhard) had compiled orbit under Windows, 
<quote who="Reinhard Müller">but never run any program</quote></p>.

</section>


<section title="GNUe Forms and GNUe Application Server driver" subject="[IRC] 28 Oct 2001" archive="http://www.gnuenterprise.org/irc-logs/gnue-public.log.28Oct2001" startdate="28 Oct 2001 00:00:00 -0800" enddate="29 Oct 2001 00:00:00 -0800">

<topic>Forms</topic>
<topic>Application Server</topic>

<mention>Peter Sullivan</mention>
<mention>James Thompson</mention>
<mention>ra3vat</mention>
<mention>Dmitry Sorokin</mention>

<p>Vsevolod Lobko (sevik) asked <quote who="Vsevolod Lobko">does 
anybody have working gnuef+geas setup ?</quote> Dmitry Sorokin 
(ra3vat) said that he had some problems after re-installing and had 
not tested it for a while. They discussed this further in Russian. 
<editorialize who="Peter Sullivan">I haven't attempted a translation.
</editorialize></p>

<p>Later on, Charles Rouzer (Mr_You) said it was currently alpha, 
<quote who="Charles Rouzer">hang out here and help us out and we'll 
help you out ;-)</quote> Vsevolod said that <quote who="Vsevolod Lobko">in 
methods like next_record/etc there are print 'something' instead of 
actual code</quote>.</p>

<p><a href="https://web.archive.org/web/20071111052804/http://www.gnuenterprise.org/irc-logs/gnue-public.log.28Oct2001">
The next day</a>, Vsevolod asked Reinhard M&#252;ller (reinhard) what the 
current state of the driver was. Reinhard said that James Thompson had 
started it, <quote who="Reinhard Müller">but has been mad goat 
raped in the middle of the development process</quote>. 
Vsevolod asked if it had ever worked. Reinhard said:</p>

<quote who="Reinhard Müller">
<p>Well parts of it worked in the past and I think they still work
which means gnuef can get data from geas and write data back to geas
but you cannot yet use the methods and some other things.
You can use geas just like a normal relational db
and you lose all the advantages of objects.</p>
</quote>

<p>Vsevolod confirmed it does not work now 
<quote who="Vsevolod Lobko">Even retrieving of data from geas</quote>. 
Reinhard said he was the maintainer of GEAS, but that he had not 
had time to look at it for 2 months now due to job overload.</p>

</section>


<section title="Non-Implemented Keywords" subject="[IRC] 29 Oct 2001" archive="http://www.gnuenterprise.org/irc-logs/gnue-public.log.29Oct2001" startdate="29 Oct 2001 00:00:00 -0800" enddate="29 Oct 2001 00:00:00 -0800">

<topic>Application Server</topic>

<p>Reinhard M&#252;ller (reinhard) suggested taking out the PUBLIC and PRIVATE
keywords as we have no real use for them now - 
<quote who="Reinhard Müller"> or we will end up with a lot of 
non-implemented keywords just like before</quote>. Neil Tiffin (neilt) 
agreed to <quote who="Neil Tiffin">taking everything out that 
is not fully implemented, unless it will be implemented in the 
next few tasks we are working on</quote>. Reinhard asked if 
this applied to READONLY as well. Neil replied that he was 
not sure. Reinhard will investigate what READONLY does now.</p>

</section>


<section title="Syntax for Explicit References" subject="[IRC] 29 Oct 2001" archive="http://www.gnuenterprise.org/irc-logs/gnue-public.log.29Oct2001" startdate="29 Oct 2001 00:00:00 -0800" enddate="29 Oct 2001 00:00:00 -0800">

<topic>Application Server</topic>

<p>Reinhard M&#252;ller (reinhard) asked about 
<quote who="Reinhard Müller">the current syntax for explicit 
reference</quote>. Explicit references 
were needed, but neither Reinhard or Neil Tiffin (neilt) were happy with the 
current syntax for them. Reinhard proposed a
<quote who="Reinhard Müller">changed REFERENCE syntax in gcd: 
REFERENCE refname WHERE thisfield [=&lt;&gt;!] otherclass.otherfield;</quote></p>
 
<p>Neil said this needed to work for lists as well - 
<quote who="Neil Tiffin">and a reference is just a list 
with one entry</quote>. Reinhard suggested, <quote who="Reinhard Müller">Actually
both could be combined by a sorta RELATION keyword
which is [...] n : m where n and m can be 1 or more than 1.
For implicit we still need both * and [] but for explicit I 
think we could replace both REFERENCE and LIST with RELATION.
</quote></p>

</section>


<section title="Andrew Murie's Profiling Code" subject="[IRC] 29 Oct 2001" archive="http://www.gnuenterprise.org/irc-logs/gnue-public.log.29Oct2001" startdate="29 Oct 2001 00:00:00 -0800" enddate="29 Oct 2001 00:00:00 -0800">

<topic>Application Server</topic>

<p>Reinhard M&#252;ller (reinhard) asked <quote who="Reinhard Müller">Shall 
we keep andrewm's profiling code, or shall we remove it?</quote>
Daniel Baumann (chillywilly) and Neil Tiffin (neilt) both thought it was 
unnecessary. Neil suggested contacting Andrew to <quote who="Neil Tiffin">see 
why he did that - there must have been a reason.</quote> Daniel said he 
would ask <quote who="Daniel Baumann">some hurd hackers</quote>for further 
pointers.</p>

<p>Later on, Reinhard suggested using gprof, which 
<quote who="Reinhard Müller"> gives you statistics about time spent 
in each function as well as number of calls for each function sorted 
by the worst functions first (those eating most time) and lots of 
other stuff. Plus you can break it down to lines of code instead of 
functions. The only thing is it only measures cpu time 
not the time the process waits for disk access or network traffic</quote>. 
By contrast, Andrew's <quote who="Reinhard Müller">profiling 
code measures the RealWorld(tm) time spent in a function [...] which 
is a <strong>very</strong> inaccurate thing in a multi process 
operating system</quote>. However, Reinhard would <strong>not</strong> 
remove the profiling stuff without Neil's feedback.</p>

</section>

</kc>
<!--
     FILE ARCHIVED ON 05:28:04 Nov 11, 2007 AND RETRIEVED FROM THE
     INTERNET ARCHIVE ON 09:30:31 Dec 05, 2018.
     JAVASCRIPT APPENDED BY WAYBACK MACHINE, COPYRIGHT INTERNET ARCHIVE.

     ALL OTHER CONTENT MAY ALSO BE PROTECTED BY COPYRIGHT (17 U.S.C.
     SECTION 108(a)(3)).
-->
<!--
playback timings (ms):
  LoadShardBlock: 490.543 (3)
  esindex: 0.01
  captures_list: 509.721
  CDXLines.iter: 14.261 (3)
  PetaboxLoader3.datanode: 486.632 (4)
  exclusion.robots: 0.303
  exclusion.robots.policy: 0.29
  RedisCDXSource: 1.631
  PetaboxLoader3.resolve: 90.34 (2)
  load_resource: 97.741
-->