<?xml version="1.0" ?>

<script src="//archive.org/includes/analytics.js?v=cf34f82" type="text/javascript"></script>
<script type="text/javascript">window.addEventListener('DOMContentLoaded',function(){var v=archive_analytics.values;v.service='wb';v.server_name='wwwb-app13.us.archive.org';v.server_ms=205;archive_analytics.send_pageview({});});</script>
<script type="text/javascript" src="/static/js/ait-client-rewrite.js?v=1543384230.0" charset="utf-8"></script>
<script type="text/javascript">
WB_wombat_Init('https://web.archive.org/web', '20071111060211', 'www.kerneltraffic.org');
</script>
<script type="text/javascript" src="/static/js/wbhack.js?v=1543384230.0" charset="utf-8"></script>
<script type="text/javascript">
__wbhack.init('https://web.archive.org/web');
</script>
<link rel="stylesheet" type="text/css" href="/static/css/banner-styles.css?v=1543384230.0" />
<link rel="stylesheet" type="text/css" href="/static/css/iconochive.css?v=1543384230.0" />
<!-- End Wayback Rewrite JS Include -->
<!-- BEGIN WAYBACK TOOLBAR INSERT -->
<script type="text/javascript" src="/static/js/timestamp.js?v=1543384230.0" charset="utf-8"></script>
<script type="text/javascript" src="/static/js/graph-calc.js?v=1543384230.0" charset="utf-8"></script>
<script type="text/javascript" src="/static/js/auto-complete.js?v=1543384230.0" charset="utf-8"></script>
<script type="text/javascript" src="/static/js/toolbar.js?v=1543384230.0" charset="utf-8"></script>
<style type="text/css">
body {
  margin-top:0 !important;
  padding-top:0 !important;
  /*min-width:800px !important;*/
}
.wb-autocomplete-suggestions {
    text-align: left; cursor: default; border: 1px solid #ccc; border-top: 0; background: #fff; box-shadow: -1px 1px 3px rgba(0,0,0,.1);
    position: absolute; display: none; z-index: 2147483647; max-height: 254px; overflow: hidden; overflow-y: auto; box-sizing: border-box;
}
.wb-autocomplete-suggestion { position: relative; padding: 0 .6em; line-height: 23px; white-space: nowrap; overflow: hidden; text-overflow: ellipsis; font-size: 1.02em; color: #333; }
.wb-autocomplete-suggestion b { font-weight: bold; }
.wb-autocomplete-suggestion.selected { background: #f0f0f0; }
</style>
<div id="wm-ipp" lang="en" style="display:none;direction:ltr;">
<div style="position:fixed;left:0;top:0;right:0;">
<div id="wm-ipp-inside">
  <div style="position:relative;">
    <div id="wm-logo" style="float:left;width:130px;padding-top:10px;">
      <a href="/web/" title="Wayback Machine home page"><img src="/static/images/toolbar/wayback-toolbar-logo.png" alt="Wayback Machine" width="110" height="39" border="0" /></a>
    </div>
    <div class="r" style="float:right;">
      <div id="wm-btns" style="text-align:right;height:25px;">
                  <div id="wm-save-snapshot-success">success</div>
          <div id="wm-save-snapshot-fail">fail</div>
          <a href="#"
             onclick="__wm.saveSnapshot('http://www.kerneltraffic.org/GNUe/gnue20030726_91.xml', '20071111060211')"
             title="Share via My Web Archive"
             id="wm-save-snapshot-open"
          >
            <span class="iconochive-web"></span>
          </a>
          <a href="https://archive.org/account/login.php"
             title="Sign In"
             id="wm-sign-in"
          >
            <span class="iconochive-person"></span>
          </a>
          <span id="wm-save-snapshot-in-progress" class="iconochive-web"></span>
        	<a href="http://faq.web.archive.org/" title="Get some help using the Wayback Machine" style="top:-6px;"><span class="iconochive-question" style="color:rgb(87,186,244);font-size:160%;"></span></a>
	<a id="wm-tb-close" href="#close" onclick="__wm.h(event);return false;" style="top:-2px;" title="Close the toolbar"><span class="iconochive-remove-circle" style="color:#888888;font-size:240%;"></span></a>
      </div>
      <div id="wm-share" style="text-align:right;">
	<a href="#" onclick="window.open('https://www.facebook.com/sharer/sharer.php?u=https://web.archive.org/web/20071111060211/http://www.kerneltraffic.org/GNUe/gnue20030726_91.xml', '', 'height=400,width=600'); return false;" title="Share on Facebook" style="margin-right:5px;" target="_blank"><span class="iconochive-facebook" style="color:#3b5998;font-size:160%;"></span></a>
	<a href="#" onclick="window.open('https://twitter.com/intent/tweet?text=https://web.archive.org/web/20071111060211/http://www.kerneltraffic.org/GNUe/gnue20030726_91.xml&amp;via=internetarchive', '', 'height=400,width=600'); return false;" title="Share on Twitter" style="margin-right:5px;" target="_blank"><span class="iconochive-twitter" style="color:#1dcaff;font-size:160%;"></span></a>
      </div>
    </div>
    <table class="c" style="">
      <tbody>
	<tr>
	  <td class="u" colspan="2">
	    <form target="_top" method="get" action="/web/submit" name="wmtb" id="wmtb"><input type="text" name="url" id="wmtbURL" value="http://www.kerneltraffic.org/GNUe/gnue20030726_91.xml" onfocus="this.focus();this.select();" /><input type="hidden" name="type" value="replay" /><input type="hidden" name="date" value="20071111060211" /><input type="submit" value="Go" /></form>
	  </td>
	  <td class="n" rowspan="2" style="width:110px;">
	    <table>
	      <tbody>
		<!-- NEXT/PREV MONTH NAV AND MONTH INDICATOR -->
		<tr class="m">
		  <td class="b" nowrap="nowrap"><a href="https://web.archive.org/web/20050213181506/http://www.kerneltraffic.org:80/GNUe/gnue20030726_91.xml" title="13 Feb 2005"><strong>Feb</strong></a></td>
		  <td class="c" id="displayMonthEl" title="You are here: 06:02:11 Nov 11, 2007">NOV</td>
		  <td class="f" nowrap="nowrap">Dec</td>
		</tr>
		<!-- NEXT/PREV CAPTURE NAV AND DAY OF MONTH INDICATOR -->
		<tr class="d">
		  <td class="b" nowrap="nowrap"><a href="https://web.archive.org/web/20050213181506/http://www.kerneltraffic.org:80/GNUe/gnue20030726_91.xml" title="18:15:06 Feb 13, 2005"><img src="/static/images/toolbar/wm_tb_prv_on.png" alt="Previous capture" width="14" height="16" border="0" /></a></td>
		  <td class="c" id="displayDayEl" style="width:34px;font-size:24px;white-space:nowrap;" title="You are here: 06:02:11 Nov 11, 2007">11</td>
		  <td class="f" nowrap="nowrap"><img src="/static/images/toolbar/wm_tb_nxt_off.png" alt="Next capture" width="14" height="16" border="0" /></td>
		</tr>
		<!-- NEXT/PREV YEAR NAV AND YEAR INDICATOR -->
		<tr class="y">
		  <td class="b" nowrap="nowrap"><a href="https://web.archive.org/web/20050213181506/http://www.kerneltraffic.org:80/GNUe/gnue20030726_91.xml" title="13 Feb 2005"><strong>2005</strong></a></td>
		  <td class="c" id="displayYearEl" title="You are here: 06:02:11 Nov 11, 2007">2007</td>
		  <td class="f" nowrap="nowrap">2008</td>
		</tr>
	      </tbody>
	    </table>
	  </td>
	</tr>
	<tr>
	  <td class="s">
	    	    <div id="wm-nav-captures">
	      	      <a class="t" href="/web/20071111060211*/http://www.kerneltraffic.org/GNUe/gnue20030726_91.xml" title="See a list of every capture for this URL">4 captures</a>
	      <div class="r" title="Timespan for captures of this URL">30 Aug 2003 - 11 Nov 2007</div>
	      </div>
	  </td>
	  <td class="k">
	    <a href="" id="wm-graph-anchor">
	      <div id="wm-ipp-sparkline" title="Explore captures for this URL" style="position: relative">
		<canvas id="wm-sparkline-canvas" width="575" height="27" border="0"></canvas>
	      </div>
	    </a>
	  </td>
	</tr>
      </tbody>
    </table>
    <div style="position:absolute;bottom:0;right:2px;text-align:right;">
      <a id="wm-expand" class="wm-btn wm-closed" href="#expand" onclick="__wm.ex(event);return false;"><span id="wm-expand-icon" class="iconochive-down-solid"></span> <span style="font-size:80%">About this capture</span></a>
    </div>
  </div>
    <div id="wm-capinfo" style="border-top:1px solid #777;display:none; overflow: hidden">
            <div style="background-color:#666;color:#fff;font-weight:bold;text-align:center">COLLECTED BY</div>
    <div style="padding:3px;position:relative" id="wm-collected-by-content">
            <div style="display:inline-block;vertical-align:top;width:50%;">
			<span class="c-logo" style="background-image:url(https://archive.org/services/img/webwidecrawl);"></span>
		Organization: <a style="color:#33f;" href="https://archive.org/details/webwidecrawl" target="_new"><span class="wm-title">Internet Archive</span></a>
		<div style="max-height:75px;overflow:hidden;position:relative;">
	  <div style="position:absolute;top:0;left:0;width:100%;height:75px;background:linear-gradient(to bottom,rgba(255,255,255,0) 0%,rgba(255,255,255,0) 90%,rgba(255,255,255,255) 100%);"></div>
	  The Internet Archive discovers and captures web pages through many different web crawls.

At any given time several distinct crawls are running, some for months, and some every day or longer.

View the web archive through the <a href="http://archive.org/web/web.php">Wayback Machine</a>.
	</div>
	      </div>
      <div style="display:inline-block;vertical-align:top;width:49%;">
			<span class="c-logo" style="background-image:url(https://archive.org/services/img/aroundtheworldcrawl)"></span>
		<div>Collection: <a style="color:#33f;" href="https://archive.org/details/aroundtheworldcrawl" target="_new"><span class="wm-title">Around The World Crawl</span></a></div>
		<div style="max-height:75px;overflow:hidden;position:relative;">
	  <div style="position:absolute;top:0;left:0;width:100%;height:75px;background:linear-gradient(to bottom,rgba(255,255,255,0) 0%,rgba(255,255,255,0) 90%,rgba(255,255,255,255) 100%);"></div>
	  Data crawled by Sloan Foundation on behalf of Internet Archive
<br /><br />
	</div>
	      </div>
    </div>
    <div style="background-color:#666;color:#fff;font-weight:bold;text-align:center" title="Timestamps for the elements of this page">TIMESTAMPS</div>
    <div>
      <div id="wm-capresources" style="margin:0 5px 5px 5px;max-height:250px;overflow-y:scroll !important"></div>
      <div id="wm-capresources-loading" style="text-align:left;margin:0 20px 5px 5px;display:none"><img src="/static/images/loading.gif" alt="loading" /></div>
    </div>
  </div></div></div></div><script type="text/javascript">
__wm.bt(575,27,25,2,"web","http://www.kerneltraffic.org/GNUe/gnue20030726_91.xml","2007-11-11",1996);
</script>
<!-- END WAYBACK TOOLBAR INSERT --><kc>

<title>GNUe Traffic</title>

<editor contact="mailto:psu@burdonvale.co.uk">Peter Sullivan</editor>

<issue num="91" date="26 Jul 2003 00:00:00 -0800"/>

<headquote>
"<i>jcater you are my hero - 
two bugs fixed and you didnt even have to be here - thats what i e
call AI</i>"
</headquote>


<intro>
  This covers the three main mailing lists for the 
  <a href="https://web.archive.org/web/20071111060211/http://www.gnuenterprise.org/">GNU Enterprise</a> 
  project, plus the #gnuenterprise IRC channel.
</intro>


<section title="On-startup trigger problem and next release" subject="[IRC] 17 Jul 2003" archive="http://www.gnuenterprise.org/irc-logs/gnue-public.log.17Jul2003" author="Peter Sullivan" contact="mailto:psu@burdonvale.co.uk" startdate="17 Jul 2003 04:00:00 -0800" enddate="21 Jul 2003 04:00:00 -0800">

<topic>Forms</topic>
<topic>Designer</topic>

<p>James Thompson (jamest) asked <quote who="James Thompson">any reasons we 
can't be thinking release?</quote> Mike Vincent (Vee2d2) pointed out 
<quote who="Mike Vincent">on-startup trigger doesnt fire first</quote> 
(as discussed in <kcref title="on-startup and other triggers in Forms" subject="[IRC] 13 Jul 2003"/>) and 
<quote who="Mike Vincent">touching the trigger drop down on the code editor 
in designer is still dangerous</quote>. James said that Jason Cater (jcater) 
had <quote who="James Thompson">mentioned having some code in designer(?) 
that could be copied to solve</quote> the on-startup trigger problem. 
Mike said it was <quote who="Mike Vincent">up to you guys if it's release 
critical or not.. I'm not sure if I found a different way to do what I 
needed</quote>.</p>

<p>Later, Jason explained <quote who="Jason Cater">with that On-Startup 
bug - I'm thinking we just leave that as a known bug - release - then fix 
properly. I know how I want to fix it - and it should work w/o problem - 
but it will touch a bit of code. well, not really touch a lot of code - 
but touches on startup logic</quote>. Mike said this 
<quote who="Mike Vincent">works for me</quote>.</p>

<p><a href="https://web.archive.org/web/20071111060211/http://www.gnuenterprise.org/irc-logs/gnue-public.log.21Jul2003">
Some days later</a>, Jason said <quote who="Jason Cater">you'll be glad to 
know I just committed a fix for your Code Editor dropdown bug :) - it was 
a bugger to figure out</quote>. Later, Mike played <quote who="Mike Vincent">with 
the trigger dropdown - it's everything I dreamed it would be.. :)</quote> 
Jason said he was <quote who="Jason Cater">doing several forms</quote> himself 
as of time of writing - <quote who="Jason Cater">all using designer - hence the 
usability commits :)</quote> Mike felt <quote who="Mike Vincent">the block tabs 
Rock! too.. I'm all for a 0.5.1 now.. you guys have my vote fwiw..</quote> But 
Jason said there was <quote who="Jason Cater">a bug in forms I need fixed first. 
if you mark an entry as non-navigable - you can still click on it in the 
wxWindows-driver. The wx focus changes - but the forms focus doesn't 
change</quote>, which meant that the display logic and the form logic got out 
of synch. Mike said <quote who="Mike Vincent">I think I made mine nonnav and 
readonly</quote> in order to minimise the problem.</p>
	
</section>


<section title="GNUe publicity events" subject="[IRC] 17 Jul 2003" archive="http://www.gnuenterprise.org/irc-logs/gnue-public.log.17Jul2003" author="Peter Sullivan" contact="mailto:psu@burdonvale.co.uk" startdate="17 Jul 2003 04:00:00 -0800" enddate="17 Jul 2003 04:00:00 -0800">

<p>Derek Neighbors (dneighbo) said that he had <quote who="Derek Neighbors">about 
20 - 25 people on the list current that are interested</quote> in an upcoming 
publicity event for GNUe with the Phoenix Linux User Group (PLUG) in Arizona, 
USA. He wished <quote who="Derek Neighbors">i had a GNU 
Enterprise Knoppix cd</quote> so it could be demonstrated from a bootable CD
under GNU/Linux without having to install it. der.hans (LuftHans)
said <quote who="der.hans">that's something I need, so help me get 
gnue working and I'll have it on</quote> the bespoke Knoppix distribution 
PLUG were planning. Derek said he also needed <quote who="Derek Neighbors">some 
experienced folks to run a booth in San Francisco in August</quote> at 
Linux World Expo (LWE) - <quote who="Derek Neighbors">/me thinks they gave us one 
eventhough  i never asked</quote> - but he was unlikely to be able to go 
himself.</p>

</section>


<section title="Changes to *.gfd (GNUe Form Definitions) layout since version 0.5" subject="[IRC] 18 Jul 2003" archive="http://www.gnuenterprise.org/irc-logs/gnue-public.log.18Jul2003" author="Peter Sullivan" contact="mailto:psu@burdonvale.co.uk" startdate="18 Jul 2003 04:00:00 -0800" enddate="18 Jul 2003 04:00:00 -0800">

<topic>Forms</topic>

<p>der.hans (LuftHans) was <quote who="der.hans">working on a 
demo GNUe XML form. Good thing there's a 'using a text editor' section</quote>
for writing GNUe Form Definition files (*.gfd) in the documentation, since he 
could not get GNUe Designer to work. However, he was getting a traceback error 
when he tried to open the form definition in GNUe Forms. Derek Neighbors (dneighbo) 
asked <quote who="Derek Neighbors">what is wrong with designer? last i heard it 
pretty close to having most bugs fixed. plese note you need wxPython 2.4</quote>. 
He felt <quote who="Derek Neighbors">doing xml by hand is less than optimal 
(way easy to hose up) - also if you copied something out of the docs likely 
they are inaccurate</quote> since <quote who="Derek Neighbors">try as we 
might... development happens faster than documentation</quote>. der.hans 
said he had used the Zipcode example. He asked 
<quote who="der.hans">doesn't the PHP thingy have a 
validator?</quote> Derek said that the Forms client written in PHP was 
<quote who="Derek Neighbors">not usuable for anything remotely close to 
production - unless you want to contribute code to make it work :)</quote>
He was not keen on web-based enterprise applications anyway, for anything 
other than occasional data entry users.</p>

<p>Derek looked at Hans' form definition and noted that the 
<quote who="Derek Neighbors">form spec has changed radically</quote> from 
version 0.5, as previously discussed in 
<kcref subject="XML Changes for Forms 0.5.x" startdate="26 Nov 2002 19:00:37 -0800"/>
 - he personally had not been affected much by this, as he had 
<quote who="Derek Neighbors">stopped editing dumb files by hand when 
designer got better</quote>. He suggested some changes to der.hans's 
form definition which got it up and working at Derek's end - but der.hans 
was still having problems as he had <quote who="der.hans">no db 
driver for psycopg</quote>.</p>

</section>


<section title="CVS version of Designer well ahead of last release" subject="[IRC] 18 Jul 2003" archive="http://www.gnuenterprise.org/irc-logs/gnue-public.log.18Jul2003" author="Peter Sullivan" contact="mailto:psu@burdonvale.co.uk" startdate="18 Jul 2003 04:00:00 -0800" enddate="18 Jul 2003 04:00:00 -0800">

<topic>Designer</topic>

<p>Derek Neighbors (dneighbo) noted two bugs in Designer, but 
Mike Vincent (Vee2d2) said he believed they were fixed in CVS. 
This lead Derek to update his CVS for the first time since CVS 
had been broken up into seperate modules for each application, 
as discussed in 
<kcref subject="[GNUe-dev] Restructuring of CVS" startdate="20 Jun 2003 08:06:29 -0800"/>. 
Mike said <quote who="Mike Vincent">IIRC there's like a "wowiee wow! 
wow!" difference between</quote> the last official release of GNUe Designer 
(0.5.0) and the CVS version as of time of writing - 
<quote who="Mike Vincent">I dont remember if that 
happened prior to the cvs restructuring or not though</quote>. 
Derek reported that both his bugs had been fixed - 
<quote who="Derek Neighbors">jcater you are my hero - 
two bugs fixed and you didnt even have to be here - thats what i 
call AI</quote>.</p>

</section>


<section title="GNUe Small Business and arias integration" subject="[IRC] 19 Jul 2003" archive="http://www.gnuenterprise.org/irc-logs/gnue-public.log.19Jul2003" author="Peter Sullivan" contact="mailto:psu@burdonvale.co.uk" startdate="19 Jul 2003 04:00:00 -0800" enddate="19 Jul 2003 04:00:00 -0800">

<topic>Small Business</topic>

<p>Mike Vincent (Vee2d2) said he had <quote who="Mike Vincent">an itch 
to get product (item) management to a state where I can: setup my product 
line, print a price list, and perhaps print brochures and or a catalog so 
I've been working to that end. </quote>. He had not 
<quote who="Mike Vincent">played with aria much.. well really, not at 
all.. </quote>. Chan Min Wai (dcmwai) said <quote who="Chan Min Wai">It 
is just a erp that is incomplete... and our objective is to complete every 
part of it.. and Joining with Gnue-sb will make things work without double 
work</quote>. Mike agreed - <quote who="Mike Vincent">I'm not sure what the 
roadmap for integration looks like though..</quote> Chan said 
<quote who="Chan Min Wai">We haen't have one yet...</quote> In the 
meantime, Mike suggested, <quote who="Mike Vincent">if the schema is set, 
then you could probably work on forms to do what arias currently does in 
the way of payroll, ap, ar, gl</quote>.</p>

</section>


<section title="Are web-based enterprise applications evil?" subject="[IRC] 19 Jul 2003" archive="http://www.gnuenterprise.org/irc-logs/gnue-public.log.19Jul2003" author="Peter Sullivan" contact="mailto:psu@burdonvale.co.uk" startdate="19 Jul 2003 04:00:00 -0800" enddate="19 Jul 2003 04:00:00 -0800">

<topic>Why GNUe?</topic>

<p>Stuart Quimby (ToyMan) asked <quote who="Stuart Quimby">how web-integrated 
is gnue these days?</quote> Derek Neighbors (dneighbo) said 
<quote who="Derek Neighbors">not very - i.e. same as before</quote>. 
He added <quote who="Derek Neighbors">really i cant imagine running a business 
off all web backend</quote> - he had seen proprietary ERP packages that 
had gone web-based <quote who="Derek Neighbors">and its rather horrible</quote>. 
He explained <quote who="Derek Neighbors">the problem is the web makes for a 
HORRIBLY inefficient UI - unless you use java applets or activeX controls - 
but then you are not a 'web application' - you are an application in a web 
browser - ie you lose all the good reasons to use a web app (as you have to 
deploy stuff client side)</quote>. The problem with HTML was 
<quote who="Derek Neighbors">basically if its 
not java/activeX etc its stateless which makes for horridly inefficient 
refreshes</quote>. His own bank had a web-based online banking application, 
which was fine when used (say) in the middle of the night (and being web-based 
allowed him to use GNU/Linux rather than Microsoft Windows)  
<quote who="Derek Neighbors">but when its a heavy traffic bank day - its 
'stateless' refresh times are so horrible it's nearly unusable :(</quote></p>

</section>


<section title="Fixing problems with popy driver with GNUe" subject="[IRC] 21 Jul 2003" archive="http://www.gnuenterprise.org/irc-logs/gnue-public.log.21Jul2003" author="Peter Sullivan" contact="mailto:psu@burdonvale.co.uk" startdate="21 Jul 2003 04:00:00 -0800" enddate="22 Jul 2003 04:00:00 -0800">

<topic>Common</topic>

<p>Further to 
<kcref title="popy and psycopg as alternative python drivers for PostgreSQL" subject="[IRC] 15 Jul 2003"/>, 
Mike Vincent (Vee2d2) reported <quote who="Mike Vincent">I tried popy last week but 
had to revert back to psycopg because it breaks designer's schema navigator.. 
apparently because of the way it returns types.. like it was expecting</quote> 
Object IDs (oid) <quote who="Mike Vincent">to be returned as a int type but was 
getting a str, I think.. *shrug*</quote>. 
Thierry Michel (thierry), one of the popy developers, said 
<quote who="Thierry Michel">it's complex 
to deal w/ oid type - each table has an oid and lob are also using 
oid</quote>. He asked whether people had seen <quote who="Thierry Michel">the 
announce about pygresql/popy project merging ?</quote>. He offered to fix 
the problem with the popy driver if he could - <quote who="Thierry Michel">popy 
tries to detect LOB and handles them transparently - but as oid is used by tables, 
the automatic detection is impossible IMHO - so, LOB are not handled by default by 
popy and oid too...</quote></p>

<p>James Thompson (jamest) asked 
<quote who="James Thompson">just out of curiosity does popy deal with ' 
properly?</quote> - he had <quote who="James Thompson">tested out some of my forms 
with pygresql and it did the right thing wrt strings that contained ' - however 
one of my users told me the other day that strings with ' in them choaked the form
- the only change I recall was going to popy</quote>. He had had 
<quote who="James Thompson">0 time to look at gnue's code, the users example, or 
anything - so it could be user error but I figured since the popy author was here 
for abuse - it was too good to pass up</quote>. Thierry admitted that 
<quote who="Thierry Michel">popy has problem with quoting - we are working on 
it and a better types converter</quote>.</p>

<p>Later, Thierry announced a <quote who="Thierry Michel">new version of popy 
2.0.10 available on <a href="https://web.archive.org/web/20071111060211/http://sourceforge.net/projects/popy/">sf's cvs</a></quote>. 
Mike noted that this <quote who="Mike Vincent">fixes the schema navigator breakage 
in designer while using popy</quote>.</p>

<p><a href="https://web.archive.org/web/20071111060211/http://www.gnuenterprise.org/irc-logs/gnue-public.log.22Jul2003">
The next day</a>, Thierry confirmed <quote who="Thierry Michel">the popy team 
decided to continue the development of PoPy until the 2.1 which will be the last 
stable and mature release - in parallel, we'll begin to develop the new merging 
pygresql project</quote> with the psycopg developers. Meanwhile, 
<quote who="Thierry Michel">2.1 will correct all bugs of PoPy</quote>. 
James asked <quote who="James Thompson">any timeline for 2.1?</quote> 
Thierry said <quote who="Thierry Michel">until we receive bugs :/ - we planned 
5 (max) pre-release for the 2.1. we have already begin the pre1 (which includes 
bugs I fixed in the 2.0.11, and some code cleaning)</quote>.</p>

</section>


<section title="Documentation toools for the GNUe project" subject="[IRC] 21 Jul 2003" archive="http://www.gnuenterprise.org/irc-logs/gnue-public.log.21Jul2003" author="Peter Sullivan" contact="mailto:psu@burdonvale.co.uk" startdate="21 Jul 2003 04:00:00 -0800" enddate="21 Jul 2003 04:00:00 -0800">

<p>Acknowledging the risk of re-igniting threads going back as far as 
<kcref subject="[gnue-discuss] Can We Please Not Use LyX!?!?" startdate="14 Nov 2001 23:21:25 -0800"/>, 
Jason Cater (jcater) asked <quote who="Jason Cater">I wonder what people would think 
of <a href="https://web.archive.org/web/20071111060211/http://backtalk.sourceforge.net/">http://backtalk.sourceforge.net/</a> - 
I've debated about testing it out for almost a year now. It's basically online book 
editing - /me is thinking the dev guide he's working on. 
<a href="https://web.archive.org/web/20071111060211/http://www.zope.org/Documentation/Books/ZopeBook/2_6Edition">The Zope 
Book </a> uses it</quote>. Mike Vincent (Vee2d2) felt <quote who="Mike Vincent">if it's 
some sorta wiki thing I think that'd be cool.. I find the online php manual indespensible 
with all it's annotations from users..</quote> Jason said 
<quote who="Jason Cater">yeah, it's a lot like the PHP manual</quote>.</p>

</section>


<section title="License for GNUe Documentation" subject="[IRC] 23 Jul 2003" archive="http://www.gnuenterprise.org/irc-logs/gnue-public.log.23Jul2003" author="Peter Sullivan" contact="mailto:psu@burdonvale.co.uk" startdate="23 Jul 2003 04:00:00 -0800" enddate="23 Jul 2003 04:00:00 -0800">

<mention>Richard Stallman</mention>

<p>Reinhard M&#252;ller (reinhard) had been <quote who="Reinhard Müller">reading 
some interesting texts about the GFDL</quote> (GNU Free Documentation License) - 
<quote who="Reinhard Müller">I start to doubt seriously if the GFDL is the 
correct license for GNUe Documentation</quote>. The problem was that making 
use of the part of the license that allowed you to 
specify invariant sections arguably made the whole document non-free. 
Daniel Baumann (chillywilly) felt <quote who="Daniel Baumann">it is a sad fact 
in this day and age you have to jump through so mnay hoops in order to cover 
your backside legally, but I hardly blame it on the GFDL</quote>. Jeff Bailey 
(jbailey) recommended <quote who="Jeff Bailey">Please 
try hard to avoid the GFDL.  If you use it, please try hard to avoid invariant 
sections.</quote> He noted that this was causing problems 
for the Debian project - <quote who="Jeff Bailey">I'll be shortly moving Glibc's 
documentation to non-free in Debian. I think GCC's documentation is already 
there.</quote> Reinhard said <quote who="Reinhard Müller">if i write a 
documentation - I _want_ it to be usable in manpages</quote>. Daniel pointed out 
that the copyright to all GNUe documentation was assigned to the Free Software 
Foundation (FSF), but the authors had joint copyright on their own contributions as 
well. Daniel felt the FSF <quote who="Daniel Baumann">should probably reevaluate the 
GFDL...but I alos see</quote> Richard Stallman's (rms) 
<quote who="Daniel Baumann">point he doesn't want people changing the author's 
"opinion" either and making it easy to defraud them</quote>. Reinhard said 
<quote who="Reinhard Müller">the main point is - i don't see _any_ advantages for 
us from the restrictions the gfdl places - but i see _many_ disadvantages for our 
users</quote>. Daniel and Reinhard agreed this needed to be discussed with the FSF.</p>

<p>Later, Jason Cater (jcater) agreed <quote who="Jason Cater">we should seriously 
re-evaluate our GFDL usage</quote>. Jeff noted that <quote who="Jeff Bailey">One 
solution I've seen applied though is that folks have refused to add invariant clauses.
Basically telling the FSF that if they want them, they need to add it 
themselves.</quote></p>

</section>


<section title="Church management software in GNUe" subject="[IRC] 23 Jul 2003" archive="http://www.gnuenterprise.org/irc-logs/gnue-public.log.23Jul2003" author="Peter Sullivan" contact="mailto:psu@burdonvale.co.uk" startdate="23 Jul 2003 04:00:00 -0800" enddate="23 Jul 2003 04:00:00 -0800">

<topic>Forms</topic>
<topic>Customer Relations</topic>

<mention>Derek Neighbors</mention>

<p>It was asked if GNUe could be used to implement web-accessible church management 
software (a type of CRM) to support the activities of a small missions organization.
Mike Vincent (Vee2d2) suggested 
talking to Derek Neighbors (dneighbo)- <quote who="Mike Vincent">I believe he does a 
fair bit of stuff for his church using gnue tools</quote>. Jeff Bailey (jbailey) warned 
<quote who="Jeff Bailey">The html forms stuff isn't done yet.  I have some sketches</quote>
(as previously discussed in 
<kcref title="HTML User Interface for Forms" subject="[IRC] 15 Feb 2003"/>), 
<quote who="Jeff Bailey">but ran out of time. =(</quote> The biggest issue was that 
<quote who="Jeff Bailey">The basic HTML forms should use CSS 
layout to put it on the screen, but CSS doesn't provide a perfect grid to work 
with.</quote> This would imply convincing the developers of the main non-web Forms client 
<quote who="Jeff Bailey">that laying things out on grids 
is suboptimal. =) Also, there's no way to identify easily which tags are associated with 
which inputs, and that's another architecture change in designer.</quote> Ignoring 
these problems for the moment, <quote who="Jeff Bailey">I'm suspecting that a competant 
python programmer could have it displaying HTML in 20 to 30 hours of coding.</quote></p>

<p>However, continuing the theme from 
<kcref title="Are web-based enterprise applications evil?" subject="[IRC] 19 Jul 2003"/>, 
he asked <quote who="Jeff Bailey">Does it have to be HTML? There's a Win32 client, and a 
Unix client. In general, native clients will suck less than web clients.</quote> It was 
noted that HTML was probably the best solution where people were accessing the system 
from machines that were not theirs - although if the Windows client executables were 
small enough, these could be downloaded and installed 'on the fly' each time.</p>

</section>


</kc><!--
     FILE ARCHIVED ON 06:02:11 Nov 11, 2007 AND RETRIEVED FROM THE
     INTERNET ARCHIVE ON 09:23:49 Dec 05, 2018.
     JAVASCRIPT APPENDED BY WAYBACK MACHINE, COPYRIGHT INTERNET ARCHIVE.

     ALL OTHER CONTENT MAY ALSO BE PROTECTED BY COPYRIGHT (17 U.S.C.
     SECTION 108(a)(3)).
-->
<!--
playback timings (ms):
  LoadShardBlock: 105.233 (3)
  esindex: 0.005
  captures_list: 120.971
  CDXLines.iter: 11.581 (3)
  PetaboxLoader3.datanode: 67.555 (4)
  exclusion.robots: 0.25
  exclusion.robots.policy: 0.241
  RedisCDXSource: 0.936
  PetaboxLoader3.resolve: 43.401 (2)
  load_resource: 67.08
-->