<?xml version="1.0" ?>

<script src="//archive.org/includes/analytics.js?v=cf34f82" type="text/javascript"></script>
<script type="text/javascript">window.addEventListener('DOMContentLoaded',function(){var v=archive_analytics.values;v.service='wb';v.server_name='wwwb-app43.us.archive.org';v.server_ms=535;archive_analytics.send_pageview({});});</script>
<script type="text/javascript" src="/static/js/ait-client-rewrite.js?v=1543384230.0" charset="utf-8"></script>
<script type="text/javascript">
WB_wombat_Init('https://web.archive.org/web', '20071111055520', 'www.kerneltraffic.org');
</script>
<script type="text/javascript" src="/static/js/wbhack.js?v=1543384230.0" charset="utf-8"></script>
<script type="text/javascript">
__wbhack.init('https://web.archive.org/web');
</script>
<link rel="stylesheet" type="text/css" href="/static/css/banner-styles.css?v=1543384230.0" />
<link rel="stylesheet" type="text/css" href="/static/css/iconochive.css?v=1543384230.0" />
<!-- End Wayback Rewrite JS Include -->
<!-- BEGIN WAYBACK TOOLBAR INSERT -->
<script type="text/javascript" src="/static/js/timestamp.js?v=1543384230.0" charset="utf-8"></script>
<script type="text/javascript" src="/static/js/graph-calc.js?v=1543384230.0" charset="utf-8"></script>
<script type="text/javascript" src="/static/js/auto-complete.js?v=1543384230.0" charset="utf-8"></script>
<script type="text/javascript" src="/static/js/toolbar.js?v=1543384230.0" charset="utf-8"></script>
<style type="text/css">
body {
  margin-top:0 !important;
  padding-top:0 !important;
  /*min-width:800px !important;*/
}
.wb-autocomplete-suggestions {
    text-align: left; cursor: default; border: 1px solid #ccc; border-top: 0; background: #fff; box-shadow: -1px 1px 3px rgba(0,0,0,.1);
    position: absolute; display: none; z-index: 2147483647; max-height: 254px; overflow: hidden; overflow-y: auto; box-sizing: border-box;
}
.wb-autocomplete-suggestion { position: relative; padding: 0 .6em; line-height: 23px; white-space: nowrap; overflow: hidden; text-overflow: ellipsis; font-size: 1.02em; color: #333; }
.wb-autocomplete-suggestion b { font-weight: bold; }
.wb-autocomplete-suggestion.selected { background: #f0f0f0; }
</style>
<div id="wm-ipp" lang="en" style="display:none;direction:ltr;">
<div style="position:fixed;left:0;top:0;right:0;">
<div id="wm-ipp-inside">
  <div style="position:relative;">
    <div id="wm-logo" style="float:left;width:130px;padding-top:10px;">
      <a href="/web/" title="Wayback Machine home page"><img src="/static/images/toolbar/wayback-toolbar-logo.png" alt="Wayback Machine" width="110" height="39" border="0" /></a>
    </div>
    <div class="r" style="float:right;">
      <div id="wm-btns" style="text-align:right;height:25px;">
                  <div id="wm-save-snapshot-success">success</div>
          <div id="wm-save-snapshot-fail">fail</div>
          <a href="#"
             onclick="__wm.saveSnapshot('http://www.kerneltraffic.org/GNUe/gnue20020727_39.xml', '20071111055520')"
             title="Share via My Web Archive"
             id="wm-save-snapshot-open"
          >
            <span class="iconochive-web"></span>
          </a>
          <a href="https://archive.org/account/login.php"
             title="Sign In"
             id="wm-sign-in"
          >
            <span class="iconochive-person"></span>
          </a>
          <span id="wm-save-snapshot-in-progress" class="iconochive-web"></span>
        	<a href="http://faq.web.archive.org/" title="Get some help using the Wayback Machine" style="top:-6px;"><span class="iconochive-question" style="color:rgb(87,186,244);font-size:160%;"></span></a>
	<a id="wm-tb-close" href="#close" onclick="__wm.h(event);return false;" style="top:-2px;" title="Close the toolbar"><span class="iconochive-remove-circle" style="color:#888888;font-size:240%;"></span></a>
      </div>
      <div id="wm-share" style="text-align:right;">
	<a href="#" onclick="window.open('https://www.facebook.com/sharer/sharer.php?u=https://web.archive.org/web/20071111055520/http://www.kerneltraffic.org/GNUe/gnue20020727_39.xml', '', 'height=400,width=600'); return false;" title="Share on Facebook" style="margin-right:5px;" target="_blank"><span class="iconochive-facebook" style="color:#3b5998;font-size:160%;"></span></a>
	<a href="#" onclick="window.open('https://twitter.com/intent/tweet?text=https://web.archive.org/web/20071111055520/http://www.kerneltraffic.org/GNUe/gnue20020727_39.xml&amp;via=internetarchive', '', 'height=400,width=600'); return false;" title="Share on Twitter" style="margin-right:5px;" target="_blank"><span class="iconochive-twitter" style="color:#1dcaff;font-size:160%;"></span></a>
      </div>
    </div>
    <table class="c" style="">
      <tbody>
	<tr>
	  <td class="u" colspan="2">
	    <form target="_top" method="get" action="/web/submit" name="wmtb" id="wmtb"><input type="text" name="url" id="wmtbURL" value="http://www.kerneltraffic.org/GNUe/gnue20020727_39.xml" onfocus="this.focus();this.select();" /><input type="hidden" name="type" value="replay" /><input type="hidden" name="date" value="20071111055520" /><input type="submit" value="Go" /></form>
	  </td>
	  <td class="n" rowspan="2" style="width:110px;">
	    <table>
	      <tbody>
		<!-- NEXT/PREV MONTH NAV AND MONTH INDICATOR -->
		<tr class="m">
		  <td class="b" nowrap="nowrap"><a href="https://web.archive.org/web/20050419211139/http://www.kerneltraffic.org:80/GNUe/gnue20020727_39.xml" title="19 Apr 2005"><strong>Apr</strong></a></td>
		  <td class="c" id="displayMonthEl" title="You are here: 05:55:20 Nov 11, 2007">NOV</td>
		  <td class="f" nowrap="nowrap">Dec</td>
		</tr>
		<!-- NEXT/PREV CAPTURE NAV AND DAY OF MONTH INDICATOR -->
		<tr class="d">
		  <td class="b" nowrap="nowrap"><a href="https://web.archive.org/web/20050419211139/http://www.kerneltraffic.org:80/GNUe/gnue20020727_39.xml" title="21:11:39 Apr 19, 2005"><img src="/static/images/toolbar/wm_tb_prv_on.png" alt="Previous capture" width="14" height="16" border="0" /></a></td>
		  <td class="c" id="displayDayEl" style="width:34px;font-size:24px;white-space:nowrap;" title="You are here: 05:55:20 Nov 11, 2007">11</td>
		  <td class="f" nowrap="nowrap"><img src="/static/images/toolbar/wm_tb_nxt_off.png" alt="Next capture" width="14" height="16" border="0" /></td>
		</tr>
		<!-- NEXT/PREV YEAR NAV AND YEAR INDICATOR -->
		<tr class="y">
		  <td class="b" nowrap="nowrap"><a href="https://web.archive.org/web/20050419211139/http://www.kerneltraffic.org:80/GNUe/gnue20020727_39.xml" title="19 Apr 2005"><strong>2005</strong></a></td>
		  <td class="c" id="displayYearEl" title="You are here: 05:55:20 Nov 11, 2007">2007</td>
		  <td class="f" nowrap="nowrap">2008</td>
		</tr>
	      </tbody>
	    </table>
	  </td>
	</tr>
	<tr>
	  <td class="s">
	    	    <div id="wm-nav-captures">
	      	      <a class="t" href="/web/20071111055520*/http://www.kerneltraffic.org/GNUe/gnue20020727_39.xml" title="See a list of every capture for this URL">6 captures</a>
	      <div class="r" title="Timespan for captures of this URL">13 May 2003 - 11 Nov 2007</div>
	      </div>
	  </td>
	  <td class="k">
	    <a href="" id="wm-graph-anchor">
	      <div id="wm-ipp-sparkline" title="Explore captures for this URL" style="position: relative">
		<canvas id="wm-sparkline-canvas" width="575" height="27" border="0"></canvas>
	      </div>
	    </a>
	  </td>
	</tr>
      </tbody>
    </table>
    <div style="position:absolute;bottom:0;right:2px;text-align:right;">
      <a id="wm-expand" class="wm-btn wm-closed" href="#expand" onclick="__wm.ex(event);return false;"><span id="wm-expand-icon" class="iconochive-down-solid"></span> <span style="font-size:80%">About this capture</span></a>
    </div>
  </div>
    <div id="wm-capinfo" style="border-top:1px solid #777;display:none; overflow: hidden">
            <div style="background-color:#666;color:#fff;font-weight:bold;text-align:center">COLLECTED BY</div>
    <div style="padding:3px;position:relative" id="wm-collected-by-content">
            <div style="display:inline-block;vertical-align:top;width:50%;">
			<span class="c-logo" style="background-image:url(https://archive.org/services/img/webwidecrawl);"></span>
		Organization: <a style="color:#33f;" href="https://archive.org/details/webwidecrawl" target="_new"><span class="wm-title">Internet Archive</span></a>
		<div style="max-height:75px;overflow:hidden;position:relative;">
	  <div style="position:absolute;top:0;left:0;width:100%;height:75px;background:linear-gradient(to bottom,rgba(255,255,255,0) 0%,rgba(255,255,255,0) 90%,rgba(255,255,255,255) 100%);"></div>
	  The Internet Archive discovers and captures web pages through many different web crawls.

At any given time several distinct crawls are running, some for months, and some every day or longer.

View the web archive through the <a href="http://archive.org/web/web.php">Wayback Machine</a>.
	</div>
	      </div>
      <div style="display:inline-block;vertical-align:top;width:49%;">
			<span class="c-logo" style="background-image:url(https://archive.org/services/img/aroundtheworldcrawl)"></span>
		<div>Collection: <a style="color:#33f;" href="https://archive.org/details/aroundtheworldcrawl" target="_new"><span class="wm-title">Around The World Crawl</span></a></div>
		<div style="max-height:75px;overflow:hidden;position:relative;">
	  <div style="position:absolute;top:0;left:0;width:100%;height:75px;background:linear-gradient(to bottom,rgba(255,255,255,0) 0%,rgba(255,255,255,0) 90%,rgba(255,255,255,255) 100%);"></div>
	  Data crawled by Sloan Foundation on behalf of Internet Archive
<br /><br />
	</div>
	      </div>
    </div>
    <div style="background-color:#666;color:#fff;font-weight:bold;text-align:center" title="Timestamps for the elements of this page">TIMESTAMPS</div>
    <div>
      <div id="wm-capresources" style="margin:0 5px 5px 5px;max-height:250px;overflow-y:scroll !important"></div>
      <div id="wm-capresources-loading" style="text-align:left;margin:0 20px 5px 5px;display:none"><img src="/static/images/loading.gif" alt="loading" /></div>
    </div>
  </div></div></div></div><script type="text/javascript">
__wm.bt(575,27,25,2,"web","http://www.kerneltraffic.org/GNUe/gnue20020727_39.xml","2007-11-11",1996);
</script>
<!-- END WAYBACK TOOLBAR INSERT --><kc>

<title>GNUe Traffic</title>

<author contact="mailto:psu@manorcon.demon.co.uk">Peter Sullivan</author>

<issue num="39" date="27 Jul 2002 00:00:00 -0800"/>

<headquote>
&quot;<cite>we don't have many 7-11s up here</cite>&quot; - 
&quot;<cite>no 7/11 means no super squishies</cite>&quot; - 
&quot;<cite>we're not at all interested in your private life</cite>&quot;
</headquote>

<intro>

<p>This Cousin covers the three main 
mailing lists for the GNU Enterprise project,
<a href="https://web.archive.org/web/20071111055520/http://mail.gnu.org/mailman/listinfo/gnue">gnue</a>, 
<a href="https://web.archive.org/web/20071111055520/http://mail.gnu.org/mailman/listinfo/gnue-dev">gnue-dev</a> and 
<a href="https://web.archive.org/web/20071111055520/http://mail.gnu.org/mailman/listinfo/gnue-announce">gnue-announce</a>.  
It also covers the #gnuenterprise IRC channel. A great deal of 
development discussion for this project goes on in IRC. You can find 
#gnuenterprise on irc.openprojects.net:6667, or you can review the 
<a href="https://web.archive.org/web/20071111055520/http://www.gnuenterprise.org/irc-logs/">logs</a>.
For more information about the GNU Enterprise project, see their 
home page at <a href="https://web.archive.org/web/20071111055520/http://www.gnuenterprise.org/">
http://www.gnuenterprise.org</a>.</p>

</intro>


<section title="Query toolbar icons bug with multiple Forms" subject="[IRC] 18 Jul 2002" archive="http://www.gnuenterprise.org/irc-logs/gnue-public.log.18Jul2002" startdate="17 Jul 2002 23:00:00 -0800" enddate="17 Jul 2002 23:00:00 -0800">

<topic>Forms</topic>

<mention>ra3vat</mention>

<p>Dmitry Sorokin (ra3vat) reported a problem with multiple Forms 
open at once  - <quote who="Dmitry Sorokin">i did five forms instead 
of 5 pages in one tabbled - "connected" them with navigator - 
now if I open one, get all rows with F8,F9, then open another 
(first one still exist), query in second is not working</quote>.
James Thompson (jamest) said he had observed the same behaviour -
<quote who="James Thompson">what I found is that multiple forms 
opened in navigator link the toolbar to the first form - the 
keyboard should do the right thing</quote>. He confirmed this 
was a bug rather than a feature.</p>

</section>


<section title="Technical Notes for GNUe" subject="[IRC] 18 Jul 2002" archive="http://www.gnuenterprise.org/irc-logs/gnue-public.log.18Jul2002" startdate="17 Jul 2002 23:00:00 -0800" enddate="19 Jul 2002 23:00:00 -0800">

<p>Jason Cater (jcater) reported <quote who="Jason Cater">we 
have a basic technotes system in each of the modules - 
read */doc/technotes/00000.txt for more information or 
*/doc/technotes/index.txt for a listing of technotes
(which are few and far between at the moment)</quote>.
Derek Neighbors (dneighbo) wondered 
<quote who="Derek Neighbors">should we make these reallly 
really basic xml?</quote> - <quote who="Derek Neighbors">so 
you can make a nice index</quote>. Jason said he had 
<quote who="Jason Cater">have a script that does that - it'd 
be trivial to do an html converter if need be</quote>. 
He emphasised that these technotes were not 
<quote who="Jason Cater">"Docs" in traditional 
sense</quote> - just technical notes for 
developers.</p>

<p><a href="https://web.archive.org/web/20071111055520/http://www.gnuenterprise.org/irc-logs/gnue-public.log.20Jul2002">
Some days later</a>, Peter Sullivan (psu) asked 
<quote who="Peter Sullivan">do you think that your new tech 
notes could/should form the basis for the developer docs 
section on website</quote>? Jason felt
<quote who="Jason Cater">it could be a big part.
My thought process on the tech notes: it takes time for us 
to open up tech references using XXXX editor, figure out where 
something we're working on internally should go (or even if it 
should), and then work it into the existing structure - 
but I can whip up a tech note on something i am doing in 5 min 
or less which can later be put in to the tech reference 
properly. /me sees technotes used a lot. Plus we could put 
really internal stuff in there that probably has no business 
in a tech reference</quote>. He preferred not to use XML 
for these, as <quote who="Jason Cater">simplicity is the key 
here - i.e., literally whip up a technote in 5-10 min while 
still fresh in your mind</quote>.</p>

<p>Nick Rusnov (nickr) suggested <quote who="Nick Rusnov">just 
use [] for section headings, ** for bold, __ for undeline, 
plain ascii all the way. :)</quote> Derek said he would 
prefer either <quote who="Derek Neighbors">a. its raw text 
with NO rules to formatting - b. if youhave formatting rules 
you do it with xml</quote> Nick said he was 
<quote who="Nick Rusnov">proposing a tool that simply eases 
typing xml - not a replacement format</quote>. He would 
<quote who="Nick Rusnov">write a demonstration program for 
you, because you're so annoying and ornery</quote> - 
<quote who="Nick Rusnov">I'm going to write it in perl because 
it'll take 5 minutes in perl because thats WHAT PERL 
DOES</quote>. Jason said <quote who="Jason Cater">I had 
intended on a) - I see NO need for formatting in 
technotes</quote>.</p>

</section>


<section title="Contact and Donor Management application for FSF" subject="[IRC] 18 Jul 2002" archive="http://www.gnuenterprise.org/irc-logs/gnue-public.log.18Jul2002" startdate="17 Jul 2002 23:00:00 -0800" enddate="17 Jul 2002 23:00:00 -0800">

<topic>Why GNUe?</topic>
<topic>Customer Relations</topic>
<topic>DCL</topic>

<p>Bradley Kuhn (bkuhn) said the Free Software Federation (FSF) was 
<quote who="Bradley Kuhn">getting close to really needing some 
hacker talent to build a functional contact and donor management 
system</quote>. They hoped to <quote who="Bradley Kuhn">make 
something other non-profits could find useful.</quote>
Jason Cater (jcater) noted thta Derek Neighbors had been 
<quote who="Jason Cater">working on such a beast</quote>.
He himself had been <quote who="Jason Cater">writing a 
Rental Property management app using our tools - and it is a 
piece of cake - the biggest problem I have is defining exactly 
what I want</quote>. He would release this as a GNUe 
application - <quote who="Jason Cater">if not official gnue, 
at least "endorsed" and free :)</quote>. Bradley said 
<quote who="Bradley Kuhn">cool.  It would be good to see some 
apps out there  that  use the tools.</quote> Jason agreed -
<quote who="Jason Cater">that's our biggest problem - 
Both jamest and I (we're the main forms, reports, and designer 
coders) use GNUe extensively at work - so we know what it can do -
but until we get some real-world apps out it's hard to explain 
to people exactly what we are capable of</quote>.</p>

<p>Bradley asked <quote who="Bradley Kuhn">BTW, your forms 
library can have multiple interface generators right?</quote>
Jason confirmed this - <quote who="Jason Cater">GTK / Win32 is 
well supported - Curses / KDE / HTML started, but not 
completed</quote>, adding <quote who="Jason Cater">at this 
stage, we are really need-driven - so if there's a need, it gets 
coded - (we consider FSF a "need" :)</quote>.</p>

<p>Bradley said that the FSF had already <quote who="Bradley Kuhn">done 
a data analysis. RMS is pushing us to do a simple hack so that we 
don't need to spend much staff time on it, which would be sad, 
because I know the GNUe stuff could get us something really nice.
So my hope is to find volunteers who can help so we can spend 
minimal staff time, and get something nice for FSF and the world -- 
instead of something "barely adequate" for just FSF.</quote> 
Jason said <quote who="Jason Cater">In all honesty, using GNUe 
would probably be even quicker than a quick hack - the trouble 
is getting ppl started on it</quote>. Bradley agreed - 
<quote who="Bradley Kuhn">Any suggestions to get people started?  
What can FSF do to spur things on?</quote> Jason said his 
view was <quote who="Jason Cater">we should do one or two USABLE 
and USEFUL screens that you could start using right away - 
this would accomplish several things: 1. Show that GNUe is capable 
of what you need - 2. Get your users acquanted (and get feedback - 
positive or negative - from their viewpoint) 3. Give your staff 
(if they are going to help us do your project) example forms to 
work from</quote>.</p>

<p>Bradley said one major issue would be importing and merging 
the data - <quote who="Bradley Kuhn">we have existing data in a 
really shitty format that is big. To make the system useful right 
off, it needs to have the imported data.</quote> This was 
<quote who="Bradley Kuhn">a big text file that is transaction, not 
"contact" oriented. So, if you bought things /donated from FSF twice 
in the last five years, we'd have you in twice, likely with slightly 
different entries.</quote> He might be able to get some sample data, 
<quote who="Bradley Kuhn">although I have to check that my  
script that removes sensative data works without fail.</quote> 
At the moment, the data was maintained in <quote who="Bradley Kuhn">A 
hacked together Emacs Lisp application.</quote> He expected that 
<quote who="Bradley Kuhn">The import process would have to be user 
directed.</quote> but <quote who="Bradley Kuhn">If we can get to the 
point where we have a good table layout, we could do that in 
house</quote> - <quote who="Bradley Kuhn">asking the user: "Are these 
two transactions actually refering to the same person?"</quote>.</p>

<p>Later, Derek (dnieghbo) confirmed <quote who="Derek Neighbors">i 
have the spec just havent had time</quote> - based on other feedback, 
he had <quote who="Derek Neighbors">put a little on back burner until 
i could talk to brad and got busy and didnt</quote>. He did not have 
a problem with working to deadlines, but was more concerned about 
starting from the data elements - <quote who="Derek Neighbors">thats 
how a hacker does it - im a business analyst - i want to talk to the 
users</quote>. Bradley said this was not a problem - 
<quote who="Bradley Kuhn">however, we don't have a ton of time for 
needs analysis</quote> and a good deal of work had already been done 
internally on this. Derek said he had already had some discussions, 
<quote who="Derek Neighbors">and some of the needs weren't full 
developed (i.e. the questioning needed to go further)</quote>.
Bradley said <quote who="Bradley Kuhn">I really invision doing 
something that can do some basic things, and then improving over 
time with more needs analysis, user wishlist s, etc.</quote>
Derek agreed - <quote who="Derek Neighbors">basic contact data - 
then build more</quote>.</p>

<p>However, his contacts at FSF had been talking about much 
more complex data analysis - <quote who="Derek Neighbors">i.e. 
pulling up a company and trying to view the employees of that company
- by region - by name - and how important was it to manage 'companies' 
as well as 'people'</quote>. Bradley agreed - <quote who="Bradley Kuhn">one 
of the biggest things Ravi needs is being able to tell the difference 
between "This company donates, and this is our contact there" vs. "this 
person donates, and they happen to work at a company" - right now, we 
have no clue to tell the difference</quote> and they really needed to 
be able to do both. Derek said he had already mocked up some 
possible data layouts <quote who="Derek Neighbors">working with postgres 
with the DCL contact data (iirc)</quote>. He suggested 
<quote who="Derek Neighbors">i am thinking maybe i just get the data spec 
completely done</quote> and reviewed by the end users - 
<quote who="Derek Neighbors">then perhaps you all could provide me with 
a copy of the existing data store - and i can work on pushing the data 
into it (unless you all would rather do that) -  but im thinking just 
looking at the data and attempting to map it on even conceptional level
will give me MUCH greater insight as to what you are tracking
and will prompt me with LOTS of questoins for</quote> end users about 
how they would expect to handle different business scenarios. 
Bradley agreed, but said <quote who="Bradley Kuhn">we do need a way for 
a user-directed data cleanup</quote> and <quote who="Bradley Kuhn">we 
don't want to focus too much on what we are tracking now, becaues our 
whole current tracking doesn't work for what the organization needs to be 
doing. We have an opportunity to do it right from scratch, becaues there 
is really NOTHING there now.  Just a big honking text file.</quote></p>

<p>Derek also asked if the application could cover 
<quote who="Derek Neighbors">copyright assignment's too</quote>, to 
register details of copyright assignments by coders to FSF for GNU projects 
(including GNU Enterprise). He had <quote who="Derek Neighbors">been using 
dcl for it and its MUCH nicer for me to bug poor youmans :) - but all the 
time i get asked does so and so have assignment - and i woudl love to fire up 
an ssh tunnel to a db - and open the fsf contact manager and tell them in 
like 10 seconds :)</quote>. Bradley said <quote who="Bradley Kuhn">actually, 
our GPL Compliance guy has a system that will grok copryight.list into an SQL 
databse.</quote> He had some <quote who="Bradley Kuhn">security concerns with 
merging these two databases. We have anonymous donors, etc.</quote> Derek 
said that <quote who="Derek Neighbors">RBAC = Role Based Access Control</quote> 
should handle that, but Bradley was not fully convinced. However, he noted 
<quote who="Bradley Kuhn">we just need to get a donor managment system running 
first.  ;)</quote> Derek agreed - it was more a personal convenience issue that 
he did not always have access to his ssh keys to the FSF machine with the 
project's copyright.list file.</p>

</section>


<section title="Response speed/time-out problem with Application Server" subject="Error 110 testing appserver" archive="http://mail.gnu.org/pipermail/gnue/2002-July/003143.html" posts="4" startdate="18 Jul 2002 15:39:35 -0800" enddate="23 Jul 2002 12:26:14 -0800">

<topic>Application Server</topic>
<topic>Common</topic>

<p>Vitor Figueiro reported a problem <quote who="Vitor Figueiro">While 
testing appserver</quote>. It was <quote who="Vitor Figueiro">Unable to 
load locale information falling back to default English</quote> and 
then saying <quote who="Vitor Figueiro">Error: (110, 'Connection timed 
out')</quote>. Jan Ischebeck said this <quote who="Jan Ischebeck">seems 
to have something todo with your database 
setting, you should check if connection.conf is holding the correct
values. You need a [gnue] database def. in there.  
The error message you got, should be changing to a better one, 
because I've fixed the OnErr function in cvs.</quote> He had tried to 
reproduce the error on his machine, but could not. He suggested 
<quote who="Jan Ischebeck">this is a RPC problem so you possibly want 
to try the pw-xmlrpc adapter instead. You can activate it with 
gacvs -Z --rpc-type pw_xmlrpc.</quote>. Vitor reported 
<quote who="Vitor Figueiro">that a client connection is always successfull 
at the second attempt</quote> which suggested that it was genuine 
response speed time out. <quote who="Vitor Figueiro">The same 
happens when I run appservertest.gfd from a Windows client 
connected to the same server. It only works when I call the form for 
the 2nd time without shutting down the server</quote>.</p>

<p><a href="https://web.archive.org/web/20071111055520/http://www.gnuenterprise.org/irc-logs/gnue-public.log.19Jul2002">
On IRC</a>, Reinhard M&#252;ller (reinhard) asked Arturas Kriukovas
(Arturas) to have a look, <quote who="Reinhard Müller">as it seems 
to have something to do with encoding</quote>. Jan Ischebeck 
(siesel) said that <quote who="Jan Ischebeck">Although the error 
on the mailing list has nothing to do with encoding (its seems to 
be a database problem) there is an other error in combination with 
encodings. Because appserver isn't using an config file there is no 
way to get it working with a "encoding = gConfig('encoding')" line. 
It should be changed back to "encoding = 
connectData['encoding']".</quote> Arturas said 
<quote who="Arturas Kriukovas">as far as i saw, connectData['encoding'] 
raised exception because it was empty or not defined and database 
encoding was not set</quote>. He would 
<quote who="Arturas Kriukovas">add aditional checking if 
connectData['encoding'] is defined and if not will read it's value 
from config file - is this ok?</quote> Jan said 
<quote who="Jan Ischebeck">there seems to be a check, if its not 
defined (except KeyError) and if its wrong or empty (except 
self._databaseError), possibly one of the error handlers has problems 
:)</quote> He updated CVS with a quick fix the problem, 
<quote who="Jan Ischebeck">but if you could look 
at it later and possibly improve it, that would be 
great.</quote></p>

</section>


<section title="Event handling for scroll bar widget" subject="[IRC] 19 Jul 2002" archive="http://www.gnuenterprise.org/irc-logs/gnue-public.log.19Jul2002" startdate="18 Jul 2002 23:00:00 -0800" enddate="22 Jul 2002 23:00:00 -0800">

<topic>Forms</topic>

<p>Further to 
<kcref title="Scrollbars and their events" subject="[IRC] 12 Jul 2002"/>, 
Marcos Dione (StyXman) queried why he had to 
<quote who="Marcos Dione">declare a default behaviour</quote> 
in GFInstance, <quote who="Marcos Dione">but then I override it 
in gfsb</quote>. He wondered <quote who="Marcos Dione">if I do 
self._eventHandler (event) in the wx's event handler, am I not 
skipping the whole event mechanism?</quote> Jason Cater (jcater) 
<quote who="Jason Cater">thinks GFInstance provides the handler
- not the default handler</quote>. Marcos said that his wx 
scrollbar widget was <quote who="Marcos Dione">so specific that 
I'm rather reluctant to put it in gfinstance...</quote> 
It would <quote who="Marcos Dione">scroll the 'current;' 
datasource - where current is the datasource associated to the 
block in which the sb is declared.</quote> Jason thought this 
sounded fine. Marcos said that, ideally, <quote who="Marcos Dione">I 
would put a dummy behaviour in gfinstance and the real behaviour in GFsb
- because I prefer to keep the ui/gf relation tight - 
but, it's your design.</quote></p>

<p><a href="https://web.archive.org/web/20071111055520/http://www.gnuenterprise.org/irc-logs/gnue-public.log.23Jul2002">
Some days later</a>, Marcos said he still did not feel comfortable 
putting the behaviour for a scrollbar <quote who="Marcos Dione">in 
the gfinstance 'multpiplexor'...</quote> rather than the GFScrollBar
module. Jason explained <quote who="Jason Cater">you need a single 
controller monitoring behavior - it's next to impossible to keep 
track of the "current" scrollbar and catch it's GFEvents exclusively - 
i.e., if you have all GFScrollBars listen in on the events 
then you have to distinguish which one should actually respond</quote>. 
Marcos said he <quote who="Marcos Dione">thought there was a link 
between the uiobj and the gfobl, and that way the behaviour could go 
directly in the gfobj - and I have some problems cause I think I'll 
get some circular event launching. The behaviout I want to give to the 
sb is to scroll the current block datasource. So, when the 'cursor' of 
the datasource changes, the sb should change, and vice versa...</quote>
Jason agreed - <quote who="Jason Cater">that's why I think you can't do 
it within the GFScrollbar code - or you at least have to multiplex the 
request through GFInstance. The GFDisplayHandler uses the multiplexing 
route. So, there are two things you can do: 1) Have GFInstance handle it 
all (easiest) - 2) Have GFInstance listen for the requestSCROLLBAR event 
and then determines which scrollbar/datasource is the current one, and 
directly call a method of this scrollbar which then handles the 
logic.</quote> Either way, <quote who="Jason Cater">you really can't 
have GFScrollbar listening for the events - as all the Scrollbars in the 
form would get the event</quote>. Most Forms widgets used the first 
method <quote who="Jason Cater">but the GFDisplayHandler (keystrokes, et 
al) use #2 - the only reason GFDisplayHandler is different is that each 
entry widget can have a different *type* of displayhandler</quote>.</p>

<p>Marcos noted that <quote who="Marcos Dione">in UIbutton's 
buttonHAndler</quote> this was done by <quote who="Marcos Dione">a call 
to _eventHandler instead of 'raising' a event.</quote> Jason was not 
conviced that UIbutton was a good model - it worked that way 
<quote who="Jason Cater">only because UIbutton doesn't have its own 
dispatchEvent</quote>, which was the more standard way of handling 
this - <quote who="Jason Cater">search for  event.eventHandler = 
self.dispatchEvent</quote>. Marcos said things were becoming 
<quote who="Marcos Dione">_a little_ clear now...</quote>.</p>

<p>Marcos asked <quote who="Marcos Dione">how do I 'hook' a new 
listener to certain event? I need to know when the datasource does 
something with the visible records... with 
registerEventListeners?</quote> Jason agreed - 
<quote who="Jason Cater">you will need to hook into GFBlock
(add some code there)</quote>. Marcos confirmed 
<quote who="Marcos Dione">like, doing a special event just for a 
ocassional scrollbar?</quote>.</p>

<p>Later, he uncovered another problem - 
<quote who="Marcos Dione">I added a method on gfblock that 
registers scrollbars.\ a scroll bar created registers itself as 
a scrollbar for that block. then, the block, when updates, updates 
the scrollbars registered. *but* now I'm registering</quote> using 
the User Interface ScrollBar module rather than the generic GNUe 
Forms ScrollBar module.</p>

</section>


<section title="xml2sql for Firebird/Interbase" subject="[IRC] 19 Jul 2002" archive="http://www.gnuenterprise.org/irc-logs/gnue-public.log.19Jul2002" startdate="18 Jul 2002 23:00:00 -0800" enddate="18 Jul 2002 23:00:00 -0800">

<topic>Common</topic>
<topic>Designer</topic>

<p>Following on from 
<kcref title="Including data in GNUe Application Server schema definitions" subject="[IRC] 13 Jul 2002"/>, 
Bajusz Tam&#0225;s (btami) asked for <quote who="Bajusz Tamás">some 
help on xml2sql - i try to make a firebird.xsl</quote> but was 
having problems with the tags for Primary Keys. Jason Cater 
(jcater) said <quote who="Jason Cater">the "correct" way will 
be &lt;pkfield name="username"/&gt; - the old-style is from the 
scripts used in DCL - but they have a few GObject no-no's in them 
so the one in GNUe cvs will have to be the new style</quote>. 
Bajusz asked for a sample file in the new format, 
<quote who="Bajusz Tamás">and then i can make firebird.xsl</quote>.</p>

</section>


<section title="GNUe Designer plug-in support" subject="[IRC] 19 Jul 2002" archive="http://www.gnuenterprise.org/irc-logs/gnue-public.log.19Jul2002" startdate="18 Jul 2002 23:00:00 -0800" enddate="23 Jul 2002 23:00:00 -0800">

<topic>Designer</topic>

<p>Jason Cater (jcater) announced <quote who="Jason Cater">I have completed 
my masterpiece - Designer will never be the same again. The 
wizard/template/scripting support in Designer has been taken one step 
further - all "Creation Actions" in Designer are now implemented (or once 
all are converted) as Scripts[wizards] - so people can extend the 
functionality of Designer without knowing Designer internals
by creating Plug-Ins. All basic actions in Designer will be done via 
plug-ins too, so people can replace the default functionality with their 
own support</quote>. He felt this was <quote who="Jason Cater">a huge step 
in the life of designer</quote>. Peter Sullivan (psu) asked 
<quote who="Peter Sullivan">does this also pave the way for Designer to 
move beyond being "just" a Forms Designer to the sunlit uplands of Reports 
Designer, App Server Designer, etc?</quote> Jason said 
<quote who="Jason Cater">we've already started that - that's part of this 
cvs breakage since last release. We have the starts of a Navigator designer
- we do have a Schema designer - HOWEVER - right now, only the Wizards work
(i.e., you can use Designer to extract table definitions from, say, Postgres 
and save them in the GNUe Schema format)</quote>. He had re-engineered 
Designer so that all the code that was specific to designing forms was 
now separated out into a specific module.</p>

<p><a href="https://web.archive.org/web/20071111055520/http://www.gnuenterprise.org/irc-logs/gnue-public.log.22Jul2002">
Three days later</a>, 
Jason Cater (jcater) predicted <quote who="Jason Cater">designer's 
about to kick some serious arse - by the end of the day, "insert a 
dropdown entry" (using my nifty new plugin architecture) will 
autocreate any needed datasources</quote>. Derek Neighbors (dneighbo)
suggested <quote who="Derek Neighbors">i think the marketing materials 
can say 'Designer: The Ultimate Arse Kicker' and it wont be a lie 
:)</quote> Jason worked some more on the non-stable CVS code base, 
managing to bring down X at least once, but felt it was coming 
along nicely. He accidently pasted some code in the main channel, but 
explained <quote who="Jason Cater">that is an example of a plugin
- a completely working plugin - that creates a basic entry</quote>. 
Andrew Mitchell (ajmitch) asked <quote who="Andrew Mitchell">so 
you're gutting &amp; rewriting large chunks of code?</quote> 
Jason said <quote who="Jason Cater">not really - 
designer hasn't really done much in the way of "creating things"
i.e., it excels at moving crap around but the creation stuff is 
lacking</quote> until this latest re-write.</p>

<p>He added <quote who="Jason Cater">/me isn't all that gung-ho about 
plug-ins in general but I'm trying to make it easier for others to 
contribute - iow, /me wants to make it so you can add features to 
designer without fully understanding what goes on behind the 
scenes</quote>. Derek was not sure that was a good idea - 
<quote who="Derek Neighbors">dont know what you are doing - 
thats ok we will let you break it anyways</quote> -  especially 
with him around. Jason said <quote who="Jason Cater">my main goal 
is to NOT be the only one contributing to Designer :) - /me 
has even scared jamest out of designer so I'm all alone in there
and it's a lonely place to be</quote>. Derek agreed - 
<quote who="Derek Neighbors">all kidding a side i think its an 
excellent move - reminds me of delphi :) - i.e. we will give you 
the shell, beat the hell out of it at will</quote>. 
He <quote who="Derek Neighbors">really wants to look at cvs 
integration tools</quote> so that <quote who="Derek Neighbors">can 
check/in/out files and such from within designer - not full cvs 
client or anything - but some stuff</quote>.</p>

<p><a href="https://web.archive.org/web/20071111055520/http://www.gnuenterprise.org/irc-logs/gnue-public.log.23Jul2002">
The next day</a>, Bajusz Tam&#0225;s (btami) reported 
<quote who="Bajusz Tamás">i sended a SimpleReport wizard</quote>
and asked Jason to have a look at it if possible.
Later, Jason confirmed <quote who="Jason Cater">btami sent me 
the first Report wizard !!!! - /me hasn't played with it 
yet</quote>.</p>

<p><a href="https://web.archive.org/web/20071111055520/http://www.gnuenterprise.org/irc-logs/gnue-public.log.24Jul2002">
The next day</a>, Jan Ischebeck (siesel) asked <quote who="Jan Ischebeck">did 
you have a look at the schema creation wizard I've added?</quote> Jason 
said <quote who="Jason Cater">yeah - just committed a patch to it
so it will write out to a file - pretty cool, though</quote>. He added 
<quote who="Jason Cater">of course, that's why I like a plug-in architecture - 
as I would have never thougth about doing something like that - 
but it's a great addition</quote>. Jan asked 
<quote who="Jan Ischebeck">how can I create new instances out of a 
wizard?</quote>. Jason thought he would <quote who="Jason Cater">probably 
need to add a convenience method to do that - as it is easy to do if you 
can get at the Designer.py instance but getting that far back would be ugly
(something I want to hide from plug-in writers)</quote>. Jan suggested 
<quote who="Jan Ischebeck">adding a link to the designer instance to 
start(...) ? or, (this could be easier) to create a wizard._MainInstance 
automagicaly.</quote></p>

</section>


<section title="Possible methods to add to GNUe Application Server" subject="[IRC] 22 Jul 2002" archive="http://www.gnuenterprise.org/irc-logs/gnue-public.log.22Jul2002" startdate="21 Jul 2002 23:00:00 -0800" enddate="21 Jul 2002 23:00:00 -0800">

<topic>Application Server</topic>

<p>Ariel Cal&#0242; (ariel_) said <quote who="Ariel Calò">i think 
you sould add some methods to geasList - canonical things on 
lists, like getLenght isEmpty, isFirst(geasItem) isLast(geasItem) 
previousItem - the last if _resultset allows to. I think they 
should be simple calls to the cooresponding methods in ResultSet. 
By the way what is the difference between ResultSet and 
RecordSet?</quote> Jan Ischebeck (siesel) explained
<quote who="Jan Ischebeck">Resultset = result of an select 
operation - RecordSet = one row.</quote>. Ariel said 
<quote who="Ariel Calò">I don't know if such methods are specified 
someway in ODMG, if so you can follow their spec</quote>. Jan 
said <quote who="Jan Ischebeck">I will add these methods (if 
possible) - ODMG use a different approach, because you get a 
collection, which can be a Set, Bag, List .... (like in 
java) - in the end I like to use something similar like ODMG, 
java, something that is supporting locking and which is 
thread/multi client safe. But I still don't know the best way to 
do that. Another important point is that it has to be easy to 
implement, and easy to understand.</quote> Ariel asked whether 
there would be <quote who="Ariel Calò">some kind of caching 
mechanism (for long long long lists) or it is yet implemented in 
resultset?</quote>. Jan said <quote who="Jan Ischebeck">there is 
kind of caching in result set, but not in the 
dbdriver...</quote></p>

</section>


<section title="Overview of GNUe Tools on Windows 2000" subject="[IRC] 22 Jul 2002" archive="http://www.gnuenterprise.org/irc-logs/gnue-public.log.22Jul2002" startdate="21 Jul 2002 23:00:00 -0800" enddate="21 Jul 2002 23:00:00 -0800">

<topic>Forms</topic>
<topic>Designer</topic>

<mention>Derek Neighbors</mention>

<p>It was asked how to install the GNU 
Enterprise tools on Windows 2000. Jan Ischebeck (siesel) 
pointed to <a href="https://web.archive.org/web/20071111055520/http://www.gnuenterprise.org/downloads">
http://www.gnuenterprise.org/downloads</a>, saying 
<quote who="Jan Ischebeck">for eval purposes, ignore "snapshots" 
and "prereleases"</quote>. He believed that 
<quote who="Jan Ischebeck">the windows binaries already contain 
everything needed for running the gnu enterprise tools 
:)</quote>, including setting up menu entries and desktop icons.
<quote who="Jan Ischebeck">with designer, you create forms and code. 
"forms", the program itself, interprets these forms, displays them 
and handles the database resp. application server 
connection</quote>. The .gfd (GNUe Forms Definition) files 
produced by Designer were <quote who="Jan Ischebeck">xml based 
markup - gnue makes heavy use of xml: markup for forms definition, 
reports definition etc.</quote> To connect to a database, 
<quote who="Jan Ischebeck">you have a connections.conf file where 
you have to specify the host, db name and database driver</quote> 
- you could have multiple connections. To see how to design 
simple forms, <quote who="Jan Ischebeck">a good starting point is 
the zipcode example. my first running gnu enterprise app was done 
with that :)</quote>. Derek Neighbors (dneighbo) confirmed there 
was a sample entry for an Oracle database in the default 
connections.conf file. Jason Cater (jcater) pointed out that 
<quote who="Jason Cater">unfortunately, the precompiled win32 
exe's won't support oracle - as to create the exe's, we'd have to 
include the Oracle run-times and of course, that is a big licensing 
no-no :(</quote>. Jan said alternatively <quote who="Jan Ischebeck">you 
can build it from source. i don't know how hard it is to make the 
oracle driver work.</quote> Reinhard M&#252;ller (reinhard) confirmed 
that Forms could support grid-like layouts - 
<quote who="Reinhard Müller">grid in forms is done by giving a 
counter to a widget - that means that you have an entry and set the 
counter to 10 then you have the entry 10 times below each other. 
I would believe that designer supports this but i'm not 
sure</quote>.</p>

</section>


<section title="Current status of acclite/NOLA" subject="[IRC] 22 Jul 2002" archive="http://www.gnuenterprise.org/irc-logs/gnue-public.log.22Jul2002" startdate="21 Jul 2002 23:00:00 -0800" enddate="21 Jul 2002 23:00:00 -0800">

<topic>Financials (Accounting)</topic>

<p>Daniel Baumann (chillywilly) asked about progress on 
acclite/NOLA, as discussed in 
<kcref title="NOLA and acclite - free software financials packages" subject="[IRC] 28 Jun 2002"/> 
- <quote who="Daniel Baumann">just asking because 
a guy in my LUG was looking for something to use</quote>. 
Jason Cater (jcater) said <quote who="Jason Cater">I think MicahY 
is leading the way in NOLA conversion</quote>. Derek Neighbors 
(dneighbo) announced <quote who="Derek Neighbors">we have at least 
2 companies committed to using GNUe in a manufacturing setting - 
specifically BOM, Invoicing, Inventory</quote> - 
<quote who="Derek Neighbors">so the answer should be soon. I was 
hoping to have some demo stuff ready by Aug 12th</quote> to 
demonstrate at LinuxWorldExpo, but <quote who="Derek Neighbors">real 
life may prevent that - plus i owe the FSF some contact 
stuff</quote>.</p>

</section>


<section title="Using schema creation tools to set up GNUe Applications" subject="[IRC] 23 Jul 2002" archive="http://www.gnuenterprise.org/irc-logs/gnue-public.log.23Jul2002" startdate="22 Jul 2002 23:00:00 -0800" enddate="22 Jul 2002 23:00:00 -0800">

<topic>Designer</topic>
<topic>Common</topic>

<mention>Ariel Cal&#0242;</mention>

<p>Jan Ischebeck (siesel) reported that Ariel Cal&#0242; (ariel_) had 
<quote who="Jan Ischebeck">proposed to add an  "initialdrop" attribute 
to &lt;table&gt; (boolean)  in the GSD file format. It would create a 
DROP TABLE statement before the CREATE TABLE command.</quote> He noted 
<quote who="Jan Ischebeck">because creating tables will be handled by 
gnue-common (in the future)  this option won"t be needed (in the future)  
because there could be a dialog opening (in designer) which ask the user 
if he want to keep his old tables with the old data or not.</quote> 
He could <quote who="Jan Ischebeck">imagine a future senario like that:  
using designer to create a schema definition, creating tables with this 
schema definition, by just pressing "Create tables" button. 
i.e. designer uses a new function in common which create tables, indexes, 
etc., if a table already exist a warning message is shown and the user 
can choose to between leaving this table alone, or to drop it and recreate 
it. In this case, there is no need for that "initialdrop" attribut.  
right?</quote> Jason Cater (jcater) said <quote who="Jason Cater">well
that's kind of the direction I was wanting - however I want the common 
support to be smart enough to be able to do "alter tables" or give the 
user the option of restarting from scratch i.e., that will be vital for 
our packaging</quote>. Jan agreed - <quote who="Jan Ischebeck">we need 
an package format and an installer soon. The installer would use 
gnue/common to create/modify the tables defined in a GSD file.
btw. it would be cool to have a package tool in designer, where you can 
just choose some GFD, GND, GSD and build a package.</quote> Jason said 
he was <quote who="Jason Cater">working on that - (notice the new Project 
menu in Designer :)</quote> He did not have a name for the project file 
type yet - he had <quote who="Jason Cater">only implemented the Wizard 
stuff for the schema designer - haven't started on the graphical 
part</quote>. Christian Selig (sledge_) asked whether this would be 
<quote who="Christian Selig">ms-access like visual creation of tables 
with all the connected id fields?</quote> Jason said 
<quote who="Jason Cater">something like that</quote> - or 
<quote who="Jason Cater">something like pgaccess - only not pg-specific 
:0</quote></p>

</section>


<section title="Background colours and images for Forms" subject="[IRC] 23 Jul 2002" archive="http://www.gnuenterprise.org/irc-logs/gnue-public.log.23Jul2002" startdate="22 Jul 2002 23:00:00 -0800" enddate="22 Jul 2002 23:00:00 -0800">

<topic>Forms</topic>

<p>Jan Ischebeck (siesel) said he wanted <quote who="Jan Ischebeck">to 
add my VERY important "change background color" patch ;)</quote> 
Andrew Mitchell (ajmitch) felt <quote who="Andrew Mitchell">oh that'd 
be so hot</quote>, adding <quote who="Andrew Mitchell">/me wants 
that!!</quote>, as <quote who="Andrew Mitchell">gray is so 
boring</quote>. Nick Rusnov (nickr) said it needed 
<quote who="Nick Rusnov">to add gradient support</quote>. 
Andrew felt it was <quote who="Andrew Mitchell">lots easier to support 
single colours - /me looks up the wxpython docs</quote>. 
Jason Cater (jcater) said <quote who="Jason Cater">yes, gray is boring
- that's why I prefer grey</quote>. Nick accused Jason of being 
<quote who="Nick Rusnov">entirely too boring - 
you should be full of life like siesel</quote>. Andrew noted 
<quote who="Andrew Mitchell">ooh, there's a wxWindow.SetBackgroundColour 
method - just let 'colour' (or color if you prefer) to be an optional 
attribute of the form</quote>. Nick felt <quote who="Nick Rusnov">if 
you wa;nt other colours shouldhn't you use a local theme for your widget 
set like gtk or winders or whatever - shounldn't it pick up whatever 
colours the native widgets are using?</quote> Andrew felt
<quote who="Andrew Mitchell">these UI enhancements win over the stupid 
users &amp; management ;)</quote> Nick said he might need a 
white background as <quote who="Nick Rusnov">I need forms to look just 
like paper forms</quote>. Several people proposed other colour 
schemes of various levels of garishness. Derek Neighbors 
(dneighbo) said <quote who="Derek Neighbors">actually at one time we 
discussed being able to take a .eps file or such - and having it be the 
'background' for a form</quote>. Jason commented 
<quote who="Jason Cater">yeah, but thank god y'all sobered 
up</quote>.</p>

<p>Later, Reinhard M&#252;ller (reinhard) said <quote who="Reinhard Müller">i 
believe that backgruond color in forms _could_ be useful but in another 
context - e.g. i have clients that have set up a live database and a testing 
database and they have requested that if they log into the testing database 
then the background should turn into red - but of course i don't see it as a 
priority</quote>.</p>

</section>


<section title="Application Server package in Debian 3.0 (woody) depreciated" subject="[IRC] 23 Jul 2002" archive="http://www.gnuenterprise.org/irc-logs/gnue-public.log.23Jul2002" startdate="22 Jul 2002 23:00:00 -0800" enddate="22 Jul 2002 23:00:00 -0800">

<topic>Application Server</topic>

<p>Reinhard M&#252;ller (reinhard) asked <quote who="Reinhard Müller">i 
guess most of you noticed that woody has become stable</quote> - but 
<quote who="Reinhard Müller">did somebody also notice that woody 
still contains geas-0.0.6?</quote> In the midst of various smutty 
jokes by other people about frozen woodys, he noted 
<quote who="Reinhard Müller">i wrote a mail to the one who 
packaged it some _months_ ago requesting to remove it again</quote> 
as that version of GNUe Application Server (GEAS) was depreciated 
and no longer being developed, as per 
<kcref title="GNUe Application Server (GEAS) version 2 Discussion" subject="[IRC] 28 Feb 2002"/>.</p>

</section>


<section title="GNU Enterprise overview" subject="[IRC] 24 Jul 2002" archive="http://www.gnuenterprise.org/irc-logs/gnue-public.log.24Jul2002" startdate="23 Jul 2002 23:00:00 -0800" enddate="23 Jul 2002 23:00:00 -0800">

<topic>Human Resources</topic>
<topic>DCL</topic>
<topic>Forms</topic>
<topic>Application Server</topic>
<topic>Common</topic>

<p>Carl Kigundu (clock) had a <quote who="Carl Kigundu">question 
about  modules (eg acc or HRM), do I have to create the tables and 
business logic myself?</quote> Peter Sullivan (psu) replied 
<quote who="Peter Sullivan">we don't really have the modules/packages 
yet - there are some proposals on the website - but no real work done 
on implementation yet</quote>. Carl deduced <quote who="Carl Kigundu">so 
without the modules and packages, this means ... 1. build tables in database
2. get designer and design forms which interlock with database 3. use 
forms?</quote> Derek Neighbors (dneighbo) said <quote who="Derek Neighbors">sounds 
like you about have it down - when will that hrm package be ready :)</quote>?
He asked <quote who="Derek Neighbors">so what are you looking for in HRM - 
i think some hrm would be VERY easy to whip up - in fact some of the contact 
stuff from DCL might even be some of a start</quote>.</p>

<p>Peter explained that <quote who="Peter Sullivan">
<a href="https://web.archive.org/web/20071111055520/http://dcl.sf.net/">Double Chocco Latte</a></quote> 
was <quote who="Peter Sullivan">a combo bug-tracking/project mgt/general 
contacts apps - currently written in php rather than the GNUe tools - 
but we have merged and are now working together - even to the extent of 
derek doing the last offical release of DCL ;-)</quote>, as referred to in 
<kcref subject="[Gnue-announce] DCL 20020706 (stable) Released" startdate="06 Jul 2002 13:40:47 -0800"/>. 
<quote who="Peter Sullivan">At the moment, it is a classic LAMP (linux, 
apache. mysql, php) app - except it actually has a good UI. But derek 
already has some DCL forms for various admin functions in two tier (i.e. 
form talks directly to d/b)</quote>. Derek said that the 
<quote who="Derek Neighbors">progression will be - make it use 
forms</quote> as an alternative to the 
<quote who="Derek Neighbors">existing php (web) interface</quote> - 
<quote who="Derek Neighbors">then long term as appserver gets stable
then both the php and forms versions could use the appserver - 
eventually the php version would be replaced by form www driver</quote>. 
However, <quote who="Derek Neighbors">im taking babysteps (as thats all 
time has been allowing)</quote>.</p>

<p>He explained that Application Server was different from, but 
depended on, GNUe Common - <quote who="Derek Neighbors">gnue-common is 
the sink where we put things that get reused :) so the db-abstraction, 
rpc-abstraction and trigger system is all in gnue-common</quote> for 
use both by the Application server and <quote who="Derek Neighbors">by 
reports/forms etc</quote>. Their debian packages were, as of time of
writing, <quote who="Derek Neighbors">pretty hosed</quote> - 
<quote who="Derek Neighbors">DCL debs work well though :)</quote>
Later, he explained <quote who="Derek Neighbors">all the developers use 
cvs versions so our 'motivation' to have debs is low - and we havent been 
able to sucker someone else into doing them</quote>. Installing from 
source was not too bad - <quote who="Derek Neighbors">if you get cvs or 
tarball do setup-cvs.py from the root of the tarball idr and follow 
instructions and you are golden i.e. its an interactive setup deal - 
does appserver and such too</quote>.</p>

<p>Earlier, he confirmed that GNUe was python-based - 
<quote who="Derek Neighbors">appserver was originally done in C and 
called GEAS (short for GNU Enterprise Application Sever) - we have 
redone in python and made use gnue-common and now call it appserver to 
try to prevent confusion :)</quote> You could use either python 2.1 or 
2.2.</p>

</section>


<section title="Using Forms as an alternative front-end for gnumed" subject="[IRC] 24 Jul 2002" archive="http://www.gnuenterprise.org/irc-logs/gnue-public.log.24Jul2002" startdate="23 Jul 2002 23:00:00 -0800" enddate="23 Jul 2002 23:00:00 -0800">

<topic>Forms</topic>

<p>Christian Selig (sledge_) asked <quote who="Christian Selig">does 
anyone of you know gnumed?</quote> He said <quote who="Christian Selig">they 
seem to rely on clever db structures, so i thought whether it would be 
possible (in the future) to use forms as an alternative client (though their 
current UI is already cute and user-friendly)</quote>. Jason Cater (jcater) 
said <quote who="Jason Cater">we've thought about it - and I think derek might 
have approached them about it - that's all I know though</quote>. 
Christian said <quote who="Christian Selig">there's no urgency, i'm just 
longing for a free practice management without all this "open source" bubble - 
i have potential customers, and i don't want to install some proprietary crap 
that i can't fix; combining gnumed and gnue in the long term is quite obvious, 
but i'll just wait and see</quote>.</p>

</section>


<section title="Problems with php globals off in DCL" subject="[IRC] 24 Jul 2002" archive="http://www.gnuenterprise.org/irc-logs/gnue-public.log.24Jul2002" startdate="23 Jul 2002 23:00:00 -0800" enddate="23 Jul 2002 23:00:00 -0800">

<topic>DCL</topic>

<p>Problems were reported trying to set up 
DCL on FreeBSD with php 4.1.2. Derek Neighbors (dneighbo) explained 
<quote who="Derek Neighbors">php changed its settings - 
it turns globals OFF by default now - you need to change you php.ini 
file to set them to on - and that should solve your problem</quote>. 
Also, with Internet Explorer, you had to <quote who="Derek Neighbors">go 
to your dcl installation with a trailing /. If you ever visit dcl 
without the trailing slash, you need to close that browser 
window</quote> and start again.</p>

<p>Looking at the relevant line of code, Derek concluded it 
was a problem with the DCL domain on FreeBSD - 
<quote who="Derek Neighbors">i really need to patch this - 
windows has same problems</quote>. He asked 
<quote who="Derek Neighbors">can you paste here you equivalent
Database connection info</quote>? It appeared that 
<quote who="Derek Neighbors">for some reason dbType is coming 
out as blank</quote> so it was trying to open file '.php'
instead of 'mysql.php'. He suggested a temporary patch to 
manually include mysql.php, but this generated another error.
Derek <quote who="Derek Neighbors">is thinking something is 
up with globals still</quote>. Dropping back to an older version 
of php was suggested as a possible solution, 
but Derek said <quote who="Derek Neighbors">no -
i see the problem</quote>. The database configuration 
needed to be literally 'name' =&gt; 'default', rather than replacing 
'default' with the real hostname. He confirmed it was erroring 
<quote who="Derek Neighbors">how i would expect with globals 
turned off</quote> - with register globals turned on, 
<quote who="Derek Neighbors">i see it just fine</quote>.</p>

</section>


<section title="GNUe and DCL in eWeek" subject="[IRC] 24 Jul 2002" archive="http://www.gnuenterprise.org/irc-logs/gnue-public.log.24Jul2002" startdate="23 Jul 2002 23:00:00 -0800" enddate="23 Jul 2002 23:00:00 -0800">

<topic>Why GNUe?</topic>
<topic>DCL</topic>

<p>Derek Neighbors (dneighbo) asked <quote who="Derek Neighbors">um 
did anyone else know we were in 
<a href="https://web.archive.org/web/20071111055520/http://www.eweek.com/article2/0,3959,367215,00.asp">eWeek</a>
this month?</quote> as part of an overview of several open source and 
free software ERP/CRM applications. <quote who="Derek Neighbors">like 
a paragraph or two on us with some screen shots?</quote></p>

</section>

</kc><!--
     FILE ARCHIVED ON 05:55:20 Nov 11, 2007 AND RETRIEVED FROM THE
     INTERNET ARCHIVE ON 09:27:36 Dec 05, 2018.
     JAVASCRIPT APPENDED BY WAYBACK MACHINE, COPYRIGHT INTERNET ARCHIVE.

     ALL OTHER CONTENT MAY ALSO BE PROTECTED BY COPYRIGHT (17 U.S.C.
     SECTION 108(a)(3)).
-->
<!--
playback timings (ms):
  LoadShardBlock: 427.917 (3)
  esindex: 0.01
  captures_list: 445.999
  CDXLines.iter: 12.569 (3)
  PetaboxLoader3.datanode: 352.067 (4)
  exclusion.robots: 0.402
  exclusion.robots.policy: 0.385
  RedisCDXSource: 1.62
  PetaboxLoader3.resolve: 105.89 (3)
  load_resource: 63.141
-->