<?xml version="1.0" ?>

<script src="//archive.org/includes/analytics.js?v=cf34f82" type="text/javascript"></script>
<script type="text/javascript">window.addEventListener('DOMContentLoaded',function(){var v=archive_analytics.values;v.service='wb';v.server_name='wwwb-app104.us.archive.org';v.server_ms=407;archive_analytics.send_pageview({});});</script>
<script type="text/javascript" src="/static/js/ait-client-rewrite.js?v=1543384230.0" charset="utf-8"></script>
<script type="text/javascript">
WB_wombat_Init('https://web.archive.org/web', '20071111060719', 'www.kerneltraffic.org');
</script>
<script type="text/javascript" src="/static/js/wbhack.js?v=1543384230.0" charset="utf-8"></script>
<script type="text/javascript">
__wbhack.init('https://web.archive.org/web');
</script>
<link rel="stylesheet" type="text/css" href="/static/css/banner-styles.css?v=1543384230.0" />
<link rel="stylesheet" type="text/css" href="/static/css/iconochive.css?v=1543384230.0" />
<!-- End Wayback Rewrite JS Include -->
<!-- BEGIN WAYBACK TOOLBAR INSERT -->
<script type="text/javascript" src="/static/js/timestamp.js?v=1543384230.0" charset="utf-8"></script>
<script type="text/javascript" src="/static/js/graph-calc.js?v=1543384230.0" charset="utf-8"></script>
<script type="text/javascript" src="/static/js/auto-complete.js?v=1543384230.0" charset="utf-8"></script>
<script type="text/javascript" src="/static/js/toolbar.js?v=1543384230.0" charset="utf-8"></script>
<style type="text/css">
body {
  margin-top:0 !important;
  padding-top:0 !important;
  /*min-width:800px !important;*/
}
.wb-autocomplete-suggestions {
    text-align: left; cursor: default; border: 1px solid #ccc; border-top: 0; background: #fff; box-shadow: -1px 1px 3px rgba(0,0,0,.1);
    position: absolute; display: none; z-index: 2147483647; max-height: 254px; overflow: hidden; overflow-y: auto; box-sizing: border-box;
}
.wb-autocomplete-suggestion { position: relative; padding: 0 .6em; line-height: 23px; white-space: nowrap; overflow: hidden; text-overflow: ellipsis; font-size: 1.02em; color: #333; }
.wb-autocomplete-suggestion b { font-weight: bold; }
.wb-autocomplete-suggestion.selected { background: #f0f0f0; }
</style>
<div id="wm-ipp" lang="en" style="display:none;direction:ltr;">
<div style="position:fixed;left:0;top:0;right:0;">
<div id="wm-ipp-inside">
  <div style="position:relative;">
    <div id="wm-logo" style="float:left;width:130px;padding-top:10px;">
      <a href="/web/" title="Wayback Machine home page"><img src="/static/images/toolbar/wayback-toolbar-logo.png" alt="Wayback Machine" width="110" height="39" border="0" /></a>
    </div>
    <div class="r" style="float:right;">
      <div id="wm-btns" style="text-align:right;height:25px;">
                  <div id="wm-save-snapshot-success">success</div>
          <div id="wm-save-snapshot-fail">fail</div>
          <a href="#"
             onclick="__wm.saveSnapshot('http://www.kerneltraffic.org/GNUe/gnue20030208_67.xml', '20071111060719')"
             title="Share via My Web Archive"
             id="wm-save-snapshot-open"
          >
            <span class="iconochive-web"></span>
          </a>
          <a href="https://archive.org/account/login.php"
             title="Sign In"
             id="wm-sign-in"
          >
            <span class="iconochive-person"></span>
          </a>
          <span id="wm-save-snapshot-in-progress" class="iconochive-web"></span>
        	<a href="http://faq.web.archive.org/" title="Get some help using the Wayback Machine" style="top:-6px;"><span class="iconochive-question" style="color:rgb(87,186,244);font-size:160%;"></span></a>
	<a id="wm-tb-close" href="#close" onclick="__wm.h(event);return false;" style="top:-2px;" title="Close the toolbar"><span class="iconochive-remove-circle" style="color:#888888;font-size:240%;"></span></a>
      </div>
      <div id="wm-share" style="text-align:right;">
	<a href="#" onclick="window.open('https://www.facebook.com/sharer/sharer.php?u=https://web.archive.org/web/20071111060719/http://www.kerneltraffic.org/GNUe/gnue20030208_67.xml', '', 'height=400,width=600'); return false;" title="Share on Facebook" style="margin-right:5px;" target="_blank"><span class="iconochive-facebook" style="color:#3b5998;font-size:160%;"></span></a>
	<a href="#" onclick="window.open('https://twitter.com/intent/tweet?text=https://web.archive.org/web/20071111060719/http://www.kerneltraffic.org/GNUe/gnue20030208_67.xml&amp;via=internetarchive', '', 'height=400,width=600'); return false;" title="Share on Twitter" style="margin-right:5px;" target="_blank"><span class="iconochive-twitter" style="color:#1dcaff;font-size:160%;"></span></a>
      </div>
    </div>
    <table class="c" style="">
      <tbody>
	<tr>
	  <td class="u" colspan="2">
	    <form target="_top" method="get" action="/web/submit" name="wmtb" id="wmtb"><input type="text" name="url" id="wmtbURL" value="http://www.kerneltraffic.org/GNUe/gnue20030208_67.xml" onfocus="this.focus();this.select();" /><input type="hidden" name="type" value="replay" /><input type="hidden" name="date" value="20071111060719" /><input type="submit" value="Go" /></form>
	  </td>
	  <td class="n" rowspan="2" style="width:110px;">
	    <table>
	      <tbody>
		<!-- NEXT/PREV MONTH NAV AND MONTH INDICATOR -->
		<tr class="m">
		  <td class="b" nowrap="nowrap"><a href="https://web.archive.org/web/20050329200402/http://www.kerneltraffic.org:80/GNUe/gnue20030208_67.xml" title="29 Mar 2005"><strong>Mar</strong></a></td>
		  <td class="c" id="displayMonthEl" title="You are here: 06:07:19 Nov 11, 2007">NOV</td>
		  <td class="f" nowrap="nowrap">Dec</td>
		</tr>
		<!-- NEXT/PREV CAPTURE NAV AND DAY OF MONTH INDICATOR -->
		<tr class="d">
		  <td class="b" nowrap="nowrap"><a href="https://web.archive.org/web/20050329200402/http://www.kerneltraffic.org:80/GNUe/gnue20030208_67.xml" title="20:04:02 Mar 29, 2005"><img src="/static/images/toolbar/wm_tb_prv_on.png" alt="Previous capture" width="14" height="16" border="0" /></a></td>
		  <td class="c" id="displayDayEl" style="width:34px;font-size:24px;white-space:nowrap;" title="You are here: 06:07:19 Nov 11, 2007">11</td>
		  <td class="f" nowrap="nowrap"><img src="/static/images/toolbar/wm_tb_nxt_off.png" alt="Next capture" width="14" height="16" border="0" /></td>
		</tr>
		<!-- NEXT/PREV YEAR NAV AND YEAR INDICATOR -->
		<tr class="y">
		  <td class="b" nowrap="nowrap"><a href="https://web.archive.org/web/20050329200402/http://www.kerneltraffic.org:80/GNUe/gnue20030208_67.xml" title="29 Mar 2005"><strong>2005</strong></a></td>
		  <td class="c" id="displayYearEl" title="You are here: 06:07:19 Nov 11, 2007">2007</td>
		  <td class="f" nowrap="nowrap">2008</td>
		</tr>
	      </tbody>
	    </table>
	  </td>
	</tr>
	<tr>
	  <td class="s">
	    	    <div id="wm-nav-captures">
	      	      <a class="t" href="/web/20071111060719*/http://www.kerneltraffic.org/GNUe/gnue20030208_67.xml" title="See a list of every capture for this URL">3 captures</a>
	      <div class="r" title="Timespan for captures of this URL">13 Feb 2005 - 11 Nov 2007</div>
	      </div>
	  </td>
	  <td class="k">
	    <a href="" id="wm-graph-anchor">
	      <div id="wm-ipp-sparkline" title="Explore captures for this URL" style="position: relative">
		<canvas id="wm-sparkline-canvas" width="575" height="27" border="0"></canvas>
	      </div>
	    </a>
	  </td>
	</tr>
      </tbody>
    </table>
    <div style="position:absolute;bottom:0;right:2px;text-align:right;">
      <a id="wm-expand" class="wm-btn wm-closed" href="#expand" onclick="__wm.ex(event);return false;"><span id="wm-expand-icon" class="iconochive-down-solid"></span> <span style="font-size:80%">About this capture</span></a>
    </div>
  </div>
    <div id="wm-capinfo" style="border-top:1px solid #777;display:none; overflow: hidden">
            <div style="background-color:#666;color:#fff;font-weight:bold;text-align:center">COLLECTED BY</div>
    <div style="padding:3px;position:relative" id="wm-collected-by-content">
            <div style="display:inline-block;vertical-align:top;width:50%;">
			<span class="c-logo" style="background-image:url(https://archive.org/services/img/webwidecrawl);"></span>
		Organization: <a style="color:#33f;" href="https://archive.org/details/webwidecrawl" target="_new"><span class="wm-title">Internet Archive</span></a>
		<div style="max-height:75px;overflow:hidden;position:relative;">
	  <div style="position:absolute;top:0;left:0;width:100%;height:75px;background:linear-gradient(to bottom,rgba(255,255,255,0) 0%,rgba(255,255,255,0) 90%,rgba(255,255,255,255) 100%);"></div>
	  The Internet Archive discovers and captures web pages through many different web crawls.

At any given time several distinct crawls are running, some for months, and some every day or longer.

View the web archive through the <a href="http://archive.org/web/web.php">Wayback Machine</a>.
	</div>
	      </div>
      <div style="display:inline-block;vertical-align:top;width:49%;">
			<span class="c-logo" style="background-image:url(https://archive.org/services/img/aroundtheworldcrawl)"></span>
		<div>Collection: <a style="color:#33f;" href="https://archive.org/details/aroundtheworldcrawl" target="_new"><span class="wm-title">Around The World Crawl</span></a></div>
		<div style="max-height:75px;overflow:hidden;position:relative;">
	  <div style="position:absolute;top:0;left:0;width:100%;height:75px;background:linear-gradient(to bottom,rgba(255,255,255,0) 0%,rgba(255,255,255,0) 90%,rgba(255,255,255,255) 100%);"></div>
	  Data crawled by Sloan Foundation on behalf of Internet Archive
<br /><br />
	</div>
	      </div>
    </div>
    <div style="background-color:#666;color:#fff;font-weight:bold;text-align:center" title="Timestamps for the elements of this page">TIMESTAMPS</div>
    <div>
      <div id="wm-capresources" style="margin:0 5px 5px 5px;max-height:250px;overflow-y:scroll !important"></div>
      <div id="wm-capresources-loading" style="text-align:left;margin:0 20px 5px 5px;display:none"><img src="/static/images/loading.gif" alt="loading" /></div>
    </div>
  </div></div></div></div><script type="text/javascript">
__wm.bt(575,27,25,2,"web","http://www.kerneltraffic.org/GNUe/gnue20030208_67.xml","2007-11-11",1996);
</script>
<!-- END WAYBACK TOOLBAR INSERT --><kc>

<title>GNUe Traffic</title>

<editor contact="mailto:psu@burdonvale.co.uk">Peter Sullivan</editor>

<issue num="67" date="08 Feb 2003 00:00:00 -0800"/>

<headquote>
"<cite>if you believe in being a one tool guy [...] you can 
use that hammer to saw wood just fine. Just dont expect exact 
cuts ;)</cite>"
</headquote>

<intro>
<p>This Cousin covers the three main mailing lists for the
<a href="https://web.archive.org/web/20071111060719/http://www.gnuenterprise.org/">GNU Enterprise</a>  
project, plus the #gnuenterprise IRC channel.
Kernel Cousins GNUe is now group-authored: if you'd like 
to join the team, <a href="https://web.archive.org/web/20071111060719/mailto:psu@burdonvale.co.uk">let 
us know</a>.</p>
</intro>


<section title="Native Win32 GUI for Forms" subject="[IRC] 31 Jan 2003" archive="http://www.gnuenterprise.org/irc-logs/gnue-public.log.31Jan2003" author="Peter Sullivan" contact="mailto:psu@burdonvale.co.uk" startdate="31 Jan 2003 04:00:00 -0800" enddate="31 Jan 2003 04:00:00 -0800">

<topic>Forms</topic>
<topic>Common</topic>

<p>Daniel Baumann (chillywilly) asked <quote who="Daniel Baumann">what's 
the issues with the win32 interface?</quote> Jason Cater (jcater) 
suggested <quote who="Jason Cater">well, the underlying OS would suck - 
that would be issue #1</quote>. More specifically, 
<quote who="Jason Cater">wx on</quote> Microsoft Windows 
<quote who="Jason Cater">isn't letting us intercept all 
the events that wx under gtk does - so the interaction with the form 
ends up being inconsistent</quote> between the two interfaces. He was not 
sure why, but as a result of this <quote who="Jason Cater">a native Win32 
interface is HIGH on our list for forms</quote>. Daniel asked 
<quote who="Daniel Baumann">are there python bindings to the win32 
api?</quote>. Jason confirmed this - it was in win32all, 
<quote who="Jason Cater">the same package that provides our ODBC support 
in windows</quote>.</p>

</section>


<section title="Designer 0.4.3 release for wxPython 2.4 compatability" subject="[IRC] 03 Feb 2003" archive="http://www.gnuenterprise.org/irc-logs/gnue-public.log.03Feb2003" author="Peter Sullivan" contact="mailto:psu@burdonvale.co.uk" startdate="03 Feb 2003 04:00:00 -0800" enddate="03 Feb 2003 04:00:00 -0800">

<topic>Designer</topic>

<mention>Jason Cater</mention>

<p>Andrew Mitchell (ajmitch) noted that Jason Cater (jcater) had done 
<quote who="Andrew Mitchell">a bugfix 0.4.3 designer</quote> to 
resolve the problems discussed in 
<kcref title="Problems with wxPython 2.4 and Designer" subject="[IRC] 29 Jan 2003"/>.
This was version <quote who="Andrew Mitchell">0.4.3 - since designer 
was previously at 0.4.2 :) - now it matches forms, iirc - forms &amp; 
common got bumped to 0.4.3 in december iirc, due to a couple of 
buglets</quote>, but had not been affected by the wxPython problem.</p>

<p>Andrew also wondered if <quote who="Andrew Mitchell">jcater might be 
planning another 0.5.0 prerelease</quote> but James Thompson (jamest) 
said there would be <quote who="James Thompson">no more prereleases 
for a while - i don't think anyone tried out the last ones :( - and 
so we moved on</quote>. In any case, <quote who="James Thompson">i 
think i'll be happier w/ the upcomming 0.5.0 release if it has more 
of the 0.5.x features in it at the beginning anyway</quote>. 
Peter Sullivan (psu) agreed - <quote who="Peter Sullivan">I would 
guess that people aren;t beating down the door for 0.5.0 as the main 
change is that it breaks backwards compatability - for a good reason, 
natch - but still a breakage. All the "goodies" in 0.5.x come later - 
native UIs, etc</quote>.</p>

</section>


<section title="Alternatives to GNUe for Financials" subject="[IRC] 03 Feb 2003" archive="http://www.gnuenterprise.org/irc-logs/gnue-public.log.03Feb2003" author="Peter Sullivan" contact="mailto:psu@burdonvale.co.uk" startdate="03 Feb 2003 04:00:00 -0800" enddate="03 Feb 2003 04:00:00 -0800">

<topic>Financials (Accounting)</topic>
<topic>Why GNUe?</topic>

<p>It was asked if GNUe was usable for accounting yet. Jason Cater 
(jcater) explained <quote who="Jason Cater">if you are looking for an 
out of the box solution today, then GNUe is not ready for what you 
need - to date, we have been focusing on the underlying tools - 
so the actual accounting packages are still very early - most still 
in planning stages</quote>. It was noted that 
<a href="https://web.archive.org/web/20071111060719/http://www.compiere.org/">Compiere</a> 
(as previously discussed in 
<kcref title="GNUe as a fully free alternative to Compiere" subject="19 Aug 2002"/> 
and other threads) was open source, but required proprietary Oracle 
database software and a reasonable sized server. Jason Cater (jcater) 
noted <quote who="Jason Cater">I tried compiere at one point - and I 
have oracle installed - I never did get it working :-/ though it 
appears to be a pretty complete accounting solution</quote>. 
Peter Sullivan (psu) said that the <quote who="Peter Sullivan">problem 
is that by the time you;ve installed oracle &amp; java, you 
wonder whether this really counts as "free" (in both liberty &amp; 
cash senses)</quote>. Jason said <quote who="Jason Cater">unfortunately 
there are no good free solutions :( - there are several available that, 
if you cross your fingers, they may handle your specific case</quote>. 
Peter speculated <quote who="Peter Sullivan">maybe some day SAP will 
decide to put R/3 under a free license, same as SAP-DB</quote>, but he 
thought this was unlikely. 
<a href="https://web.archive.org/web/20071111060719/http://www.wyatt-erp.com/">http://www.wyatt-erp.com</a> was 
mentioned - Jason noted <quote who="Jason Cater">wow, they've come 
along pretty well</quote>.</p>

</section>

<section title="GNUe compared to Twisted, Webware and Delphi" subject="[IRC] 03 Feb 2003" archive="http://www.gnuenterprise.org/irc-logs/gnue-public.log.03Feb2003" author="Peter Sullivan" contact="mailto:psu@burdonvale.co.uk" startdate="03 Feb 2003 04:00:00 -0800" enddate="03 Feb 2003 04:00:00 -0800">

<topic>Forms</topic>
<topic>Designer</topic>
<topic>Why GNUe?</topic>

<mention>Keith</mention>

<p>Keith Jagrs (KeithJagrs) said he needed to develop an intranet in python 
that had ERP-style functionality - <quote who="Keith Jagrs">I am evaluating 
Twisted, Webware and GNUe</quote>. He was <quote who="Keith Jagrs">inclined 
to use web interface - but it could be other  GUI , if it's easier</quote>. 
He needed to develop <quote who="Keith Jagrs">modules on inventory, crm, 
production and management - and also interacts with an existing accounting 
package</quote>. Jason Cater (jcater) said <quote who="Jason Cater">the 
other two tools you mentioned are designed to help simplify the creation 
of web-based applications - gnue is designed to simplify the creation of 
database-based applications. If you go with the former then you will be 
stuck with a web app (which if that's what you want, then that's not a big 
deal) but you will have to hand-code a lot of the database routines. Gnue 
does not have a strong web-based mentality - so you won't get that aspect 
that you are looking for</quote>. Keith said his coworkers 
<quote who="Keith Jagrs">want to develop in delphi</quote>. Jason had not 
realised that <quote who="Jason Cater">delphi does web-based</quote> but 
said <quote who="Jason Cater">there's a lot of similarities between delphi 
and gnue, or so I've been told - /me has never used it - derek was a big 
delphi fan</quote>. Derek Neighbors (derek) said 
<quote who="Derek Neighbors">delphi does web - BUT its FUGLY web. Basically 
it makes a .dll (or cgi) - and just passes crap through. Its really rather 
horrid - but if you believe in being a one tool guy - then if your hammer 
is delphi - you can use that hammer to saw wood just fine. Just dont expect 
exact cuts ;)</quote></p>

</section>

</kc>
<!--
     FILE ARCHIVED ON 06:07:19 Nov 11, 2007 AND RETRIEVED FROM THE
     INTERNET ARCHIVE ON 09:25:34 Dec 05, 2018.
     JAVASCRIPT APPENDED BY WAYBACK MACHINE, COPYRIGHT INTERNET ARCHIVE.

     ALL OTHER CONTENT MAY ALSO BE PROTECTED BY COPYRIGHT (17 U.S.C.
     SECTION 108(a)(3)).
-->
<!--
playback timings (ms):
  LoadShardBlock: 245.892 (3)
  esindex: 0.005
  captures_list: 261.067
  CDXLines.iter: 10.7 (3)
  PetaboxLoader3.datanode: 303.882 (4)
  exclusion.robots: 0.247
  exclusion.robots.policy: 0.239
  RedisCDXSource: 1.877
  PetaboxLoader3.resolve: 28.639
  load_resource: 131.258
-->