<?xml version="1.0" ?>

<script src="//archive.org/includes/analytics.js?v=cf34f82" type="text/javascript"></script>
<script type="text/javascript">window.addEventListener('DOMContentLoaded',function(){var v=archive_analytics.values;v.service='wb';v.server_name='wwwb-app42.us.archive.org';v.server_ms=230;archive_analytics.send_pageview({});});</script>
<script type="text/javascript" src="/static/js/ait-client-rewrite.js?v=1543384230.0" charset="utf-8"></script>
<script type="text/javascript">
WB_wombat_Init('https://web.archive.org/web', '20071111034810', 'www.kerneltraffic.org');
</script>
<script type="text/javascript" src="/static/js/wbhack.js?v=1543384230.0" charset="utf-8"></script>
<script type="text/javascript">
__wbhack.init('https://web.archive.org/web');
</script>
<link rel="stylesheet" type="text/css" href="/static/css/banner-styles.css?v=1543384230.0" />
<link rel="stylesheet" type="text/css" href="/static/css/iconochive.css?v=1543384230.0" />
<!-- End Wayback Rewrite JS Include -->
<!-- BEGIN WAYBACK TOOLBAR INSERT -->
<script type="text/javascript" src="/static/js/timestamp.js?v=1543384230.0" charset="utf-8"></script>
<script type="text/javascript" src="/static/js/graph-calc.js?v=1543384230.0" charset="utf-8"></script>
<script type="text/javascript" src="/static/js/auto-complete.js?v=1543384230.0" charset="utf-8"></script>
<script type="text/javascript" src="/static/js/toolbar.js?v=1543384230.0" charset="utf-8"></script>
<style type="text/css">
body {
  margin-top:0 !important;
  padding-top:0 !important;
  /*min-width:800px !important;*/
}
.wb-autocomplete-suggestions {
    text-align: left; cursor: default; border: 1px solid #ccc; border-top: 0; background: #fff; box-shadow: -1px 1px 3px rgba(0,0,0,.1);
    position: absolute; display: none; z-index: 2147483647; max-height: 254px; overflow: hidden; overflow-y: auto; box-sizing: border-box;
}
.wb-autocomplete-suggestion { position: relative; padding: 0 .6em; line-height: 23px; white-space: nowrap; overflow: hidden; text-overflow: ellipsis; font-size: 1.02em; color: #333; }
.wb-autocomplete-suggestion b { font-weight: bold; }
.wb-autocomplete-suggestion.selected { background: #f0f0f0; }
</style>
<div id="wm-ipp" lang="en" style="display:none;direction:ltr;">
<div style="position:fixed;left:0;top:0;right:0;">
<div id="wm-ipp-inside">
  <div style="position:relative;">
    <div id="wm-logo" style="float:left;width:130px;padding-top:10px;">
      <a href="/web/" title="Wayback Machine home page"><img src="/static/images/toolbar/wayback-toolbar-logo.png" alt="Wayback Machine" width="110" height="39" border="0" /></a>
    </div>
    <div class="r" style="float:right;">
      <div id="wm-btns" style="text-align:right;height:25px;">
                  <div id="wm-save-snapshot-success">success</div>
          <div id="wm-save-snapshot-fail">fail</div>
          <a href="#"
             onclick="__wm.saveSnapshot('http://www.kerneltraffic.org/GNUe/gnue20021207_58.xml', '20071111034810')"
             title="Share via My Web Archive"
             id="wm-save-snapshot-open"
          >
            <span class="iconochive-web"></span>
          </a>
          <a href="https://archive.org/account/login.php"
             title="Sign In"
             id="wm-sign-in"
          >
            <span class="iconochive-person"></span>
          </a>
          <span id="wm-save-snapshot-in-progress" class="iconochive-web"></span>
        	<a href="http://faq.web.archive.org/" title="Get some help using the Wayback Machine" style="top:-6px;"><span class="iconochive-question" style="color:rgb(87,186,244);font-size:160%;"></span></a>
	<a id="wm-tb-close" href="#close" onclick="__wm.h(event);return false;" style="top:-2px;" title="Close the toolbar"><span class="iconochive-remove-circle" style="color:#888888;font-size:240%;"></span></a>
      </div>
      <div id="wm-share" style="text-align:right;">
	<a href="#" onclick="window.open('https://www.facebook.com/sharer/sharer.php?u=https://web.archive.org/web/20071111034810/http://www.kerneltraffic.org/GNUe/gnue20021207_58.xml', '', 'height=400,width=600'); return false;" title="Share on Facebook" style="margin-right:5px;" target="_blank"><span class="iconochive-facebook" style="color:#3b5998;font-size:160%;"></span></a>
	<a href="#" onclick="window.open('https://twitter.com/intent/tweet?text=https://web.archive.org/web/20071111034810/http://www.kerneltraffic.org/GNUe/gnue20021207_58.xml&amp;via=internetarchive', '', 'height=400,width=600'); return false;" title="Share on Twitter" style="margin-right:5px;" target="_blank"><span class="iconochive-twitter" style="color:#1dcaff;font-size:160%;"></span></a>
      </div>
    </div>
    <table class="c" style="">
      <tbody>
	<tr>
	  <td class="u" colspan="2">
	    <form target="_top" method="get" action="/web/submit" name="wmtb" id="wmtb"><input type="text" name="url" id="wmtbURL" value="http://www.kerneltraffic.org/GNUe/gnue20021207_58.xml" onfocus="this.focus();this.select();" /><input type="hidden" name="type" value="replay" /><input type="hidden" name="date" value="20071111034810" /><input type="submit" value="Go" /></form>
	  </td>
	  <td class="n" rowspan="2" style="width:110px;">
	    <table>
	      <tbody>
		<!-- NEXT/PREV MONTH NAV AND MONTH INDICATOR -->
		<tr class="m">
		  <td class="b" nowrap="nowrap"><a href="https://web.archive.org/web/20050213181427/http://www.kerneltraffic.org:80/GNUe/gnue20021207_58.xml" title="13 Feb 2005"><strong>Feb</strong></a></td>
		  <td class="c" id="displayMonthEl" title="You are here: 03:48:10 Nov 11, 2007">NOV</td>
		  <td class="f" nowrap="nowrap">Dec</td>
		</tr>
		<!-- NEXT/PREV CAPTURE NAV AND DAY OF MONTH INDICATOR -->
		<tr class="d">
		  <td class="b" nowrap="nowrap"><a href="https://web.archive.org/web/20050213181427/http://www.kerneltraffic.org:80/GNUe/gnue20021207_58.xml" title="18:14:27 Feb 13, 2005"><img src="/static/images/toolbar/wm_tb_prv_on.png" alt="Previous capture" width="14" height="16" border="0" /></a></td>
		  <td class="c" id="displayDayEl" style="width:34px;font-size:24px;white-space:nowrap;" title="You are here: 03:48:10 Nov 11, 2007">11</td>
		  <td class="f" nowrap="nowrap"><img src="/static/images/toolbar/wm_tb_nxt_off.png" alt="Next capture" width="14" height="16" border="0" /></td>
		</tr>
		<!-- NEXT/PREV YEAR NAV AND YEAR INDICATOR -->
		<tr class="y">
		  <td class="b" nowrap="nowrap"><a href="https://web.archive.org/web/20050213181427/http://www.kerneltraffic.org:80/GNUe/gnue20021207_58.xml" title="13 Feb 2005"><strong>2005</strong></a></td>
		  <td class="c" id="displayYearEl" title="You are here: 03:48:10 Nov 11, 2007">2007</td>
		  <td class="f" nowrap="nowrap">2008</td>
		</tr>
	      </tbody>
	    </table>
	  </td>
	</tr>
	<tr>
	  <td class="s">
	    	    <div id="wm-nav-captures">
	      	      <a class="t" href="/web/20071111034810*/http://www.kerneltraffic.org/GNUe/gnue20021207_58.xml" title="See a list of every capture for this URL">4 captures</a>
	      <div class="r" title="Timespan for captures of this URL">18 May 2003 - 11 Nov 2007</div>
	      </div>
	  </td>
	  <td class="k">
	    <a href="" id="wm-graph-anchor">
	      <div id="wm-ipp-sparkline" title="Explore captures for this URL" style="position: relative">
		<canvas id="wm-sparkline-canvas" width="575" height="27" border="0"></canvas>
	      </div>
	    </a>
	  </td>
	</tr>
      </tbody>
    </table>
    <div style="position:absolute;bottom:0;right:2px;text-align:right;">
      <a id="wm-expand" class="wm-btn wm-closed" href="#expand" onclick="__wm.ex(event);return false;"><span id="wm-expand-icon" class="iconochive-down-solid"></span> <span style="font-size:80%">About this capture</span></a>
    </div>
  </div>
    <div id="wm-capinfo" style="border-top:1px solid #777;display:none; overflow: hidden">
            <div style="background-color:#666;color:#fff;font-weight:bold;text-align:center">COLLECTED BY</div>
    <div style="padding:3px;position:relative" id="wm-collected-by-content">
            <div style="display:inline-block;vertical-align:top;width:50%;">
			<span class="c-logo" style="background-image:url(https://archive.org/services/img/webwidecrawl);"></span>
		Organization: <a style="color:#33f;" href="https://archive.org/details/webwidecrawl" target="_new"><span class="wm-title">Internet Archive</span></a>
		<div style="max-height:75px;overflow:hidden;position:relative;">
	  <div style="position:absolute;top:0;left:0;width:100%;height:75px;background:linear-gradient(to bottom,rgba(255,255,255,0) 0%,rgba(255,255,255,0) 90%,rgba(255,255,255,255) 100%);"></div>
	  The Internet Archive discovers and captures web pages through many different web crawls.

At any given time several distinct crawls are running, some for months, and some every day or longer.

View the web archive through the <a href="http://archive.org/web/web.php">Wayback Machine</a>.
	</div>
	      </div>
      <div style="display:inline-block;vertical-align:top;width:49%;">
			<span class="c-logo" style="background-image:url(https://archive.org/services/img/aroundtheworldcrawl)"></span>
		<div>Collection: <a style="color:#33f;" href="https://archive.org/details/aroundtheworldcrawl" target="_new"><span class="wm-title">Around The World Crawl</span></a></div>
		<div style="max-height:75px;overflow:hidden;position:relative;">
	  <div style="position:absolute;top:0;left:0;width:100%;height:75px;background:linear-gradient(to bottom,rgba(255,255,255,0) 0%,rgba(255,255,255,0) 90%,rgba(255,255,255,255) 100%);"></div>
	  Data crawled by Sloan Foundation on behalf of Internet Archive
<br /><br />
	</div>
	      </div>
    </div>
    <div style="background-color:#666;color:#fff;font-weight:bold;text-align:center" title="Timestamps for the elements of this page">TIMESTAMPS</div>
    <div>
      <div id="wm-capresources" style="margin:0 5px 5px 5px;max-height:250px;overflow-y:scroll !important"></div>
      <div id="wm-capresources-loading" style="text-align:left;margin:0 20px 5px 5px;display:none"><img src="/static/images/loading.gif" alt="loading" /></div>
    </div>
  </div></div></div></div><script type="text/javascript">
__wm.bt(575,27,25,2,"web","http://www.kerneltraffic.org/GNUe/gnue20021207_58.xml","2007-11-11",1996);
</script>
<!-- END WAYBACK TOOLBAR INSERT --><kc>

<title>GNUe Traffic</title>

<author contact="mailto:psu@burdonvale.co.uk">Peter Sullivan</author>

<issue num="58" date="07 Dec 2002 00:00:00 -0800"/>

<headquote>
#gnuenterprise IRC defined(?) - 
"<cite>this channel may be devoid of taste and 
tact, but it is definitely not devoid of useless 
computer/programming knowledge</cite>"
</headquote>

<intro>
<p>This Cousin covers the three main mailing lists for the
<a href="https://web.archive.org/web/20071111034810/http://www.gnuenterprise.org/">GNU Enterprise</a>  
project, plus the #gnuenterprise IRC channel.</p>
</intro>


<section title="Application Server White Paper" subject="[Gnue-dev] Edition 0.0.8 of GNUe Application Server Whitepaper" archive="http://mail.gnu.org/pipermail/gnue-dev/2002-November/000354.html" posts="3" startdate="23 Nov 2002 12:58:31 -0800" enddate="27 Nov 2002 23:21:39 -0800">

<topic>Application Server</topic>

<p>Reinhard M&#252;ller had <quote who="Reinhard Müller">just 
committed the edition 0.0.8 of the Appserver Whitepaper, which
reflects the decisions we made in the Halloween meeting</quote>, 
as reported in 
<kcref subject="[Gnue-dev] Halloween 1: Terminology" archive="http://mail.gnu.org/pipermail/gnue-dev/2002-November/000304.html"/>.
He asked for it to be updated on the website, and asked everyone 
<quote who="Reinhard Müller">especially to the ones involved with Appserver:
Please read the document. Tell me what's not clear enough, and what
could be improved. I plan to keep this document maintained and up to
date.</quote> Daniel Baumann planned <quote who="Daniel Baumann">to take a 
look at this and I want to somehow combine the ideas in the 
"architecture" paper with what you guys have done.</quote></p>

</section>


<section title="GNUe Architecture Diagram" subject="[Gnue-dev] Security assurance levels" archive="http://mail.gnu.org/pipermail/gnue-dev/2002-November/000369.html" posts="1" startdate="28 Nov 2002 05:36:04 -0800" enddate="28 Nov 2002 05:36:04 -0800">

<p>Further to 
<kcref subject="[Gnue-dev] Appserver/Common Issues" startdate="07 Nov 2002 15:39:14 -0800"/> and 
<kcref subject="Security Framework Issues" startdate="07 Nov 2002 10:10:54 -0800"/>,
Stan Klein said that <quote who="Stan Klein">The 
underlying concept of the draft security framework proposal is that
enterprises using GNUe would review their individual business policies and
legal/contractual obligations and decide what kind of security they need.</quote>
In some cases, security issues overlapped with business policies and 
compliance. GNUe by itself would probably only be able to offer low level 
security ; this would need to be combined with operating system and 
database security for middle level security. Low security would be 
preferable where there was low threat, low sensitivity, existing physical 
security and no external contractual obligations to be secure. Medium - 
or even high - levels of security would be required if this was not the 
case. Organisations were paying <quote who="Stan Klein">increased 
attention to information security.</quote></p>

</section>


<section title="GNUe on Microsoft Windows and MS SQL server" subject="[IRC] 28 Nov 2002" archive="http://www.gnuenterprise.org/irc-logs/gnue-public.log.28Nov2002" startdate="27 Nov 2002 16:00:00 -0800" enddate="27 Nov 2002 16:00:00 -0800">

<topic>Common</topic>

<mention>ra3vat</mention>

<p>It was asked if GNUe was portable to Microsoft Windows. 
Dmitry Sorokin (ra3vat) suggested <quote who="Dmitry Sorokin">try 
<a href="https://web.archive.org/web/20071111034810/http://www.gnuenterprise.org/downloads/current/GNUe-Tools-0.4.1-setup-debug-on.exe">binary 
build</a></quote> from the website - <quote who="Dmitry Sorokin">or 
install source packages, it would take a little more work</quote>. 
There was no need to install cygwin to run GNUe on Windows. . 
There was no native support for a Microsoft SQL Server database 
backend, but you could access it using the generic ODBC driver 
included in the setup.exe. Derek Neighbors (derek) confirmed this 
- if there was a native python driver available for MS SQL server, 
then <quote who="Derek Neighbors">we can make a mssql driver - 
other wise we must rely on odbc only</quote>.</p>

</section>


<section title="Debian packages for Reports" subject="Debian packages for Reports now in sid" archive="http://mail.gnu.org/pipermail/gnue/2002-November/003419.html" posts="1" startdate="28 Nov 2002 23:28:14 -0800" enddate="28 Nov 2002 23:28:14 -0800">

<mention>Jeff Bailey</mention>

<p>Peter Sullivan announced that <quote who="Peter Sullivan">Now 
it's reached version 0.1.0, GNUe Reports has been packaged for 
Debian and added to sid, the Debian unstable distribution</quote> by
Jeff Bailey. It was available from all the normal Debian mirrors.</p>

</section>


<section title="Alternatives to wxpython on Microsoft Windows" subject="[IRC] 29 Nov 2002" archive="http://www.gnuenterprise.org/irc-logs/gnue-public.log.29Nov2002" startdate="28 Nov 2002 16:00:00 -0800" enddate="28 Nov 2002 16:00:00 -0800">

<topic>Forms</topic>

<p>Jeff Bailey (jbailey) asked <quote who="Jeff Bailey">is there 
a master table of which widgets need to be provided by an UI, and 
which drivers support which ones? I'm trying to figure out what 
effort I would need to put in to never see wxpython</quote> (the 
python version of the multi-platform wx GUI toolkit, which was 
the default UI for GNUe Forms) <quote who="Jeff Bailey">again</quote>. 
Andrew Mitchell (ajmitch) agreed wxpython was not ideal - 
<quote who="Andrew Mitchell">why do you think i've hacked on the 
gtk2 driver a little?</quote> Jeff said he would probably try to 
write some code for <quote who="Jeff Bailey">native win32 widgets. 
That would solve the problem nicely. The widget files don't look 
like they'd take more than a week or so to write.</quote> He was 
<quote who="Jeff Bailey">not sure I can usefully deploy this to 
end-users without doing something about the widget set.</quote> 
IT staff <quote who="Jeff Bailey">would put up with it.  I don't 
think people in other departments would. Stupid little things, 
like when you change a drop box, it doesn't update the 
drop box until you click on another box.</quote> Derek Neighbors 
(revDeke) believed <quote who="Derek Neighbors">0.5.0 will have 
native win32</quote>. Jeff thought this <quote who="Jeff Bailey">was 
still wishlist-class.</quote> Derek noted that the 
<a href="https://web.archive.org/web/20071111034810/http://www.gnuenterprise.org/feature-plans/forms.html">feature
plan</a> for Forms <quote who="Derek Neighbors">says 'start win32 
driver', but my understanding is they want to have a 'working' 
one for hard testing as of 0.5.0. drop down boxes are the BIGGEST 
evil in the wx on win32 - and its not fixable in wx</quote>.</p>

<p>Later, James Thompson (jamest) explained 
<quote who="James Thompson">0.5.0 is all about gfd file changes
- at least that's what it's evolved into</quote> Derek agreed 
- <quote who="Derek Neighbors">i think it might be best to do gfd 
change only as 0.5.0 - and maybe get it out a little sooner than 
maybe first figured - and nto be shy to release 0.5.x's - that might 
have some 'features'</quote>. Jeff asked if there was a matrix 
showing what widgets each User Interface supported. James said 
<quote who="James Thompson">i might be able to whip something up 
but I'll have to re-read the code to figure it out myself</quote> 
- <quote who="James Thompson">all a ui driver mainly needs to 
do</quote> was <quote who="James Thompson">interface with 
uidrives/_base - and generate evens like uidirver/wx - 
internally we don't give too much a crap how it works :)</quote>. 
Derek thought that copying the existing wxpython driver 
<quote who="Derek Neighbors">and starting to change around would 
be a good start</quote>. James said that documenting the UI 
driver was on the release plan for 0.6.x, but he would willingly 
bring that forward if it meant someone else could write a new 
UI driver (instead of him).</p>

<p>Andrew suggested another possible alternative to wxpython -
the existing GTK2 UI driver <quote who="Andrew Mitchell">needs 
love to make it work nicely</quote> but 
<quote who="Andrew Mitchell">would run on windows, if you 
wanted it</quote>.</p>

</section>


<section title="Scope of GNUe Integrator" subject="[IRC] 30 Nov 2002" archive="http://www.gnuenterprise.org/irc-logs/gnue-public.log.30Nov2002" startdate="29 Nov 2002 16:00:00 -0800" enddate="29 Nov 2002 16:00:00 -0800">

<topic>Integrator</topic>
<topic>Application Server</topic>

<p>Further to 
<kcref subject="[Gnue-dev] GNUe-Integrator" archive="http://mail.gnu.org/pipermail/gnue-dev/2002-November/000319.html"/>, 
Derek Neighbors (derek) said he would 
<quote who="Derek Neighbors">like to see a 'small not 
overly verbose' list of what the 'goals' of integrator are - 
not once mentioning the implementation</quote>. 
Jan Ischebeck (siesel) felt that his 
<a href="https://web.archive.org/web/20071111034810/http://mail.gnu.org/pipermail/gnue-dev/2002-November/000319.html">original
e-mail</a> had pretty much done that. Derek did not remember 
seeing this originally - it was a good basis but 
<quote who="Derek Neighbors">i would like to see more a 
'numbered' list (after dicussion) of goals and importance 
(similar to appserver) - like goal one is a a truly strong 
copyleft licensed integration engine written with copyleft 
tools i.e. this list will be part of the faq so when 
datajunction is available on linux and someone says how come 
you 're invented the wheel' we can point to the list of 
goals and the date and say 'nothing that matched that' 
existed at the time</quote>. Jan agreed, 
<quote who="Jan Ischebeck">but I still would like a list of 
'integrator will|could|should do this' and 'integrator won't 
shouldn't do that' list</quote>. Derek did not 
<quote who="Derek Neighbors">we need so much the 'wont' do this 
unless there is something that we REALLY want to make clear 
it wont do - as the 'do this' list should keep people busy 
enough to not do the 'wont do' :) - but if there are some 
'common tempatations' that we dont want to do, we should list 
them as wont do :)</quote> He suggested 
<quote who="Derek Neighbors">take your email you posted - 
refactor based on jcater and my comments - number order in 
sequence you would plan to implement and repost for comment - 
then take comments you get and modify and post a final goals 
list (not final as in never changing but final as in final 
enough to start implementing) ;) It would be cool to see 
'feature plan' too, but not mandatory</quote>.</p>

<p>On the details, Derek felt <quote who="Derek Neighbors">the 
'sync' database thing scares me - but i would like integrator 
to do that 'some day' - so as long as its down on the list a 
bit i think its pertinent. The same coudl be said for 'real 
time' integration i.e. i dont think we should focus on either 
one of those early on - but certainly they could be long term 
goals</quote>. Jan was not especially attatched to the 
database synchronisation idea, but had put this in 
Integrator rather than add it to Application Server. 
Derek felt that <quote who="Derek Neighbors">sync is just an 
integration routine ran more than one time - and that we have 
a management tool that you can 'cron' basically the sync or 
such</quote>. Jan said that AppServer would need a 'cron' 
tool as well. Derek said <quote who="Derek Neighbors">there 
should be a gui cron somewhere - hopefully in python - we 
could build on. If not we need to write one :) - as thats 
needed for 'enterprises'</quote>.</p>

</section>


<section title="New screenshots of 0.5.0 Designer" subject="[IRC] 01 Dec 2002" archive="http://www.gnuenterprise.org/irc-logs/gnue-public.log.01Dec2002" startdate="30 Nov 2002 16:00:00 -0800" enddate="30 Nov 2002 16:00:00 -0800">

<topic>Designer</topic>

<mention>ra3vat</mention>

<p>Jason Cater (jcater) pointed to a 
<a href="https://web.archive.org/web/20071111034810/http://www.gnuenterprise.org/~jcater/screenshots/designer-docks.png">screenshot</a>
of the new 0.5.x version of Designer, showing the docking functionality. 
Jeff Bailey (jbailey) asked <quote who="Jeff Bailey">What are the plans 
for native UIs for designer? It didn't look like it had the UI broken 
out the way forms does.</quote> Andrew Mitchell (ajmitch) said 
<quote who="Andrew Mitchell">none afaik :) - since you'd be duplicating 
too much functionality in each UI driver</quote>. Jason agreed - 
<quote who="Jason Cater">yeah, I'm somewhat tied to wx for designer
- I'd like to do UI independence</quote> but 
<quote who="Jason Cater"> it's not like forms - so much would have to be 
rewritten for each gui</quote>. Andrew said 
<quote who="Andrew Mitchell">you'd essentially need to write your own 
toolkit abstraction (like wx)</quote>. Jeff was not too worried - 
<quote who="Jeff Bailey">My end users don't have to see designer. =)
And it wouldn't be so bad if it weren't...  quirky.</quote>.</p>

<p>Later, Jeff said <quote who="Jeff Bailey">I'm just looking at your 
designer screen shot - It looks like almost a straight ripoff of parts 
of anjuta. =0 That means I'll probably like it. =)</quote> Jason said 
<quote who="Jason Cater">all the tool panels are repositionably or, can 
even be made free floating - that's just my particular arrangement. 
Let's see - I've heard, 1. It's almost like Delphi 4+ - 2. It's like 
anjunda - 3. It's like Eclipse - um - /me has heard others - but I 
forget them :)</quote> Dmitry Sorokin (ra3vat) said that, if you 
extended the anology enough, <quote who="Dmitry Sorokin">4. it's like 
cat &gt; file</quote>. Jason cried <quote who="Jason Cater">it's 
emacs!</quote></p>

</section>


<section title="Business rules in 2-tier and n-tier" subject="[IRC] 02 Dec 2002" archive="http://www.gnuenterprise.org/irc-logs/gnue-public.log.02Dec2002" startdate="01 Dec 2002 16:00:00 -0800" enddate="01 Dec 2002 16:00:00 -0800">

<topic>Forms</topic>
<topic>Application Server</topic>
<topic>Common</topic>

<p>It was asked how business rules were expressed in GNUe.
Derek Neighbors (derek) explained <quote who="Derek Neighbors">currently 
in 2 tier mode you define 'triggers' (or rules) and they are written in 
python - you can put them in the form themselves or you can put in 
external 'repositories' which more than one form can call</quote>. 
Triggers were <quote who="Derek Neighbors">implemented by 'events' - 
so you have for example a prefocus in event for an entry widget - 
that gets 'fired' before focus happens on an entry widget. You can 
then call a 'trigger' when this event fires - it can be directly in 
the form or 'imported' from a repository (if you want reuse)</quote>.
James Thompson (jamest) added that n-tier business rules would be done 
by the Application Server implementing <quote who="James Thompson">the 
rules on the server side - but it's not ready yet</quote>. He agreed 
that having to define triggers on each individual form was not 
ideal - <quote who="James Thompson">i've had multiple forms in the past 
in Oracle sql*forms that shared logic - it was a major PITA - our 
importable repository (libraries) are a small attempt to address 
this</quote>. Derek agreed - <quote who="Derek Neighbors">from my 
understanding of shared repository with imports, for the most part i 
think it gives most of the functionality of an application server wrt 
central rule base. I think central importable repository speaks a bit 
to that problem and surely appserver will</quote>.</p>

</section>


<section title="New point release of GNUe Tools" subject="[Gnue-announce] 0.4.2 releases of Forms, Designer, Common" archive="http://mail.gnu.org/pipermail/gnue-announce/2002-December/000057.html" posts="1" startdate="03 Dec 2002 13:32:54 -0800" enddate="03 Dec 2002 13:32:54 -0800">

<topic>Forms</topic>
<topic>Designer</topic>
<topic>Common</topic>

<p>Peter Sullivan announced <quote who="Peter Sullivan">The 
GNU Enterprise team is proud to announce a new release 
of</quote> Forms, Designer and Common. 
<quote who="Peter Sullivan">This is the next point release 
of the 0.4.x stable branch</quote>, and was available 
(in source code form only as of time of writing)
from the Downloads section of the website. He explained 
<quote who="Peter Sullivan">The 
main aims of this point release are to do some final tidying-up 
before the big push for the 0.5.0 releases. This includes bringing into 
the main code base many of the useful changes that our friends at Via 
Libre working on Project Papo have written</quote>, as previously 
discussed in <kcref title="Merging GNUe and Papo CVS code" subject="[IRC] 15 Nov 2002"/>.</p>

</section>


<section title="Forms triggers" subject="[IRC] 03 Dec 2002" archive="http://www.gnuenterprise.org/irc-logs/gnue-public.log.03Dec2002" startdate="02 Dec 2002 16:00:00 -0800" enddate="02 Dec 2002 16:00:00 -0800">

<topic>Forms</topic>
<topic>Common</topic>

<mention>ra3vat</mention>

<p>Dmitry Sorokin (ra3vat) asked <quote who="Dmitry Sorokin">how PRE-UPDATE 
trigger work? what is the difference it with PRE-COMMIT?</quote> 
James Thompson (jamest) explained <quote who="James Thompson">pre-update 
only gets called if a record is modified so the save will generate a sql 
update statement - vs  pre-insert which only gets called on new record 
inserts</quote>. Jason Cater (jcater) expanded 
<quote who="Jason Cater">pre-commit gets called whether it's an insert, 
update, or a delete</quote>, so for any given change to the database, 
one of the Pre-Insert, Pre-Delete or Pre-Update triggers would be called, 
then always the Pre-Committ trigger. (It was obviously up to application 
form authors to decide whether to attatch code to the first trigger, the 
second trigger or both, depending on what they wanted to do.) Dmitry said 
that was what he had expected, <quote who="Dmitry Sorokin">but did not get 
it working</quote>. James warned <quote who="James Thompson">how we claim 
it should work does not necessarily mean that is how it is working 
:)</quote> Dmitry had <quote who="Dmitry Sorokin">also tried ON-SWITCH 
trigger and i hoped it catch an event when 1 entry comes up after 
initialization but it is not</quote>. James said 
<quote who="James Thompson">i consider that a bug myself - i noticed it 
too but haven't looked into why it's what way</quote>.</p>

</section>



<section title="Running GNUe on Apple iMac" subject="[Gnue-dev] Re: Gnue forms on DarwinX" archive="http://mail.gnu.org/pipermail/gnue-dev/2002-December/000371.html" posts="1" startdate="04 Dec 2002 07:40:50 -0800" enddate="04 Dec 2002 07:40:50 -0800">

<topic>Forms</topic>

<p>Neil Tiffin explained that <quote who="Neil Tiffin">Darwin 
is the open source underpinnings of OS X</quote>, the 
operating system used on Apple iMacs. He had never been 
able to get wxMac (the native Macintosh version of the 
wx GUI toolkit) to work - although 
<quote who="Neil Tiffin">That was a year ago and it has 
been improved so your mileage may be better.</quote> 
However, <quote who="Neil Tiffin">If you want to get GNUe 
working ASAP I would recommend using 
<a href="https://web.archive.org/web/20071111034810/http://fink.sourceforge.net/">Fink</a> 
and wxGTK.</quote>
He explained <quote who="Neil Tiffin">Fink is a set of 
Perl scripts that download and compile source (and 
binary, which i dont use) tarballs.</quote> As 
<quote who="Neil Tiffin">Progress on wxgtk and wxpython 
is still very rapid</quote> he recommended using the 
unstable release of these - despite the name, 
<quote who="Neil Tiffin">I use unstable all of 
the time and have not had any negative side effects.  
Of course your experience may vary so you should be 
cautious.</quote> He also noted 
<quote who="Neil Tiffin">You need to make sure that 
postgresql is working before you attempt to work on 
forms.  You should have it running an be able to 
connect with psql, create tables etc.</quote>.</p>

</section>


<section title="Scalability of GNUe at enteprise level" subject="[IRC] 04 Dec 2002" archive="http://www.gnuenterprise.org/irc-logs/gnue-public.log.04Dec2002" startdate="03 Dec 2002 16:00:00 -0800" enddate="03 Dec 2002 16:00:00 -0800">

<topic>Application Server</topic>
<topic>Forms</topic>

<mention>ra3vat</mention>

<p>Andrew Mitchell (ajmitch) explained that GNUe was a framework 
<quote who="Andrew Mitchell">for building ERP apps :)</quote> - 
<quote who="Andrew Mitchell">i heard someone mentions JD 
Edwards/Baan/Oracle/Peoplesoft/SAP ::)</quote>. 
Dmitry Sorokin (ra3vat) said that the GNUe tools would be 
used to build GNUe Packages with ERP functionality - 
<quote who="Dmitry Sorokin">think of GNUe Forms like Oracle 
SQL Forms - gnue-forms helps to rapidly build data-entry forms 
to enterprise db</quote>. Andrew said that, to scale up to 
the levels needed for the largest enterprise, GNUe would be 
<quote who="Andrew Mitchell">using an application server between 
the client &amp; the database to handle the logic</quote>. 
Charles Rouzer (Mr_You) said that "enterprise-level" implied 
<quote who="Charles Rouzer">usually high scalability and 
developer options</quote>. Andrew said that Application 
Server was still <quote who="Andrew Mitchell">in 
development</quote>, and Integrator - 
<quote who="Andrew Mitchell">for doing things like merging 
databases, integrating existing stuff</quote> - was in the 
planning stage.</p>

<p>It was asked whether a transaction manager like Application 
Server should be actually inside the kernel, rather than run on 
(say) the default Linux kernel. Andrew doubted that this 
would be effective. Charles felt <quote who="Charles Rouzer">it 
would be overkill for the appliance probably, unless it was a 
big appliance hehe.. quad proc.</quote> Andrew could see that 
<quote who="Andrew Mitchell">ideally you want to minimise the 
number of system calls, as each call involves a costly privilege 
switch</quote>, but Charles said <quote who="Charles Rouzer">having 
a customize kernel and having a transaction manager kernel module 
are two different things</quote>.</p>

<p>Later, Derek Neighbors (derek) noted that 
<quote who="Derek Neighbors">you can always throw down that gnue 
has been used in production against an os/390 mainframe running db2
- /me isnt sure if you can get more 'enterprise' than 
that</quote>.</p>

</section>

</kc>
<!--
     FILE ARCHIVED ON 03:48:10 Nov 11, 2007 AND RETRIEVED FROM THE
     INTERNET ARCHIVE ON 09:26:09 Dec 05, 2018.
     JAVASCRIPT APPENDED BY WAYBACK MACHINE, COPYRIGHT INTERNET ARCHIVE.

     ALL OTHER CONTENT MAY ALSO BE PROTECTED BY COPYRIGHT (17 U.S.C.
     SECTION 108(a)(3)).
-->
<!--
playback timings (ms):
  LoadShardBlock: 112.557 (3)
  esindex: 0.008
  captures_list: 139.019
  CDXLines.iter: 13.215 (3)
  PetaboxLoader3.datanode: 36.823 (4)
  exclusion.robots: 0.318
  exclusion.robots.policy: 0.299
  RedisCDXSource: 1.727
  PetaboxLoader3.resolve: 103.157 (3)
  load_resource: 52.974
-->