<?xml version="1.0" ?>

<script src="//archive.org/includes/analytics.js?v=cf34f82" type="text/javascript"></script>
<script type="text/javascript">window.addEventListener('DOMContentLoaded',function(){var v=archive_analytics.values;v.service='wb';v.server_name='wwwb-app22.us.archive.org';v.server_ms=289;archive_analytics.send_pageview({});});</script>
<script type="text/javascript" src="/static/js/ait-client-rewrite.js?v=1543384230.0" charset="utf-8"></script>
<script type="text/javascript">
WB_wombat_Init('https://web.archive.org/web', '20071111041934', 'www.kerneltraffic.org');
</script>
<script type="text/javascript" src="/static/js/wbhack.js?v=1543384230.0" charset="utf-8"></script>
<script type="text/javascript">
__wbhack.init('https://web.archive.org/web');
</script>
<link rel="stylesheet" type="text/css" href="/static/css/banner-styles.css?v=1543384230.0" />
<link rel="stylesheet" type="text/css" href="/static/css/iconochive.css?v=1543384230.0" />
<!-- End Wayback Rewrite JS Include -->
<!-- BEGIN WAYBACK TOOLBAR INSERT -->
<script type="text/javascript" src="/static/js/timestamp.js?v=1543384230.0" charset="utf-8"></script>
<script type="text/javascript" src="/static/js/graph-calc.js?v=1543384230.0" charset="utf-8"></script>
<script type="text/javascript" src="/static/js/auto-complete.js?v=1543384230.0" charset="utf-8"></script>
<script type="text/javascript" src="/static/js/toolbar.js?v=1543384230.0" charset="utf-8"></script>
<style type="text/css">
body {
  margin-top:0 !important;
  padding-top:0 !important;
  /*min-width:800px !important;*/
}
.wb-autocomplete-suggestions {
    text-align: left; cursor: default; border: 1px solid #ccc; border-top: 0; background: #fff; box-shadow: -1px 1px 3px rgba(0,0,0,.1);
    position: absolute; display: none; z-index: 2147483647; max-height: 254px; overflow: hidden; overflow-y: auto; box-sizing: border-box;
}
.wb-autocomplete-suggestion { position: relative; padding: 0 .6em; line-height: 23px; white-space: nowrap; overflow: hidden; text-overflow: ellipsis; font-size: 1.02em; color: #333; }
.wb-autocomplete-suggestion b { font-weight: bold; }
.wb-autocomplete-suggestion.selected { background: #f0f0f0; }
</style>
<div id="wm-ipp" lang="en" style="display:none;direction:ltr;">
<div style="position:fixed;left:0;top:0;right:0;">
<div id="wm-ipp-inside">
  <div style="position:relative;">
    <div id="wm-logo" style="float:left;width:130px;padding-top:10px;">
      <a href="/web/" title="Wayback Machine home page"><img src="/static/images/toolbar/wayback-toolbar-logo.png" alt="Wayback Machine" width="110" height="39" border="0" /></a>
    </div>
    <div class="r" style="float:right;">
      <div id="wm-btns" style="text-align:right;height:25px;">
                  <div id="wm-save-snapshot-success">success</div>
          <div id="wm-save-snapshot-fail">fail</div>
          <a href="#"
             onclick="__wm.saveSnapshot('http://www.kerneltraffic.org/GNUe/gnue20021116_55.xml', '20071111041934')"
             title="Share via My Web Archive"
             id="wm-save-snapshot-open"
          >
            <span class="iconochive-web"></span>
          </a>
          <a href="https://archive.org/account/login.php"
             title="Sign In"
             id="wm-sign-in"
          >
            <span class="iconochive-person"></span>
          </a>
          <span id="wm-save-snapshot-in-progress" class="iconochive-web"></span>
        	<a href="http://faq.web.archive.org/" title="Get some help using the Wayback Machine" style="top:-6px;"><span class="iconochive-question" style="color:rgb(87,186,244);font-size:160%;"></span></a>
	<a id="wm-tb-close" href="#close" onclick="__wm.h(event);return false;" style="top:-2px;" title="Close the toolbar"><span class="iconochive-remove-circle" style="color:#888888;font-size:240%;"></span></a>
      </div>
      <div id="wm-share" style="text-align:right;">
	<a href="#" onclick="window.open('https://www.facebook.com/sharer/sharer.php?u=https://web.archive.org/web/20071111041934/http://www.kerneltraffic.org/GNUe/gnue20021116_55.xml', '', 'height=400,width=600'); return false;" title="Share on Facebook" style="margin-right:5px;" target="_blank"><span class="iconochive-facebook" style="color:#3b5998;font-size:160%;"></span></a>
	<a href="#" onclick="window.open('https://twitter.com/intent/tweet?text=https://web.archive.org/web/20071111041934/http://www.kerneltraffic.org/GNUe/gnue20021116_55.xml&amp;via=internetarchive', '', 'height=400,width=600'); return false;" title="Share on Twitter" style="margin-right:5px;" target="_blank"><span class="iconochive-twitter" style="color:#1dcaff;font-size:160%;"></span></a>
      </div>
    </div>
    <table class="c" style="">
      <tbody>
	<tr>
	  <td class="u" colspan="2">
	    <form target="_top" method="get" action="/web/submit" name="wmtb" id="wmtb"><input type="text" name="url" id="wmtbURL" value="http://www.kerneltraffic.org/GNUe/gnue20021116_55.xml" onfocus="this.focus();this.select();" /><input type="hidden" name="type" value="replay" /><input type="hidden" name="date" value="20071111041934" /><input type="submit" value="Go" /></form>
	  </td>
	  <td class="n" rowspan="2" style="width:110px;">
	    <table>
	      <tbody>
		<!-- NEXT/PREV MONTH NAV AND MONTH INDICATOR -->
		<tr class="m">
		  <td class="b" nowrap="nowrap"><a href="https://web.archive.org/web/20050213182059/http://www.kerneltraffic.org:80/GNUe/gnue20021116_55.xml" title="13 Feb 2005"><strong>Feb</strong></a></td>
		  <td class="c" id="displayMonthEl" title="You are here: 04:19:34 Nov 11, 2007">NOV</td>
		  <td class="f" nowrap="nowrap">Dec</td>
		</tr>
		<!-- NEXT/PREV CAPTURE NAV AND DAY OF MONTH INDICATOR -->
		<tr class="d">
		  <td class="b" nowrap="nowrap"><a href="https://web.archive.org/web/20050213182059/http://www.kerneltraffic.org:80/GNUe/gnue20021116_55.xml" title="18:20:59 Feb 13, 2005"><img src="/static/images/toolbar/wm_tb_prv_on.png" alt="Previous capture" width="14" height="16" border="0" /></a></td>
		  <td class="c" id="displayDayEl" style="width:34px;font-size:24px;white-space:nowrap;" title="You are here: 04:19:34 Nov 11, 2007">11</td>
		  <td class="f" nowrap="nowrap"><img src="/static/images/toolbar/wm_tb_nxt_off.png" alt="Next capture" width="14" height="16" border="0" /></td>
		</tr>
		<!-- NEXT/PREV YEAR NAV AND YEAR INDICATOR -->
		<tr class="y">
		  <td class="b" nowrap="nowrap"><a href="https://web.archive.org/web/20050213182059/http://www.kerneltraffic.org:80/GNUe/gnue20021116_55.xml" title="13 Feb 2005"><strong>2005</strong></a></td>
		  <td class="c" id="displayYearEl" title="You are here: 04:19:34 Nov 11, 2007">2007</td>
		  <td class="f" nowrap="nowrap">2008</td>
		</tr>
	      </tbody>
	    </table>
	  </td>
	</tr>
	<tr>
	  <td class="s">
	    	    <div id="wm-nav-captures">
	      	      <a class="t" href="/web/20071111041934*/http://www.kerneltraffic.org/GNUe/gnue20021116_55.xml" title="See a list of every capture for this URL">5 captures</a>
	      <div class="r" title="Timespan for captures of this URL">17 May 2003 - 11 Nov 2007</div>
	      </div>
	  </td>
	  <td class="k">
	    <a href="" id="wm-graph-anchor">
	      <div id="wm-ipp-sparkline" title="Explore captures for this URL" style="position: relative">
		<canvas id="wm-sparkline-canvas" width="575" height="27" border="0"></canvas>
	      </div>
	    </a>
	  </td>
	</tr>
      </tbody>
    </table>
    <div style="position:absolute;bottom:0;right:2px;text-align:right;">
      <a id="wm-expand" class="wm-btn wm-closed" href="#expand" onclick="__wm.ex(event);return false;"><span id="wm-expand-icon" class="iconochive-down-solid"></span> <span style="font-size:80%">About this capture</span></a>
    </div>
  </div>
    <div id="wm-capinfo" style="border-top:1px solid #777;display:none; overflow: hidden">
            <div style="background-color:#666;color:#fff;font-weight:bold;text-align:center">COLLECTED BY</div>
    <div style="padding:3px;position:relative" id="wm-collected-by-content">
            <div style="display:inline-block;vertical-align:top;width:50%;">
			<span class="c-logo" style="background-image:url(https://archive.org/services/img/webwidecrawl);"></span>
		Organization: <a style="color:#33f;" href="https://archive.org/details/webwidecrawl" target="_new"><span class="wm-title">Internet Archive</span></a>
		<div style="max-height:75px;overflow:hidden;position:relative;">
	  <div style="position:absolute;top:0;left:0;width:100%;height:75px;background:linear-gradient(to bottom,rgba(255,255,255,0) 0%,rgba(255,255,255,0) 90%,rgba(255,255,255,255) 100%);"></div>
	  The Internet Archive discovers and captures web pages through many different web crawls.

At any given time several distinct crawls are running, some for months, and some every day or longer.

View the web archive through the <a href="http://archive.org/web/web.php">Wayback Machine</a>.
	</div>
	      </div>
      <div style="display:inline-block;vertical-align:top;width:49%;">
			<span class="c-logo" style="background-image:url(https://archive.org/services/img/aroundtheworldcrawl)"></span>
		<div>Collection: <a style="color:#33f;" href="https://archive.org/details/aroundtheworldcrawl" target="_new"><span class="wm-title">Around The World Crawl</span></a></div>
		<div style="max-height:75px;overflow:hidden;position:relative;">
	  <div style="position:absolute;top:0;left:0;width:100%;height:75px;background:linear-gradient(to bottom,rgba(255,255,255,0) 0%,rgba(255,255,255,0) 90%,rgba(255,255,255,255) 100%);"></div>
	  Data crawled by Sloan Foundation on behalf of Internet Archive
<br /><br />
	</div>
	      </div>
    </div>
    <div style="background-color:#666;color:#fff;font-weight:bold;text-align:center" title="Timestamps for the elements of this page">TIMESTAMPS</div>
    <div>
      <div id="wm-capresources" style="margin:0 5px 5px 5px;max-height:250px;overflow-y:scroll !important"></div>
      <div id="wm-capresources-loading" style="text-align:left;margin:0 20px 5px 5px;display:none"><img src="/static/images/loading.gif" alt="loading" /></div>
    </div>
  </div></div></div></div><script type="text/javascript">
__wm.bt(575,27,25,2,"web","http://www.kerneltraffic.org/GNUe/gnue20021116_55.xml","2007-11-11",1996);
</script>
<!-- END WAYBACK TOOLBAR INSERT --><kc>

<title>GNUe Traffic</title>

<author contact="mailto:psu@manorcon.demon.co.uk">Peter Sullivan</author>

<issue num="55" date="16 Nov 2002 00:00:00 -0800"/>

<headquote>
"<cite>It is amazing in this business how much "new" technology is just a version
of the old technology with a name that nobody ever heard before.  It
happens all the time and has been going on for years.  Not exactly snake
oil or ginsu knives, but I think some aspects of the sales approach are
familiar.  :-)</cite>"
</headquote>

<intro>

<p>This Cousin covers the three main mailing lists for the
<a href="https://web.archive.org/web/20071111041934/http://www.gnuenterprise.org/">GNU Enterprise</a>  
project, plus the the #gnuenterprise IRC channel.</p>

</intro>


<section title="OLAP tools and pivot tables in Reports" subject="Subject: cross tables in reports?" archive="http://mail.gnu.org/pipermail/gnue/2002-October/003355.html" posts="16" startdate="31 Oct 2002 02:21:41 -0800" enddate="03 Nov 2002 15:28:26 -0800">

<topic>Reports</topic>

<p>Sebastian Brosig asked <quote who="Sebastian Brosig">Can 
gnue reports, or any other Free database tool for that matter, 
create crosstables</quote> - <quote who="Sebastian Brosig">i 
know the</quote> Open Office 
<quote who="Sebastian Brosig">spreadsheet has the "Data Pilot" 
which is OpenOffice's answer to pivot tables but it's a 
point-and-click interactive tool and not a database</quote>.
Derek Neighbors said <quote who="Derek Neighbors">Right now 
today.  It can not do CrossTabulation.  It will at somepoint
support this.  Furthermore, I am working to try to get a free 
OLAP implementation that GNUe can use as well.  OLAP is pivot 
tables on steriods. :)</quote> Jason Cater said 
<quote who="Jason Cater">I will try to post an example pivot 
report done in GNUe shortly. Reports does more than you 
initially realize :) Of course, we don't have any sort of visual 
designer (yet), so it's rather difficult to see what's
going on :(</quote>. Todd Boyle felt that there was a 
distinction <quote who="Todd Boyle">between the goal of computing 
a particular crosstab at design time, versus providing users 
dynamic cross-tabs among a whole, balanced data surfing capability 
at runtime.   The latter is of course much harder but turns out, 
pretty essential for managers to investigate and understand 
problems /oppties which, guess what.  design time
programmers cannot always anticipate.</quote> He noted that 
proprietary <quote who="Todd Boyle">OLAP vendors have been providing 
dynamic crosstabs for at least a decade, against large datasets 
usu. by precomputing various subtotals.</quote></p>

<p>Stan Klein suggested looking at R, 
<quote who="Stan Klein">a clone of a commercial language called 
S</quote> which <quote who="Stan Klein">appears to be popular 
among academic departments of statistics, who use and contribute. 
It might be worthwhile to look at producing GNUe output that can 
be processed by R or to consider an interface that allows R 
capabilities to operate on GNUe-managed databases</quote> - 
<quote who="Stan Klein">The combination of GNUe and R could make 
a very high powered strategic planning, forecasting, and data 
mining capability.</quote> He gave <quote who="Stan Klein">an 
extract from the R Introduction manual discussing 
crosstabs</quote> Derek said <quote who="Derek Neighbors">I 
think the standard OLAP engine language for financials is a 
langaguage called A (im serious not being smart butt).  There is 
a GPL implementation from Morgan Stanley (the original authors) 
called <a href="https://web.archive.org/web/20071111041934/http://www.aplusdev.org/">A+</a>.</quote> 
Stan said <quote who="Stan Klein">A+ is a variant of a language
called APL ("A Programming Language") that, IIRC, was developed 
by an IBM researcher in the early 1970's</quote>, which needed 
<quote who="Stan Klein">a special keyboard to be able to input 
all the peculiar characters that it used</quote> - 
<quote who="Stan Klein">Think obfuscated C and go a few orders 
of magnitude worse.  :-)</quote>. By contrast, 
<quote who="Stan Klein">R is a more general statistical package, 
similar in capability to SAS or SPSS, with the possible exception 
of the user interface.</quote> <quote who="Stan Klein">I think the 
big users of R, besides academics, are probably strategic planners, 
market researchers, and scientific researchers, especially in the
medical and social sciences where statistics are important.</quote> 
Gontran Zepeda said <quote who="Gontran Zepeda">It so happens I 
have spent part of the past couple weeks hacking up a kludgey
perl *cough* package that interacts with R</quote>. He felt that 
R had a <quote who="Gontran Zepeda">quite un-gnu like</quote>.
There were facilities for using python within R, but GNUe would 
really need something the othe way around - but R did have 
<quote who="Gontran Zepeda">a DBI type interface.  That's right 
kids, get data from mysql, postgresql or plain flat files into 
your analysis space directly from R.</quote> He was not convinced 
that adding R as another dependancy for GNUe Reports was necessary, 
asking <quote who="Gontran Zepeda">Doesn't jamest have pivot tables 
working anyway?</quote> Stan <quote who="Stan Klein">took a look 
at the links on the R homepage and found something called
RSPython that appears to provide interfaces both ways</quote> 
between R and Python, although <quote who="Stan Klein">It looks 
like you need to know something about the objects involved, so it's 
an interface that needs to be programmed for specific 
purposes.</quote> He suggested <quote who="Stan Klein">The easiest 
way for GNUe to quickly do an interface (if desired) would be
to write files using Reports in a format that can be read by R, use 
the Python to R interface to send R commands to read the input files
and perform various functions, and then write the output from R to a 
file that could either be printed or imported to a database.</quote> 
He saw this as an add-on rather than a core dependancy. He also noted 
<quote who="Stan Klein">there appears to be work ongoing on GUI 
interfaces for R, but it doesn't seem to be very far along.  It might 
be nice to let the R folks know that GNUe might be a good candidate 
for that.</quote> Derek still preferred A+ as a general OLAP 
framework - and <quote who="Derek Neighbors">To do general crosstab 
type of reports I dont think an additionalpackage is 
necessary.</quote></p>

<p>Stan did some more research, and said that either OLAP or 
<quote who="Stan Klein">Traditional statistical packages</quote> 
could be used <quote who="Stan Klein">for strategic business 
analysis.</quote> These both required human intervention, at least 
in specifying the analysis to do. Also, <quote who="Stan Klein">There 
are also AI-based approaches under which the analytical tool searches 
for patterns in the data "on its own."</quote> In general, 
<quote who="Stan Klein">I detected a lot of "buzzwordism" in what 
I saw</quote> and <quote who="Stan Klein">when this kind of stuff is 
demo'ed it looks very "gee whiz" especially when stuff like 3D
graphics are included.</quote> There were really two issues - 
<quote who="Stan Klein">whether a free/open-source OLAP package can 
be built using A+</quote>, which it obviously could, given effort. 
<quote who="Stan Klein">The other issue is which of these approaches 
GNUe can support.  I hope the answer is all of the above</quote>, 
including R.</p>

<p>Todd said the most important part of a GNUe-linked OLAP tool 
was user-friendliness for the non-technical user. Quickbooks 
had dominated the small business accounting market, not 
because of any better functionality, but because it was 
perceived as more user-friendly. This was why he preferred 
something that built on existing experience of pivot tables.
Jason agreed that <quote who="Jason Cater">I see great
value in getting GNUe to talk to existing OLAP tools</quote> 
but pointed out that <quote who="Jason Cater">GNUe *will* 
(pretty much does) support simple pivot tables/cross
tabulation in its reports package.  And, this does not/will 
not require any external OLAP packages</quote>.</p>

</section>


<section title="ODBC and native drivers for Unidata" subject="Database Drivers" archive="http://mail.gnu.org/pipermail/gnue/2002-October/003357.html" posts="8" startdate="31 Oct 2002 07:53:03 -0800" enddate="31 Oct 2002 10:44:36 -0800">

<topic>Common</topic>

<p>Jeffrey Walls asked if there was <quote who="Jeffrey Walls">an 
open source Linux driver for Unidata</quote> database. 
Jason Cater asked <quote who="Jason Cater">Is this the Unidata 
that's part of IBM/Informix's UniVerse line?</quote> Jeffrey 
confirmed this. Derek Neighbors suggested 
<quote who="Derek Neighbors">Does Unidata have an ODBC driver 
(unix or windows).  If it does I would just use the ODBC 
driver</quote>. The main problem with ODBC was that there was 
no standard way to do introspection (e.g. find out the tables 
and fields in a database, but <quote who="Derek Neighbors">If 
you are fluent with Unidata or can provide information for it, 
we can likely write custom Unidata ODBC GNUe Common
driver that would enable introspection and the likes.</quote> 
As an IBM database, there would probably be a Linux ODBC driver 
for it. Julien Munoz asked <quote who="Julien Munoz">Does gnue 
use a "Database Adapter" concept like Zope ?</quote> Jason 
said <quote who="Jason Cater">Yes, we do.  As a matter of fact, 
if you notice, there's about a 1:1 relationship between the 
databases that Zope supports and those that GNUe supports. That's 
no coincidence. We both use the same underlying Python API model 
for database access.</quote></p>

</section>


<section title="Halloween e-mails on AppServer functionality" subject="[Gnue-dev] Halloween 1: Terminology" archive="http://mail.gnu.org/pipermail/gnue-dev/2002-November/000304.html" posts="10" startdate="02 Nov 2002 09:17:42 -0800" enddate="03 Nov 2002 16:09:41 -0800">

<topic>Application Server</topic>
<topic>Common</topic>

<p>Reinhard M&#252;ller posted <quote who="Reinhard Müller">a series 
of mails that sum up the results of the GNUe Hackers meeting 
in Frankfurt that took place at Oct 31, 2002</quote>, as 
heavily trailed in 
<kcref title="GNUe Developers meeting in Germany" subject="[IRC] 22 Oct 2002"/> 
and other threads. They had started by discussing terminlogy - 
databases had things like tables and rows, fields, triggers 
and stored procedures. Object-orientated programming 
languages like Python, however, had classes and instances, 
attributes and methods. For business objects in an application 
server, more appropriate terminology was things like 
class, object, property and procedure.</p>

<p>They then discussed 
Application Server's jobs, split into high priority (some of 
which were already mostly or partly done), medium priority and 
lower priority. There were other things that Application 
Server would never do, as these were better done in other 
tools such as the Javascript Forms client, Designer, the 
GNUe Reports server, or GNUe Integrator. The next steps to 
implement were:
<quote who="Reinhard Müller">
<ol>
<li>the strategy how to merge object definitions from different 
modules</li>
<li>finish the process calling system</li>
<li>create a language interface that makes business objects 
look like python objects to process code</li>
<li>provide a way to define business objects</li>
</ol>
</quote>
Pre-requisites for this were to:
<quote who="Reinhard Müller">
<ol>
<li>Redefine the API between Appserver and Forms/Reports, as the 
current API has performance issues</li>
<li>Define the core modules of Appserver, (slightly) update the 
Appserver Diagram and define the APIs between the modules.</li>
</ol>
</quote></p>

<p>He noted <quote who="Reinhard Müller">A major point of 
Appserver is to manage business modules.</quote> A module was 
simply <quote who="Reinhard Müller">a group of class definitions 
that logically belong together</quote>. Class definitions could 
be linked or extended between modules, creating dependencies. 
<quote who="Reinhard Müller">Every identifier (class name, 
property name, procedure name) can be prefixed by the module name 
to fully qualify it.</quote> This would help avoid clashes with 
different modules using the same names. Underscores would be 
used to split module and name, for Python compatability.</p>

<p>He went on to propose the <quote who="Reinhard Müller">new 
API of Appserver against Forms, Reports, and the Language 
Interface</quote>, emphasising <quote who="Reinhard Müller">Someone 
writing business rules will _not_ have to deal with this 
API.</quote> They would <quote who="Reinhard Müller">be passed 
over the choosen RPC interface, which means that the actual 
definition syntax will depend on which interface is used.</quote> 
API commands would include opening and closing sessions, 
committing and rolling back data, requesting, counting and 
fetching lists, loading and storing objects, and calling 
methods.</p>

<p>Finally, he gave an ASCII diagram of 
<quote who="Reinhard Müller">the planned internal architecture 
of Appserver</quote>, including the Object Server, which 
provided the above API. The <quote who="Reinhard Müller">Language 
Interface translates this API into native language (e.g.
Python) constructs. That means that code using the Python 
Language Interface will see business objects as if they were 
Python objects.</quote> There was also a Code Interface 
manager, to allow procedures to be written in different 
languages and select the appropriate interpreter as 
required.</p>

<p>Derek Neighbors said <quote who="Derek Neighbors">What I 
am not seeing here is that really method code should be the 
same as 2 tier trigger code.</quote> Reinhard said this 
had been agreed - however, the trigger code in Common 
might need some changes to handle AppServer as well. 
Jan Ischebeck noted that <quote who="Jan Ischebeck">the code 
in appserver to make methods work and the code in common for 
the trigger system have different design criteria</quote>, 
but he would try to combine them if possible.</p>

<p>Derek agreed that classes needed to be storable in a 
database, but said he would like to be able to store them 
in flat files as well. Reinhard said 
<quote who="Reinhard Müller">It will be possible to export 
the class definitions to flat files and import them from 
flat files respectively. This will be necessary (for
example) for putting our class definitions into CVS. You 
can't commit a database table to CVS :-)</quote>.</p>

<p>For authentication, Derek would like AppServer to use 
the same authentication "plug-in" as Forms - or alternatively, 
moved to Common so that both could use it. The same applied 
to Role Based Access Control (RBAC). Reinhard emphasised that 
the intention was to link AppServer to existing GNUe 
functionality/code wherever possible. Jan said 
<quote who="Jan Ischebeck">The "job" of 
both "plugins" are quite different. The authentification 
plugin in common FETCHES (f.e. from the user) authentification 
information to provide it to databases/middleware etc. for
authentification. The auth. plugin of appserver gets some information
(f.e. information, which was collected by the first plugin used by
forms, reports etc.) and validates it. 
I really like the idea of having common, but I don't think that
everything has to be moved into common at once. I would prefer to first
implement the appserver auth plugin in appserver and wait till any other
application needs stuff like that before moving it into 
common.</quote> Likewise, with RBAC, the 
<quote who="Jan Ischebeck">First priority is to implement it, so 
that appserver can use it. If forms, reports etc. can use it too, 
its a nice side effect. But forms, reports needs a much different 
and more advanced security structure, so IMHO it isn't
worth the effort. It could even make common work slower.
(I don't think that the user of reports would like that)</quote>. 
In general, he wanted to give AppServer room to develop without 
having to port everything to Forms or Reports via Common.</p>

<p>Derek said <quote who="Derek Neighbors">This is the view that I 
feared, that supporting things in the other tools would be an after 
thought instead of a forethought.  Again I think the developers of the 
tools need to discuss some before implementation and they can as a 
collective decide what to implement where.</quote> 
<quote who="Derek Neighbors">My fear is that to use anything in 
GNUe you will need appserver.  Putting things like security and 
triggers in appserver only means that you woudl have to use appserver 
to get at those features.  This is not acceptable according to our 
mission of 'all tools can be used independently or together'.</quote> 
He did not want to force developers to use n-tier rather than 2-tier 
just to access specific functionality. <quote who="Derek Neighbors">I 
think anything that more than one tool needs, should be in 
common</quote>.</p>

<p>However, after further discussion, he was more comfortable. 
<quote who="Derek Neighbors">The mission statement I
thought we might have been violating was "All the tools shall be able to
run independent as well as together."  From the response here, it sounds
like that is not an issue and that it is on the fore fronts of those
doing the appserver work.  Which is very reassurring.</quote></p>

</section>


<section title="Debian packages into sid (unstable) distribution" subject="[Gnue-announce] New Debian packages - now in sid!" archive="http://mail.gnu.org/pipermail/gnue-announce/2002-November/000052.html" posts="1" startdate="06 Nov 2002 23:04:38 -0800" enddate="06 Nov 2002 23:04:38 -0800">

<mention>Jeff Bailey</mention>

<p>Further to 
<kcref title="Debian packages into sid (unstable) distribution" subject="[IRC] 05 Nov 2002"/>, 
Peter Sullivan announced <quote who="Peter Sullivan">Thanks to 
Jeff Bailey, we now have Debian packages in sid (the Debian 
unstable distribution). These packages are based on CVS rather 
than the recent 0.4.0 release, and hence are in effect a 
"0.4.1-alpha".</quote> They should be available
<quote who="Peter Sullivan">from your favourite local 
Debian <a href="https://web.archive.org/web/20071111041934/http://www.debian.org/mirror/list">mirror</a>
</quote>.</p>

</section>


<section title="Adding functions to Trigger namespace" subject="[IRC] 07 Nov 2002" archive="http://www.gnuenterprise.org/irc-logs/gnue-public.log.07Nov2002" startdate="06 Nov 2002 16:00:00 -0800" enddate="06 Nov 2002 16:00:00 -0800">

<topic>Forms</topic>

<mention>ra3vat</mention>

<p>Dmitry Sorokin (ra3vat) noted that the version of GNUe Forms 
maintained by Project 
<a href="https://web.archive.org/web/20071111041934/http://savannah.gnu.org/projects/papo">Papo</a>
<quote who="Dmitry Sorokin">has about twice more functions in 
trigger namespace - is there any purpose to keep ours such 
limited?</quote> James Thompson (jamest) said 
<quote who="James Thompson">i setup the trigger namespace so it 
could be easily extended then I sat back and let others extend 
it - /me is lazy like that. I'm hoping that we can start looking 
at merging the two trees in the very near future - or at least 
setting them up as a branch in our cvs until we can work thru the 
changes</quote>.</p>

</section>


<section title="Other GNUe Forms clients" subject="[IRC] 07 Nov 2002" archive="http://www.gnuenterprise.org/irc-logs/gnue-public.log.07Nov2002" startdate="06 Nov 2002 16:00:00 -0800" enddate="06 Nov 2002 16:00:00 -0800">

<topic>Forms</topic>

<p>Peter Sullivan (psu) said the <quote who="Peter Sullivan">web 
site has been updated to include brief descriptions 
of the non-main Forms clients</quote>. Jason Cater (jcater) 
said <quote who="Jason Cater">the Curses and GTK are slightly 
different than the others - java, emca, php are separate forms 
clients - curses, gtk, and wx are modes of our main, reference 
client</quote>. James Thompson (jamest) noted 
<quote who="James Thompson">the java client is so old i bet it'd 
be a major overhaul to get it to even remotely function</quote>. 
Jason said it was just some code stubs in CVS. Charles Rouzer 
(Mr_You) said that <quote who="Charles Rouzer">Jans javascript 
code</quote>, as discussed in 
<kcref title="Javascript forms client" subject="[IRC] 21 Oct 2002"/>, 
<quote who="Charles Rouzer">could replace JForms</quote>. 
Jason noted that Javascript was not intended to be the 
definitive html mode for GNUe Forms, but encouraged Charles 
and Jan Ischebeck (siesel) to work on the Javascript version as 
an alternative. Charles felt it would be difficult to write 
an effective HTML client without using Javascript.</p>

<p>Derek Neighbors (revDeke) said there were two types of 
GNUe Forms client - ones that were in effect just UI drivers 
plugged into the main python code, and complete re-writes 
such as the phpForms and Javascript Forms client. Each of 
these two types could either official (in GNUe's CVS) or 
unofficial.</p>

<p>Charles noted that people could either use the normal 
Forms client in 2-tier mode, or the Javascript Forms client 
(which would require Application Server) in n-tier mode. 
Derek said the point of GNUe was that people could just 
use the tools they needed - <quote who="Derek Neighbors">you 
could use an HTML client w/ or w/o appserver - w/ or w/o 
reporter - w/ or w/o integrator</quote>. Charles appreciated
this, but asked <quote who="Charles Rouzer">how you would expect 
to get persistent connections using a webserver and HTML 
client?</quote> Derek said that he would expect an HTML client, 
just like the wxPython client, to allow devlopers to use 
either AppServer, or connect directly to the database using 
GNUe Common. Charles said this would still require an extra 
componant to make it "persistant-like," whether that was 
Application Server or a web server. Jason said 
<quote who="Jason Cater">gnue-forms can stand by itself 
and communicate back to a webbrowser - there's no magic to 
that</quote>. It used the normal python libraries to, in 
effect, give itself a built-in web server for HTML 
clients - this <quote who="Jason Cater">formed the basis of 
the initial gnurpc implementation</quote>. This removed 
the need for either GNUe Application Server or a stand-alone 
web server running Forms via cgi.</p>

<p>Charles still felt <quote who="Charles Rouzer">that js 
is required for dynamic screen writes.. you build the layout 
code into JS then add on xmlrpc and 2-tier connectivity</quote>. 
Derek noted that there had been a UI driver for the standard 
Forms client that used webware to support HTML clients, which 
had worked to a degree. He felt that this approach would be 
less work than trying to rewrite the whole Forms client in 
either Javascript or even php. There was no reason why an HTML 
UI driver could not use Javascript for dynamic screen writes 
and so on, although Jason was keen for the HTML client to not 
require Javascript, but use if is if was available. Derek 
said <quote who="Derek Neighbors">the biggest thing that becomes 
an issue is client side triggers - but the data stuff and such 
i see no problems</quote>.</p>

<p>Jason said that a Forms client completely re-written in 
Javascript would probably <quote who="Jason Cater">be a better 
experience for the end-user BECAUSE it is a specific, targeted 
version of forms BUT that doesn't mean we don't want a version 
using our gnue-forms core</quote> as well. He was 
<quote who="Jason Cater">happy you guys are doing a jsforms 
client</quote> as <quote who="Jason Cater">another implementation 
will keep us in check and it will be something very useful</quote> 
but <quote who="Jason Cater">that doesn't negate use having a more 
general purpose one in gnue-forms even if it's not as robust/user 
friendly</quote>. Jan Ischebeck (siesel) concluded
<quote who="Jan Ischebeck">1. choices are good - 2. there has to 
be ONE standart implementation (more than one will allways become 
unmaintainted) - 3. jsforms should be so modular that 
you can easily implement</quote> different set-ups.</p>

<p>Looking at the web site, James Thompson (jamest) wondered if it 
would <quote who="James Thompson">be cleaner to have 1 page on the 
reference client with #section tags for the various drivers - 
as I know that I want to see a native win32 driver and a qt driver -
and I'm sure we need an emacs driver too :)</quote> Peter said 
<quote who="Peter Sullivan">The main justification for separate pages 
is that each mode of the ref client may have diff statuses - 
and it's confusing to have too many "Status" lines on one page</quote>. 
Jason said he <quote who="Jason Cater">would still rather see</quote>
information about other Forms clients in a subdirectory - 
<quote who="Jason Cater">as I think /tools/curses is ambiguous 
considering we have a curses navigator too</quote>. James added 
<quote who="James Thompson">reports almost has a curses and wx mode i 
think</quote>. Peter said he would <quote who="Peter Sullivan">fix 
that in the pending site overhaul for when we get it into 
CVS</quote>.</p>

</section>


<section title="CSV driver for GNUe" subject="[IRC] 07 Nov 2002" archive="http://www.gnuenterprise.org/irc-logs/gnue-public.log.07Nov2002" startdate="06 Nov 2002 16:00:00 -0800" enddate="06 Nov 2002 16:00:00 -0800">

<topic>Common</topic>
<topic>Integrator</topic>

<p>Further to 
<kcref title="Adding a CSV 'database' driver for Integrator" subject="[IRC] 06 Nov 2002"/>, 
Derek Neighbors (revDeke) said <quote who="Derek Neighbors">i think 
good things were discussed, but im curious about making db driver 
more complex than need be</quote> - <quote who="Derek Neighbors">as 
generally there are two types of things - csv files in which you wnat 
to read and write and csv files which are used to 'move' data</quote>. 
He agreed with Jason Cater (jcater) <quote who="Derek Neighbors">in the 
dont assume 1 line - some wierd files dont start data until two or 
three lines in</quote> He was not sure about random access read-write, 
however - <quote who="Derek Neighbors">i.e. is it only valid for 
import/export</quote>. Jason said <quote who="Jason Cater">well, 
I wouldn't expect to run GNUe Forms off of it - I suppose one 
"could"</quote>. Derek was not keen on defining CSV formats in the 
connections.conf file - he thought that sort of thing belonged in 
the .gmd (GNUe Mapping Definition) in Integrator. Jan agreed - 
if nothing else, the filenames would be changing even if the 
structure was not. Jason agreed - <quote who="Jason Cater">I'm 
really thinking, wherever you define it, this really boils down to 
a &lt;datasource&gt; issue</quote> - he felt both ways could be 
useful. </p>

<p>Reflecting back to 
<kcref title="Integrator and schema import wizard" archive="http://mail.gnu.org/pipermail/gnue/2002-August/003166.html"/>, 
Derek said that <quote who="Derek Neighbors">integrator 
is just a different front end to reports</quote>. Jason said that 
it was a tool to provide a mapping layer between datasources 
<quote who="Jason Cater">to do complex stuff (with triggers if need 
be)</quote>. <quote who="Jason Cater">in my mind.. it's reports with 
a SINGLE destination... another datasource :)</quote> Derek felt 
<quote who="Derek Neighbors">that the CSV driver to me is a HUGE 
first step for integrator - ie. i have needs for integrator but 
mostly with CSV - as soon as we have CSV driver i can start to 
torture test integrator with sample usages :)</quote>.</p>

</section>


<section title="GNUe's Event system" subject="[IRC] 07 Nov 2002" archive="http://www.gnuenterprise.org/irc-logs/gnue-public.log.07Nov2002" startdate="06 Nov 2002 16:00:00 -0800" enddate="06 Nov 2002 16:00:00 -0800">

<topic>Common</topic>
<topic>Forms</topic>

<mention>ra3vat</mention>
<mention>Dmitry Sorokin</mention>

<p>Dmitry Sorokin (ra3vat) reported some error messages for 
Unknown Events. James Thompson (jamest) explained 
<quote who="James Thompson">events are now defined per object 
instead of globaly - so if you've events on objects we've 
missed then they won't fire</quote>. He gave an overview of 
the event system. <quote who="James Thompson">any object can 
register to listen to any other object (basically) - however 
that object may only understand what to do with a few of those 
events. Example: so if you and i both did something crazy like 
register to listen to derek - and derek says "jump off a bridge"
I may know how to jump off a bridge so I go do it - you on the 
other hand don't know how (or are too smart to listen to him) 
and instead say "Unknown Event: jump off bridge"</quote>.</p>

</section>


<section title="Zope as an Application Server" subject="[IRC] 08 Nov 2002" archive="http://www.gnuenterprise.org/irc-logs/gnue-public.log.08Nov2002" startdate="07 Nov 2002 16:00:00 -0800" enddate="07 Nov 2002 16:00:00 -0800">

<topic>Application Server</topic>

<p>Bill Gribble (grib) asked how GNUe Application Server 
related to Zope. <quote who="Bill Gribble">it has many of 
the properties of an application server and gives you a lot 
of freebies. and it's already python. For example, the ZPT 
mechanism and TAL/METAL could be used to process a 
report definition (in XML) into a filled-out report (in XML)
- essentially for free. Since it already talks XML-RPC every 
which way it seems like it could interoperate with some of 
the existing gnue stuff, no?</quote> He did not 
<quote who="Bill Gribble">have enough experience with the 
state of the art in gnue to really know how the pieces fit 
together</quote> so he was not sure if this was sensible 
or not.</p>

</section>


<section title="Feature plans for GNUe" subject="[IRC] 08 Nov 2002" archive="http://www.gnuenterprise.org/irc-logs/gnue-public.log.08Nov2002" startdate="07 Nov 2002 16:00:00 -0800" enddate="07 Nov 2002 16:00:00 -0800">

<topic>Forms</topic>
<topic>Reports</topic>
<topic>Common</topic>

<p>Further to 
<kcref title="GNUe Project organisation - version numbers, roadmaps, testing and branches" subject="[IRC] 05 Nov 2002"/>, 
James Thompson (jamest) said <quote who="James Thompson">i know 
people have said that the roadmap exists only in a few heads of 
the developers - in an effort to do something about that I 
present</quote> a feature-plans document for 
<a href="https://web.archive.org/web/20071111041934/http://www.gnuenterprise.org/feature-plans/forms.html">Forms</a> 
and 
<a href="https://web.archive.org/web/20071111041934/http://ash.gnuenterprise.org/feature-plans/reports.html">Reports</a>. 
The format was based on the feature plans for KDE - 
<quote who="James Thompson">while it's not as strick as a roadmap 
it does attempt to give people an idea where things are going - 
how we think it'd work - as the 0.5.x releases progress things get 
moved from the red area, to the yellow, then to the green. 0.6.0 
will not appear until either everything in 0.5.0 section is in the 
green OR something causes us to move items holding us back into a 
later release section</quote> Jason Cater liked 
<quote who="Jason Cater">KDE's release plans better than the 
traditional roadmap you see w/projects as it is more fluid - 
and, I think it fits our model of development better</quote>. 
James asked <quote who="James Thompson">so should jason and I  
continue to work on these or are we waisting our time?</quote></p>

<p>Jan Ischebeck (siesel) asked <quote who="Jan Ischebeck">how 
are/will be the feature plans updated?  CVS? ...?</quote> 
James said <quote who="James Thompson">right now it's horrible - 
vi and raw html. I'm pretty sure I'd like to see someone make 
some databases and gfd files we can run on</quote> the web 
server - <quote who="James Thompson">then force our webmaster 
to write some php to create the pages in realtime</quote>. 
There were "placeholder" pages for the other GNUe Tools as well, 
but <quote who="James Thompson">the only ones that have been 
worked on are common, forms, reports - and then only a 
little</quote>.</p>

<p>Derek Neighbors (revDeke) appreciated James and Jason's 
efforts, and said <quote who="Derek Neighbors">im fine with 
calling it a featureplan as thats what i pretty much am 
defining by saying roadmap - i.e. a list of what features are 
targeted for what release. I woudl call it release schedule
but that sounds like it has a 'time' connotation and we all 
dont want that.</quote> The format was also helpful in terms 
of defining what he needed to add to DCL, GNUe's own
bug/task-tracking system, so that these could 
eventually be generated automatically - 
<quote who="Derek Neighbors">already i plan to add 'versions' 
properly into DCL</quote>. Jason said he had considered 
doing the feature plans in DCL, <quote who="Jason Cater">but 
I'm a little concerned about the flexibility</quote>. Derek 
agreed - <quote who="Derek Neighbors">for now i would suspect 
that DCL be done to track the work (bugs) not so much plan 
it</quote>. For the moment, <quote who="Derek Neighbors">im 
sooo happy to see loose feature lists - i dont want to get 
out of control</quote>. He would add 
<quote who="Derek Neighbors">All outstanding critical bugs 
in dcl, if any</quote> to the lists.</p>

</section>


<section title="Data browser and Dynamic Forms" subject="[IRC] 08 Nov 2002" archive="http://www.gnuenterprise.org/irc-logs/gnue-public.log.08Nov2002" startdate="07 Nov 2002 16:00:00 -0800" enddate="07 Nov 2002 16:00:00 -0800">

<topic>Forms</topic>
<topic>Designer</topic>
<topic>Application Server</topic>
<topic>Common</topic>

<mention>Reinhard M&#252;ller</mention>

<p>Jan Ischebeck (siesel) said he and Reinhard M&#252;ller 
(reinhard) had <quote who="Jan Ischebeck">talked about 
autocreated forms out of database metadata.</quote>. Jason Cater 
(jcater) said <quote who="Jason Cater">you could almost take the 
Designer wizard examples and use them as is to do that (well, and 
make them non-interactive)</quote>. He was not sure whether this 
belonged in Forms or AppServer. James said 
<quote who="James Thompson">i think they want a data browser - 
point forms at a database and it opens a tree - click on a table 
and it opens a grid</quote>. This would enable him to stop using 
pgaccess, which he was not keen on. Neither Derek Neighbors 
(revDeke) nor Jason were really sure this functionality belonged 
in Forms, and Jason pointed out that you could pretty much do 
this from Designer anyway, by running the Simple Form Wizard and 
then using the Debug-Run menu option.</p>

<p>Derek thought <quote who="Derek Neighbors">maybe what people 
are wanting is dynamic forms - i know thats what the</quote> 
Application Server developers wanted. He personally would 
probably use static (flat file XML) form defintions mostly, 
but he could see the need for something more. James suggested 
<quote who="James Thompson">wouldnt this data browser be fairly 
simple standalone app</quote> using GNUe Common and wx, rather 
than part of either Forms or Designer. Derek said 
<quote who="Derek Neighbors">im thinking maybe its a 'plugin' 
to designer - that could be called indpendently. I see many of 
things in designer being like that - where you can access them 
from within designer or launch on their own</quote>.</p>

<p>Jan said <quote who="Jan Ischebeck">reinhards idea was NOT 
to have a data browser, but to use dynamic forms for 80% of all 
cases.</quote> Jason asked <quote who="Jason Cater">wouldn't 
that be something appserver serves up?</quote> Reinhard 
said that Forms would be better at doing dynamic forms, as it 
would be aware of what font sizes and screen size it was 
working to. Jason said <quote who="Jason Cater">actually, no 
forms definitions ever mention point sizes or anything like 
that</quote> - that was up to the UI (user interface) driver.</p>

<p>Derek said this might be as simple as just tweaking the 
current Simple Form Wizard in Designer to produce its GNUe Forms 
Definition (.gfd) as an XML stream instead of a file, and passing 
this to Forms - <quote who="Derek Neighbors">i think thats a plus 
of dealing with xml in this case is forms shoudnt care if the 
definition is coming from a file or directly from a stream</quote>.
Jason pointed out that <quote who="Jason Cater">it doesn't fit 
in with any model of forms client we have... the client is always 
given a definition</quote>. Derek said that, in practice, he 
would probably expect some other tool (possibly GNUe Common) to 
<quote who="Derek Neighbors">prebuild streams and hand it to 
forms</quote>. By putting the dynamic form generator in Common, 
any GNUe tool could use it - <quote who="Derek Neighbors">you 
coudl have a form that called a trigger to make a dynamic 
form - rofl that would be funny</quote>.</p>

</section>


<section title="DCL release plans" subject="[IRC] 09 Nov 2002" archive="http://www.gnuenterprise.org/irc-logs/gnue-public.log.09Nov2002" startdate="08 Nov 2002 16:00:00 -0800" enddate="08 Nov 2002 16:00:00 -0800">

<topic>DCL</topic>

<p>Jeff Bailey (jbailey) asked if much had been added to DCL since 
the last release. Derek Neighbors (derek) said 
<quote who="Derek Neighbors">dcl has LOTS of new goodies - i 
just havent tested them all. I hope mdean is around as it might 
be this weekend - i had my side pretty much done - he was fixing 
new nested product stuff</quote>. Jeff asked 
<quote who="Jeff Bailey">What's your integration plan with DCL 
and the rest of GNUe?</quote> Derek said 
<quote who="Derek Neighbors">for right now, my goals are to get 
it doing some stuff to help with managing consulting operations 
and gnue - then start migrating it to gnue - it already uses GNUe 
Schema Definitions</quote>. Also, <quote who="Derek Neighbors">my 
production implementation uses GNUe Reports - i will likely author 
some reports for it with GNUe Reports and put themin the DCL 
distro. There are several gfd's for it</quote>. Jeff said he 
would do a revised version of the Debian packages for DCL or 
any of the GNUe Tools whenever he was told there were enough 
new features to make it worthwhile.</p>

</section>


<section title="Master-detail blocks in Forms" subject="[IRC] 09 Nov 2002" archive="http://www.gnuenterprise.org/irc-logs/gnue-public.log.09Nov2002" startdate="08 Nov 2002 16:00:00 -0800" enddate="08 Nov 2002 16:00:00 -0800">

<topic>Forms</topic>

<p>Dmitry Sorokin (ra3vart) asked <quote who="Dmitry Sorokin">what 
is master and detail when we talk about blocks in form?</quote> 
Derek Neighbors (derek) said <quote who="Derek Neighbors">master/detail 
is parent/child</quote>, giving the classic example of invoices and 
invoice item lines. Dmitry asked <quote who="Dmitry Sorokin">shouls 
i put child block inside parent? &lt;block name="parent"&gt;
&lt;block name="child"&gt;&lt;/block&gt;&lt;/block&gt;</quote>
Derek said he normally put the blocks after each other. 
Jason Cater (jcater) confirmed <quote who="Jason Cater">blocks aren't 
meant to be nested - I really don't know what would happen - but I 
wouldn't recommend trying :)</quote> Dmitry asked 
<quote who="Dmitry Sorokin">how blocks will know they related? by 
datasources assigned to them?</quote> Derek said you used the 
masterlink="" and detaillink="" attributes on the datasource tag to 
define the linked (master and detail) fields. He thought 
<quote who="Derek Neighbors">you can define parent child stuff in 
the blocks as well, but i havent done it that way</quote>. Jason 
said that was depreciated <quote who="Jason Cater">since 0.0.x 
series</quote>.</p>

<p>Dmitry said he had been trying to do master-detail using triggers. 
Jason said <quote who="Jason Cater">you don't really have to use many 
triggers to get functionality out of forms - triggers will usually be 
for special validation - or such similar polish</quote>. Derek 
agreed - <quote who="Derek Neighbors">forms internals does most DATA 
work</quote>.</p>

</section>


<section title="wx Mouse Paste in Forms not working" subject="[IRC] 09 Nov 2002" archive="http://www.gnuenterprise.org/irc-logs/gnue-public.log.09Nov2002" startdate="08 Nov 2002 16:00:00 -0800" enddate="08 Nov 2002 16:00:00 -0800">

<topic>Forms</topic>

<mention>ra3vat</mention>

<p>Dmitry Sorokin (ra3vat) reported a problem with GNUe Forms - 
<quote who="Dmitry Sorokin">if i paste something in entry by 
mouse it is only looks like it is pasted but i was unable to 
edit even commit that info</quote>. Jason Cater (jcater) 
said this was a <quote who="Jason Cater">known bug - 
for some reason, when you use the mouse to paste wx never 
generates an event - so we never know it happened :( - 
we're still chasing that one down</quote>.</p>

</section>


<section title="GTK2 driver for Forms on Microsoft Windows" subject="[IRC] 11 Nov 2002" archive="http://www.gnuenterprise.org/irc-logs/gnue-public.log.11Nov2002" startdate="10 Nov 2002 16:00:00 -0800" enddate="10 Nov 2002 16:00:00 -0800">

<topic>Forms</topic>

<p>It was asked whether GTK2/libglade was stable on Microsoft 
Windows yet. Bajusz Tam&#0225;s (btami) said it worked quite well - 
using the GTK2 driver for GNUe Forms on Windows worked better 
than the wx driver - it <quote who="Bajusz Tamás">isn't full 
featured IIRC - but hasn't got that ugly bugs like "focus 
nightmare" and "tabbed pages" problems</quote>. James Thompson 
(jamest) asked <quote who="James Thompson">how hard is it to 
get the gtk2 driver running on any platform? i thought it 
required custom patches to gtk or something - so avoided it 
for now</quote>. Bajusz said that, on Windows XP, he just had 
to <quote who="Bajusz Tamás">downloaded the necessary stuff 
from sourceforge - and it worked</quote> - no need for cygwin.</p>

</section>


<section title="Forms for very large tables - block/page limitation" subject="[IRC] 11 Nov 2002" archive="http://www.gnuenterprise.org/irc-logs/gnue-public.log.11Nov2002" startdate="10 Nov 2002 16:00:00 -0800" enddate="10 Nov 2002 16:00:00 -0800">

<topic>Forms</topic>

<p>Bajusz Tam&#0225;s (btami) reported <quote who="Bajusz Tamás">a 
problem with pages and blocks - i have 1 table with many fields, and 
want use tabbed pages, but with only one datasource and one 
block</quote>. James Thompson (jamest) said that the code assumed 
a block would not spread across multiple pages. This limitation
had been inspired by similar functionality in equivalent 
proprietrary products - <quote who="James Thompson">have fields 
display across pages is in the forms TODO - the blocks nested 
inside pages have been around since the start - I'm not saying 
were tied to that idea only that is was the 1st implementation 
and we've never adjusted it :)</quote> This would probably 
not change until they provided a way to repeat fields across 
different pages - <quote who="James Thompson">What we want to 
provide is a way to say this field belongs on all pages, or on 
pages 1, 3 and 5, or on page 1 - however I wouldn't expect this 
feature until after 0.5.x series is complete</quote>. Bajusz 
said his problem was more immediate - 
<quote who="Bajusz Tamás">what to do if i have 1 table 
with 100 fields and want tu use 1 form</quote>. James admitted 
<quote who="James Thompson">right now you're going to suffer 
:)</quote> - he <quote who="James Thompson">never thought about 
that size table when I did the page inside block thing</quote>. 
For <quote who="James Thompson">a very nasty workaround</quote> 
he suggested <quote who="James Thompson">make a 
master/detail/detail/detail setup - all using the same 
table</quote>. However, <quote who="James Thompson">It 
would be ugly to setup, editing would be a major pita.
Is this page limitation going to be a showstopper for 
you?</quote></p>

</section>


<section title="Latest psycopg driver version breaks Designer wizards" subject="[IRC] 11 Nov 2002" archive="http://www.gnuenterprise.org/irc-logs/gnue-public.log.11Nov2002" startdate="10 Nov 2002 16:00:00 -0800" enddate="10 Nov 2002 16:00:00 -0800">

<topic>Designer</topic>
<topic>Common</topic>

<p>Jeff Bailey (jbailey) tried to run the Simple Form Wizard 
from inside Designer against a PostgreSQL database. 
Jason Cater (jcater) warned <quote who="Jason Cater">check your 
psycopg version</quote> - versions 1.0.13 of this python-to-PostgreSQL 
driver was known to have issues, as <quote who="Jason Cater">either 
they changed the API or have a serious bug</quote>. Jeff tried 
anyway, and asked <quote who="Jeff Bailey">Is there a good way 
to make the input boxes more than 0 pixels wide?</quote> - the 
wizard was setting them with a default width of minus 5. 
James Thompson (jamest) said <quote who="James Thompson">the 
default size is based upon the size reported by the 
database</quote>, which suggested a serious problem with the 
pyscopg database driver. He suggested either using an older 
version of psycopg, or the popy or pgsql drivers instead.</p>

</section>


<section title="Sloppy queries in Forms" subject="[IRC] 12 Nov 2002" archive="http://www.gnuenterprise.org/irc-logs/gnue-public.log.12Nov2002" startdate="11 Nov 2002 16:00:00 -0800" enddate="11 Nov 2002 16:00:00 -0800">

<topic>Forms</topic>

<mention>ra3vat</mention>

<p>It was asked how to search for part of a field. Derek Neighbors 
(dneighbo) said <quote who="Derek Neighbors">if you have field name
do f8 in the name entry - do ra%  - hit f9 it should return all 
results starting with ra</quote>. Also, 
<quote who="Derek Neighbors">there is something called 
'sloppyquery'</quote> - <quote who="Derek Neighbors">if you put 
sloppyquery=""</quote> into an entry definition, then 
<quote who="Derek Neighbors">everytime you execute a query it 
will</quote> put a SQL wildcard character (%) between each 
character - this <quote who="Derek Neighbors">fires 
onProcessQuery</quote>. Dmitry Sorokin (ra3vat) confirmed that 
the code for this was currently commented out - using the 
sloppyquery="" attribute did not crash Forms, 
<quote who="Dmitry Sorokin">but search fails</quote>.</p>

</section>


<section title="setup-cvs.py for Microsoft Windows" subject="[IRC] 12 Nov 2002" archive="http://www.gnuenterprise.org/irc-logs/gnue-public.log.12Nov2002" startdate="11 Nov 2002 16:00:00 -0800" enddate="11 Nov 2002 16:00:00 -0800">

<mention>Arturas Kriukovas</mention>

<p>Further to 
<kcref subject="[Gnue-dev] kind of Setup-cvs.py for windows" archive="http://mail.gnu.org/pipermail/gnue-dev/2002-August/000250.html"/>,
Arturas Kriukovas (Arturas) said he had an almost-working revised 
version of setup-cvs.py (in CVS as setup-cvs2.py) which should 
work on both Microsoft Windows and GNU/Linux. This still needed 
some more work, however.</p>

</section>


<section title="Object repository in Application Server" subject="[IRC] 12 Nov 2002" archive="http://www.gnuenterprise.org/irc-logs/gnue-public.log.12Nov2002" startdate="11 Nov 2002 16:00:00 -0800" enddate="11 Nov 2002 16:00:00 -0800">

<topic>Application Server</topic>

<mention>Ariel Cal&#0242;</mention>

<p>Reinhard M&#252;ller (reinhard) thanked Ariel Cal&#0242; (ariel_) for 
his draft <quote who="Reinhard Müller">object repository document 
you sent me</quote>. He was <quote who="Reinhard Müller">not sure 
if we want to include inheritance at all - and if we want to 
include versioning and compounds in the very first version</quote>. 
He felt that some of Ariel's tabular explanations were clearer 
than the XML versions. He asked Ariel to send him a graphical 
version of the AppServer architecture diagram, so that he could 
include it in the AppServer whitepaper.</p>

</section>


<section title="Freedom issues with OpenMFG" subject="[IRC] 12 Nov 2002" archive="http://www.gnuenterprise.org/irc-logs/gnue-public.log.12Nov2002" startdate="11 Nov 2002 16:00:00 -0800" enddate="11 Nov 2002 16:00:00 -0800">

<topic>Why GNUe?</topic>

<mention>Richard Stallman</mention>

<p>Derek Neighbors (revDeke) noted <quote who="Derek Neighbors">on 
<a href="https://web.archive.org/web/20071111041934/http://newsforge.com/newsforge/02/11/11/1848223.shtml">newsforge</a> 
they are running an article on openMFG - which doesn appear free, 
open or even available - and that well kind of got my goad. It 
was an interview - i took the liberty of responding to the same 
questions from a gnue standpoint</quote>. Jason Cater (jcater) 
felt <quote who="Jason Cater">I just don't see where they get off 
associating themselves with open source/free software - they are 
just trying to be the peachtree of the manufacturing world</quote>. 
He noted that there were <quote who="Jason Cater">several references 
to GNUe in the comments</quote> as of time of writing. 
Peter Sullivan (psu) felt that openMFG's 
<quote who="Peter Sullivan">(ab)use the open source label like this 
is almost a positive - shows that</quote> Richard Stallman (RMS)
<quote who="Peter Sullivan">was right to insist on 
"<a href="https://web.archive.org/web/20071111041934/http://www.gnu.org/philosophy/free-sw.html">free s/w</a>" 
rather than "open source" as a label - as it's harder for people to 
twist that</quote>. Nick Rusnov (nickr) was not so sure - 
<quote who="Nick Rusnov">its easy to twist free software</quote> 
as a label as well.</p>

</section>


<section title="Curses (text-only) Forms client" subject="[IRC] 12 Nov 2002" archive="http://www.gnuenterprise.org/irc-logs/gnue-public.log.12Nov2002" startdate="11 Nov 2002 16:00:00 -0800" enddate="11 Nov 2002 16:00:00 -0800">

<topic>Forms</topic>

<p>It was asked how to run GNUe Forms in curses (text-only) mode. 
James Thompson (jamest) said <quote who="James Thompson">gnue-forms 
--interface curses form.gfd</quote> should work - 
<quote who="James Thompson">do we need to install nstti from our cvs 
seperately?</quote> Jason Cater (jcater) said not, but he was 
<quote who="Jason Cater">not 100% sure setup.py has been updated to 
install curses for common</quote>. In any case, curses support was 
only in CVS as of time of writing, not the last 0.4.0 official 
releases - <quote who="Jason Cater">a preview will be in the 0.4.1 
that we hope to release this week</quote> and <quote who="Jason Cater">it 
should be fully supported by 0.5.0</quote>.</p>

</section>


<section title="Planning for next release" subject="[IRC] 12 Nov 2002" archive="http://www.gnuenterprise.org/irc-logs/gnue-public.log.12Nov2002" startdate="11 Nov 2002 16:00:00 -0800" enddate="12 Nov 2002 16:00:00 -0800">

<mention>James Thompson</mention>

<p>Jason Cater (jcater) announced <quote who="Jason Cater">After 
the next point release, we are moving away from</quote> reporting
version numbers for CVS versions of the software in the format 
0.4.1a, and would do them as 0.4.0.99 instead, to avoid 
breaking upgrades on Debian and other packaging systems. 
In the meantime, he had the <quote who="Jason Cater">first set 
of prereleases for 0.4.1</quote> on the 
<a href="https://web.archive.org/web/20071111041934/http://www.gnuenterprise.org/downloads/prereleases.php">web 
site</a>. Derek Neighbors (revDeke) asked if Debian packages could 
be done for these, but Jason felt they were 
<quote who="Jason Cater">not ready for debs yet</quote>.
Derek said he wanted to <quote who="Derek Neighbors">pay 
more attention to the release</quote>, as he would be looking  
to take responsibility to port any major bug-fixes back to the 
0.4.x series (as a "stable" branch) once Jason and James Thompson 
(jamest) had moved on to 0.5.0.</p>


<p><a href="https://web.archive.org/web/20071111041934/http://www.gnuenterprise.org/irc-logs/gnue-public.log.13Nov2002">
The next day</a>, Jason announced <quote who="Jason Cater">New 
prereleases (-pre2)</quote>, listing the chages since -pre1. 
He was now in feature freeze mode (unless bribed with donuts), 
as <quote who="Jason Cater">We are prepping up for a weekend 
release.</quote>.</p>

</section>


<section title="Sample database for all GNUe Tools" subject="[IRC] 12 Nov 2002" archive="http://www.gnuenterprise.org/irc-logs/gnue-public.log.12Nov2002" startdate="11 Nov 2002 16:00:00 -0800" enddate="11 Nov 2002 16:00:00 -0800">

<topic>Common</topic>

<p>Jan Ischebeck (siesel) asked where to put test forms. 
Derek Neighbors (revDeke) felt these belonged in CVS, in the 
samples directory. Jan thought 
<quote who="Jan Ischebeck">that every feature needs an 
implementation by an form/report etc. which can be used for testing 
as for learning</quote>. Jason Cater (jcater) said 
<quote who="Jason Cater">I want to rm -rf samples and start all 
over. I want one interesting 
schema with sample data and all - and all forms / reports / etc
use this schema/ theme - and I want to use the same schema/theme 
in the developers guides - much like Access' Northwind (or 
whatever) test database - and I don't find zipcodes interesting 
:)</quote> Derek said this <quote who="Derek Neighbors">sounds 
like gnue-sb :)</quote> (GNUe Small Business edition). 
Jason said <quote who="Jason Cater">maybe a simple version of 
that only 2-3 tables - anywho - that's not going to happen this 
release - but I would like to see it in 0.5.0</quote>.</p>

<p>Derek said he had a demo database 
<quote who="Derek Neighbors">that i use for demos - its a video 
catalog database</quote>. Jason liked that - 
<quote who="Jason Cater">most people can relate to it</quote>. 
Derek said it had a very simple schema - 
<quote who="Derek Neighbors">one main table and a few foreign 
key tables for type = vhs, dvd etc and rating = R, PG, 
PG-13</quote>. Alternatively, <quote who="Derek Neighbors">ideal 
for me would be a music database - CDs parent - Songs Child - 
lots of lookup tables for year put out, label etc</quote>. 
This would also demonstrate <quote who="Derek Neighbors">some 
cool triggers as i want to tie it into CDDB :)</quote>. Jan 
wondered if <quote who="Jan Ischebeck">a sample application for 
gnue should have connections with business</quote>. Jason was
<quote who="Jason Cater">not sure I agree because a sample with 
a pure business theme will tend to try to outgrow itself and try 
to become an actual app</quote>. Derek said he would come up 
with a schema in .gsd (GNUe Schema Definition) format over the 
next few weeks.</p>

</section>


<section title="GNUe Schema Definition (.gsd) file formats" subject="[IRC] 12 Nov 2002" archive="http://www.gnuenterprise.org/irc-logs/gnue-public.log.12Nov2002" startdate="11 Nov 2002 16:00:00 -0800" enddate="11 Nov 2002 16:00:00 -0800">

<topic>Common</topic>

<p>Jason Cater (jcater) noted <quote who="Jason Cater">postgres 
uses a funky definition for precision</quote> which the XSLT 
files to transform a general .gsd (GNUe Schema Definition) 
into PostgreSQL-specific SQL could not handle as of time of 
writing - <quote who="Jason Cater">we are working on the schema 
system - trying to get it back together - it has been totally 
trashed</quote>. Jan Ischebeck (siesel) asked why there were 
so few data types in .gsd - no distinction between integer 
and float numbers, and <quote who="Jan Ischebeck">varchar and 
char the same?</quote> Jason said <quote who="Jason Cater">that 
was not the direction we were wanting to take gsd</quote>. Jan 
felt that <quote who="Jan Ischebeck">its quite different if you 
use varchar or char, as it is between float and 
number</quote>.</p>

</section>


<section title="Demo GNUe Application at Oracle World" subject="[IRC] 13 Nov 2002" archive="http://www.gnuenterprise.org/irc-logs/gnue-public.log.13Nov2002" startdate="12 Nov 2002 16:00:00 -0800" enddate="12 Nov 2002 16:00:00 -0800">

<p>Further to 
<kcref subject="[Gnue-dev] Configuration of GNUe + Oracle 9i" archive="http://mail.gnu.org/pipermail/gnue-dev/2002-October/000289.html"/>, 
Pradhep D. (Varadhan) announced that 
<a href="https://web.archive.org/web/20071111041934/http://www.californiadigital.com/">California 
Digital</a> had <quote who="Pradhep D.">setup a stall in 
ORACLE World, with gnue+roacle9i on a IA64 debian 
machine...</quote> This was <quote who="Pradhep D.">a 
sample banking application is written using gnue+oracle 9i and 
has been setup there for the show...</quote> It 
<quote who="Pradhep D.">allows creation of an account, 
modification of account info, closing of accounts, depositting 
into an account, withdrawal from accounts, querying of account 
balance etc..</quote> They would be interested in meeting any 
members of the GNUe community who could attend.</p>

</section>


<section title="i18n issues with Reports" subject="[IRC] 13 Nov 2002" archive="http://www.gnuenterprise.org/irc-logs/gnue-public.log.13Nov2002" startdate="12 Nov 2002 16:00:00 -0800" enddate="12 Nov 2002 16:00:00 -0800">

<topic>Reports</topic>

<mention>Arturas Kriukovas</mention>
<mention>ra3vat</mention>

<p>Dmitry Sorokin (ra3vat) was having problems using GNUe 
Reports with i18n (internationalisation) Bajusz Tam&#0225;s (btami) 
said <quote who="Bajusz Tamás">it seems something puts 
charset=UTF-8 into html header</quote>. Jason Cater (jcater) 
volunteered <quote who="Jason Cater">if someone can whip me 
up a simple report that fails with i18n, I can debug</quote>. 
Bajusz said it seemed to <quote who="Bajusz Tamás">be any 
report that pulls db data not in ascii, i suppose - you use 
dest.write ('&lt;?xml version="1.0" encoding="ISO-8859-1"?&gt;\n') 
in GRReport.py</quote>. Jason thought 
<quote who="Jason Cater">there's more to it than just changing 
that header, though - I think I have to open a codec - which I 
learned to do this past weekend by accident</quote>. Bajusz 
said <quote who="Bajusz Tamás">you don't have to deal with 
codecs, if sitecustomize.py</quote> was set up to set all 
locales. Dmitry Sorokin (ra3vat) believed that Arturas Kriukovas
(Arturas) had got it working without having to do this, but 
he was not sure of the details. Later, he found Arturas' commit 
message - <quote who="Dmitry Sorokin">Corrected problem of i18n 
characters in .gfd file - in case of not only ascii characters, 
sax returned unicode string, which caused further errors in 
python. Earlier this was solved by changing system-wide site.py 
file option defaultencoding from 'ascii' to other value. Now
encoding is read from gnue.conf file option formFontEncoding and 
is used to enforce sax returned unicode string recode to given 
encoding.</quote> Bajusz said that this 
<quote who="Bajusz Tamás">solves the gfd's problem, but what 
about data (from DBMS) ?</quote> Dmitry said that his 
<quote who="Dmitry Sorokin">problem was that xml processing 
enforces internal representation in unicode - it is not with db 
data - you know db encoding and can convert to other encoding if 
you wish</quote>. Bajusz said he was 
<quote who="Bajusz Tamás">thinking about reports - it makes an 
intermadiate xml file with dest.write() calls - and then a 
sablotron process comes. I don't know/when how UTF-8 comes</quote> 
into the process. Dmitry said that <quote who="Dmitry Sorokin">UTF 
comes as far as you use xml processing libs (parsers)</quote>.</p>

</section>


<section title="Producing labels from Reports" subject="[IRC] 13 Nov 2002" archive="http://www.gnuenterprise.org/irc-logs/gnue-public.log.13Nov2002" startdate="12 Nov 2002 16:00:00 -0800" enddate="12 Nov 2002 16:00:00 -0800">

<topic>Reports</topic>

<mention>Bajusz Tam&#0225;s</mention>

<p>Bajusz Tam&#0225;s (btami) asked whether support for labels 
would be included in the next release of Reports. 
Jason Cater (jcater) said he had just completed this, 
and pointed to a 
<a href="https://web.archive.org/web/20071111041934/http://www.gnuenterprise.org/~jcater/labels.pdf">screenshot</a> - 
<quote who="Jason Cater">that was created from a dozen-line report file
and by telling reports "Avery 5961" (that is the brand/part # of the 
labels I use)</quote> - <quote who="Jason Cater">I still have some 
small polishing to do</quote>.</p>

<p>Later, Jason reported <quote who="Jason Cater"><code>gnue-reports 
-f postscript -F 'label="Avery 6879"' mylabels.grd</code> - that, boys 
and girls, now works. I tested with 3-4 different label part numbers
that I have in house</quote>. He explained the -F option was the short 
form of <quote who="Jason Cater">--filter-options == options to pass  
to the filter process</quote>. Derek Neighbors (revDeke) asked 
<quote who="Derek Neighbors">how are you making the postscript?
ie.. what libraries or such in python are you using?</quote> Jason 
said <quote who="Jason Cater">none</quote> - he had done this all 
himself in python. There was general appreciation of both the 
coolness of python, and Jason's coding skills.</p>

</section>


<section title="Using other projects' code in GNUe" subject="[IRC] 13 Nov 2002" archive="http://www.gnuenterprise.org/irc-logs/gnue-public.log.13Nov2002" startdate="12 Nov 2002 16:00:00 -0800" enddate="12 Nov 2002 16:00:00 -0800">

<topic>Why GNUe?</topic>
<topic>Reports</topic>

<p>Jason Cater (jcater) asked <quote who="Jason Cater">what's 
our policy about bringing other code fragments into cvs as a 
module of gnue.common? e.g., I've found a few 
<a href="https://web.archive.org/web/20071111041934/http://www.crazy-compilers.com/py-lib/shellwords.html">small 
scripts</a> that would be handy for me wrt reports</quote> 
Derek Neighbors (revDeke) said the key requirement was the code 
<quote who="Derek Neighbors">MUST be gpl compatiable - we 
prefer assignment, but for such things simply being gpl 
compatiable license would be enough - oh and courtesy says ask 
original author if its ok</quote>. Jason noted it was under 
the normal Python license - <quote who="Jason Cater">it's one 
of those things, it's simple enough I could reimplement, so no 
way I would require an end-user to do - but its feature-complete, 
stable enough for me to prefer to grab his</quote>. Derek noted 
that <quote who="Derek Neighbors">The License of Python 2.0.1, 
2.1.1, and newer versions.  are GPL compatiable - from the GNU 
site</quote>. Jason said <quote who="Jason Cater">I'll drop this 
guy a line and ask for his blessing - it's not like I want to 
publish the code as my own :) - just keep users from needing to 
install yet another thing</quote>. Derek suggested 
<quote who="Derek Neighbors">i would jsut leave the copyright 
headers as his</quote>.</p>

</section>


</kc>
<!--
     FILE ARCHIVED ON 04:19:34 Nov 11, 2007 AND RETRIEVED FROM THE
     INTERNET ARCHIVE ON 09:26:23 Dec 05, 2018.
     JAVASCRIPT APPENDED BY WAYBACK MACHINE, COPYRIGHT INTERNET ARCHIVE.

     ALL OTHER CONTENT MAY ALSO BE PROTECTED BY COPYRIGHT (17 U.S.C.
     SECTION 108(a)(3)).
-->
<!--
playback timings (ms):
  LoadShardBlock: 200.832 (3)
  esindex: 0.013
  captures_list: 220.219
  CDXLines.iter: 13.136 (3)
  PetaboxLoader3.datanode: 224.075 (4)
  exclusion.robots: 0.586
  exclusion.robots.policy: 0.563
  RedisCDXSource: 1.387
  load_resource: 49.783
-->