<?xml version="1.0" ?>

<script src="//archive.org/includes/analytics.js?v=cf34f82" type="text/javascript"></script>
<script type="text/javascript">window.addEventListener('DOMContentLoaded',function(){var v=archive_analytics.values;v.service='wb';v.server_name='wwwb-app13.us.archive.org';v.server_ms=137;archive_analytics.send_pageview({});});</script>
<script type="text/javascript" src="/static/js/ait-client-rewrite.js?v=1543384230.0" charset="utf-8"></script>
<script type="text/javascript">
WB_wombat_Init('https://web.archive.org/web', '20051118074052', 'www.kerneltraffic.org:80');
</script>
<script type="text/javascript" src="/static/js/wbhack.js?v=1543384230.0" charset="utf-8"></script>
<script type="text/javascript">
__wbhack.init('https://web.archive.org/web');
</script>
<link rel="stylesheet" type="text/css" href="/static/css/banner-styles.css?v=1543384230.0" />
<link rel="stylesheet" type="text/css" href="/static/css/iconochive.css?v=1543384230.0" />
<!-- End Wayback Rewrite JS Include -->
<!-- BEGIN WAYBACK TOOLBAR INSERT -->
<script type="text/javascript" src="/static/js/timestamp.js?v=1543384230.0" charset="utf-8"></script>
<script type="text/javascript" src="/static/js/graph-calc.js?v=1543384230.0" charset="utf-8"></script>
<script type="text/javascript" src="/static/js/auto-complete.js?v=1543384230.0" charset="utf-8"></script>
<script type="text/javascript" src="/static/js/toolbar.js?v=1543384230.0" charset="utf-8"></script>
<style type="text/css">
body {
  margin-top:0 !important;
  padding-top:0 !important;
  /*min-width:800px !important;*/
}
.wb-autocomplete-suggestions {
    text-align: left; cursor: default; border: 1px solid #ccc; border-top: 0; background: #fff; box-shadow: -1px 1px 3px rgba(0,0,0,.1);
    position: absolute; display: none; z-index: 2147483647; max-height: 254px; overflow: hidden; overflow-y: auto; box-sizing: border-box;
}
.wb-autocomplete-suggestion { position: relative; padding: 0 .6em; line-height: 23px; white-space: nowrap; overflow: hidden; text-overflow: ellipsis; font-size: 1.02em; color: #333; }
.wb-autocomplete-suggestion b { font-weight: bold; }
.wb-autocomplete-suggestion.selected { background: #f0f0f0; }
</style>
<div id="wm-ipp" lang="en" style="display:none;direction:ltr;">
<div style="position:fixed;left:0;top:0;right:0;">
<div id="wm-ipp-inside">
  <div style="position:relative;">
    <div id="wm-logo" style="float:left;width:130px;padding-top:10px;">
      <a href="/web/" title="Wayback Machine home page"><img src="/static/images/toolbar/wayback-toolbar-logo.png" alt="Wayback Machine" width="110" height="39" border="0" /></a>
    </div>
    <div class="r" style="float:right;">
      <div id="wm-btns" style="text-align:right;height:25px;">
                  <div id="wm-save-snapshot-success">success</div>
          <div id="wm-save-snapshot-fail">fail</div>
          <a href="#"
             onclick="__wm.saveSnapshot('http://www.kerneltraffic.org:80/GNUe/gnue20011208_6.xml', '20051118074052')"
             title="Share via My Web Archive"
             id="wm-save-snapshot-open"
          >
            <span class="iconochive-web"></span>
          </a>
          <a href="https://archive.org/account/login.php"
             title="Sign In"
             id="wm-sign-in"
          >
            <span class="iconochive-person"></span>
          </a>
          <span id="wm-save-snapshot-in-progress" class="iconochive-web"></span>
        	<a href="http://faq.web.archive.org/" title="Get some help using the Wayback Machine" style="top:-6px;"><span class="iconochive-question" style="color:rgb(87,186,244);font-size:160%;"></span></a>
	<a id="wm-tb-close" href="#close" onclick="__wm.h(event);return false;" style="top:-2px;" title="Close the toolbar"><span class="iconochive-remove-circle" style="color:#888888;font-size:240%;"></span></a>
      </div>
      <div id="wm-share" style="text-align:right;">
	<a href="#" onclick="window.open('https://www.facebook.com/sharer/sharer.php?u=https://web.archive.org/web/20051118074052/http://www.kerneltraffic.org:80/GNUe/gnue20011208_6.xml', '', 'height=400,width=600'); return false;" title="Share on Facebook" style="margin-right:5px;" target="_blank"><span class="iconochive-facebook" style="color:#3b5998;font-size:160%;"></span></a>
	<a href="#" onclick="window.open('https://twitter.com/intent/tweet?text=https://web.archive.org/web/20051118074052/http://www.kerneltraffic.org:80/GNUe/gnue20011208_6.xml&amp;via=internetarchive', '', 'height=400,width=600'); return false;" title="Share on Twitter" style="margin-right:5px;" target="_blank"><span class="iconochive-twitter" style="color:#1dcaff;font-size:160%;"></span></a>
      </div>
    </div>
    <table class="c" style="">
      <tbody>
	<tr>
	  <td class="u" colspan="2">
	    <form target="_top" method="get" action="/web/submit" name="wmtb" id="wmtb"><input type="text" name="url" id="wmtbURL" value="http://www.kerneltraffic.org:80/GNUe/gnue20011208_6.xml" onfocus="this.focus();this.select();" /><input type="hidden" name="type" value="replay" /><input type="hidden" name="date" value="20051118074052" /><input type="submit" value="Go" /></form>
	  </td>
	  <td class="n" rowspan="2" style="width:110px;">
	    <table>
	      <tbody>
		<!-- NEXT/PREV MONTH NAV AND MONTH INDICATOR -->
		<tr class="m">
		  <td class="b" nowrap="nowrap"><a href="https://web.archive.org/web/20050418031444/http://www.kerneltraffic.org:80/GNUe/gnue20011208_6.xml" title="18 Apr 2005"><strong>Apr</strong></a></td>
		  <td class="c" id="displayMonthEl" title="You are here: 07:40:52 Nov 18, 2005">NOV</td>
		  <td class="f" nowrap="nowrap">Dec</td>
		</tr>
		<!-- NEXT/PREV CAPTURE NAV AND DAY OF MONTH INDICATOR -->
		<tr class="d">
		  <td class="b" nowrap="nowrap"><a href="https://web.archive.org/web/20050418031444/http://www.kerneltraffic.org:80/GNUe/gnue20011208_6.xml" title="03:14:44 Apr 18, 2005"><img src="/static/images/toolbar/wm_tb_prv_on.png" alt="Previous capture" width="14" height="16" border="0" /></a></td>
		  <td class="c" id="displayDayEl" style="width:34px;font-size:24px;white-space:nowrap;" title="You are here: 07:40:52 Nov 18, 2005">18</td>
		  <td class="f" nowrap="nowrap"><img src="/static/images/toolbar/wm_tb_nxt_off.png" alt="Next capture" width="14" height="16" border="0" /></td>
		</tr>
		<!-- NEXT/PREV YEAR NAV AND YEAR INDICATOR -->
		<tr class="y">
		  <td class="b" nowrap="nowrap"><a href="https://web.archive.org/web/20031105204430/http://www.kerneltraffic.org:80/GNUe/gnue20011208_6.xml" title="05 Nov 2003"><strong>2003</strong></a></td>
		  <td class="c" id="displayYearEl" title="You are here: 07:40:52 Nov 18, 2005">2005</td>
		  <td class="f" nowrap="nowrap">2006</td>
		</tr>
	      </tbody>
	    </table>
	  </td>
	</tr>
	<tr>
	  <td class="s">
	    	    <div id="wm-nav-captures">
	      	      <a class="t" href="/web/20051118074052*/http://www.kerneltraffic.org:80/GNUe/gnue20011208_6.xml" title="See a list of every capture for this URL">6 captures</a>
	      <div class="r" title="Timespan for captures of this URL">30 Apr 2003 - 18 Nov 2005</div>
	      </div>
	  </td>
	  <td class="k">
	    <a href="" id="wm-graph-anchor">
	      <div id="wm-ipp-sparkline" title="Explore captures for this URL" style="position: relative">
		<canvas id="wm-sparkline-canvas" width="575" height="27" border="0"></canvas>
	      </div>
	    </a>
	  </td>
	</tr>
      </tbody>
    </table>
    <div style="position:absolute;bottom:0;right:2px;text-align:right;">
      <a id="wm-expand" class="wm-btn wm-closed" href="#expand" onclick="__wm.ex(event);return false;"><span id="wm-expand-icon" class="iconochive-down-solid"></span> <span style="font-size:80%">About this capture</span></a>
    </div>
  </div>
    <div id="wm-capinfo" style="border-top:1px solid #777;display:none; overflow: hidden">
            <div style="background-color:#666;color:#fff;font-weight:bold;text-align:center">COLLECTED BY</div>
    <div style="padding:3px;position:relative" id="wm-collected-by-content">
            <div style="display:inline-block;vertical-align:top;width:50%;">
			<span class="c-logo" style="background-image:url(https://archive.org/services/img/alexacrawls);"></span>
		Organization: <a style="color:#33f;" href="https://archive.org/details/alexacrawls" target="_new"><span class="wm-title">Alexa Crawls</span></a>
		<div style="max-height:75px;overflow:hidden;position:relative;">
	  <div style="position:absolute;top:0;left:0;width:100%;height:75px;background:linear-gradient(to bottom,rgba(255,255,255,0) 0%,rgba(255,255,255,0) 90%,rgba(255,255,255,255) 100%);"></div>
	  Starting in 1996, <a href="http://www.alexa.com/">Alexa Internet</a> has been donating their crawl data to the Internet Archive.  Flowing in every day, these data are added to the <a href="http://web.archive.org/">Wayback Machine</a> after an embargo period.
	</div>
	      </div>
      <div style="display:inline-block;vertical-align:top;width:49%;">
			<span class="c-logo" style="background-image:url(https://archive.org/services/img/alexa_ef)"></span>
		<div>Collection: <a style="color:#33f;" href="https://archive.org/details/alexa_ef" target="_new"><span class="wm-title">Alexa Crawl EF</span></a></div>
		<div style="max-height:75px;overflow:hidden;position:relative;">
	  <div style="position:absolute;top:0;left:0;width:100%;height:75px;background:linear-gradient(to bottom,rgba(255,255,255,0) 0%,rgba(255,255,255,0) 90%,rgba(255,255,255,255) 100%);"></div>
	  Crawl EF from Alexa Internet.  This data is currently not publicly accessible.
	</div>
	      </div>
    </div>
    <div style="background-color:#666;color:#fff;font-weight:bold;text-align:center" title="Timestamps for the elements of this page">TIMESTAMPS</div>
    <div>
      <div id="wm-capresources" style="margin:0 5px 5px 5px;max-height:250px;overflow-y:scroll !important"></div>
      <div id="wm-capresources-loading" style="text-align:left;margin:0 20px 5px 5px;display:none"><img src="/static/images/loading.gif" alt="loading" /></div>
    </div>
  </div></div></div></div><script type="text/javascript">
__wm.bt(575,27,25,2,"web","http://www.kerneltraffic.org:80/GNUe/gnue20011208_6.xml","2005-11-18",1996);
</script>
<!-- END WAYBACK TOOLBAR INSERT --><kc>

<title>GNUe Traffic</title>

<author contact="mailto:psu@manorcon.demon.co.uk">Peter Sullivan</author>

<issue num="6" date="08 Dec 2001 00:00:00 -0800"/>

<headquote>

</headquote>

<intro>

<p>This Cousin covers the three main mailing lists for the GNU 
Enterprise project, gnue, gnue-dev and gnue-announce. For more 
information about GNUe, see their home page at 
<a href="https://web.archive.org/web/20051118074052/http://www.gnuenterprise.org/">
http://www.gnuenterprise.org</a>. Details of the mailing lists 
can be found at 
<a href="https://web.archive.org/web/20051118074052/http://mail.gnu.org/mailman/listinfo/gnue">
http://mail.gnu.org/mailman/listinfo/gnue</a>, 
<a href="https://web.archive.org/web/20051118074052/http://mail.gnu.org/mailman/listinfo/gnue-dev">
http://mail.gnu.org/mailman/listinfo/gnue-dev</a>,
<a href="https://web.archive.org/web/20051118074052/http://mail.gnu.org/mailman/listinfo/gnue-announce">
http://mail.gnu.org/mailman/listinfo/gnue-announce</a>.</p>

<p>This Cousin no longer covers the #gnuenterprise IRC channel, 
as the workload from the volume of discussion was proving 
impractical. However, a great deal of development discussion is 
still going on in IRC. You can find #gnuenterprise on 
irc.openprojects.net:6667, or you can review the logs at 
<a href="https://web.archive.org/web/20051118074052/http://www.gnuenterprise.org/irc-logs/">
http://www.gnuenterprise.org/irc-logs/</a>.
We are currently thinking through some possible ways of 
doing &quot;group author&quot; on IRC logs - if there are 
several people out there who might be willing to contribute, 
say, one or two threads a week, then 
<a href="https://web.archive.org/web/20051118074052/mailto:psu@manorcon.demon.co.uk">let me know</a>.</p>

</intro>

<section title="Website text for GNU Enterprise" subject="[gnue-discuss] Re: GNU Enterprise Text" archive="http://lists.gnue.org/pipermail/gnue-discuss/2001-November/000349.html" posts="1" startdate="28 Nov 2001 03:13:33 -0800" enddate="28 Nov 2001 03:13:33 -0800">

<topic>Why GNUe?</topic>

<mention>Alan Clifford</mention>

<p>Neil Tiffin thanked Alan Clifford for his work on the web site 
descriptions. He said most of the changes could go straight in, but
<quote who="Neil Tiffin">Where you are thinking about changing a 
direction we have set, we need to have a consensus with the core team 
to the change.</quote></p>

</section>


<section title="Website text for GNUe Forcasting Module" subject="[gnue-discuss] Forecasting Text" archive="http://lists.gnue.org/pipermail/gnue-discuss/2001-November/000350.html" posts="3" startdate="28 Nov 2001 18:14:37 -0800" enddate="01 Dec 2001 12:15:59 -0800">

<topic>Forcasting</topic>
<topic>DCL</topic>

<p>Alan Clifford came up with an outline description for the Forecasting
module:</p>

<quote who="Alan Clifford">
<p>Most packages concern themselves with the present and the past. Forecasting
deals with predicting the future. Marketing uses forecasts to plan products,
promotion and pricing. Finance uses forecasts as an input to financial
planning. Operations uses forecasts to make capacity, production and
inventory decisions.</p>

<p>Forecasting consists of a suite of tools to collect, analyze and present
data to decision makers in middle and upper management.</p>
</quote>

<p>Derek Neighbors said this had been updated, and added 
<quote who="Derek Neighbors">btw, 
very soon we will be implementing DCL our project 
managment tool at that time you can then enter these items as work 
orders for us and post the link to follow them here. :)</quote></p>

</section>


<section title="Website text for Overview of GNUe" subject="[gnue-discuss] Overview Text" archive="http://lists.gnue.org/pipermail/gnue-discuss/2001-November/000351.html" posts="7" startdate="28 Nov 2001 19:55:59 -0800" enddate="30 Nov 2001 07:11:19 -0800">

<topic>Why GNUe?</topic>

<mention>Daniel Baumann</mention>
<mention>Neil Tiffin</mention>

<p>Alan Clifford suggested <quote who="Alan Clifford">we 
add an Overview line to the list of GNU Enterprise packages</quote> 
and gave some sample text. Reinhard M&#252;ller suggested 
some changes, mainly to refer to Free Software rather than 
Open Source, and pointed out <quote who="Reinhard Müller">Like 
any ERP system, a company will have to spend a considerable 
amount of money and/or time to get and keep GNUe running</quote>. 
He added <quote who="Reinhard Müller">we value the &quot;free&quot; 
as in freedom more than the &quot;free&quot; as in free beer.</quote>
Daniel Baumann and Neil Tiffin agreed. Alan incorporated 
these changes. Reinhard added that maybe <quote who="Reinhard Müller">Not 
sure if we should add a line here to make clear that we are talking 
about the <cite>future</cite> here</quote>.</p>

</section>


<section title="Revised Website text for Overview of GNUe" subject="[gnue-discuss] Overview Text Versiion 3.0" archive="http://lists.gnue.org/pipermail/gnue-discuss/2001-December/000362.html" posts="8" startdate="30 Nov 2001 17:53:46 -0800" enddate="03 Dec 2001 13:32:13 -0800">

<topic>Why GNUe?</topic>

<p>Further to 
<kcref subject="[gnue-discuss] Overview Text" startdate="28 Nov 2001 19:55:59 -0800"/>,
Alan Clifford posted <quote who="Alan Clifford">another draft of the 
Overview text incorporating the suggestions to-date.</quote> 
Daniel Baumann said the definition of free software was still wrong, 
and referred Alan to 
<a href="https://web.archive.org/web/20051118074052/http://www.gnu.org/philosophy/free-sw.html">http://www.gnu.org/philosophy/free-sw.html</a>. 
He said <quote who="Daniel Baumann">I am sure there are plenty of us GNUe ppl 
here that do not plan to do consulting work with GNUe software for 
nothing. We need to make a living too ;).</quote></p>

<p>Derek Neighbors said that he thought the text implied GNUe was 
just ERP. <quote who="Derek Neighbors">While 
it can be that, its really a development framework that is much 
more flexible than an ERP. Any database application can be written with 
GNUe Tools even if they have nothing to do with the ERP packages, I dont 
think we want to lose that.</quote> Peter Sullivan quoted something 
Jason Cater had said on IRC, which Jason corrected to:</p>

<quote who="Jason Cater">
<p>GNU Enterprise is really two projects in one:</p>
<ol>
<li>A complete architecture for implementing business applications, and</li>
<li>A set of packages that implement common business applications</li>
</ol>
</quote>

<p>Peter did an ASCII text diagram to clarify this, including the 
concept of &quot;friendly&quot; and &quot;private&quot; applications, 
which would be formally outside the boundary of the GNUe project. He 
also <quote who="Peter Sullivan">did consider another category of 
applications - &quot;unfriendly&quot; applications, which were written 
using GNUe Tools, but <strong>not</strong> released under GPL or equivalent
</quote> - but these would presumably violate the General Public License 
on GNUe Tools anyway. Reinhard M&#252;ller said that their previous discussions 
on &quot;friendly&quot; and &quot;unfriendly&quot; packages focused on 
issues like <quote who="Reinhard Müller">installation procedure, 
compatibilty to other applications, coding standards, portability</quote> 
and so on rather than licensing.</p>

<p>Derek also said that, although he appreciated Reinhard's point 
about raising expectations, he had been told by the PR people 
to put GNUe's functionality in the present tense. He felt that Alan's open 
architecture section needed to emphasise that <quote who="Derek Neighbors">can 
use ANY db, you can use RPC mechanism, you can use ANY programming 
language for business rules etc, etc, etc...</quote>. However, he 
really appreciated Alan's work, and thought it could replace the 
original GNUe Press Release from FSF as the standard introduction to 
GNUe in time. Alan posted <quote who="Alan Clifford">another draft of the 
Overview text incorporating the suggestions</quote> as Overview Text 
version 4.0.</p>

</section>


<section title="CVS change for GNUe config" subject="[gnue-discuss] gnue-config has been renamed" archive="http://lists.gnue.org/pipermail/gnue-discuss/2001-December/000367.html" posts="1" startdate="30 Nov 2001 19:34:04 -0800" enddate="30 Nov 2001 19:34:04 -0800">

<p>Neil Tiffin announced <quote who="Neil Tiffin">Please 
be aware that in cvs gnue/gnue-config has been renamed to
gnue/packages. I expect this will break some things.</quote></p>

</section>


<section title="CVS change for GNUe Accounting/Financials" subject="[gnue-discuss] gnue/packages/accounting renamed" archive="http://lists.gnue.org/pipermail/gnue-discuss/2001-December/000368.html" posts="1" startdate="30 Nov 2001 19:37:40 -0800" enddate="30 Nov 2001 19:37:40 -0800">

<topic>Financials (Accounting)</topic>

<p>Neil Tiffin announced <quote who="Neil Tiffin">Please 
be aware that gnue/packages/accounting has been renamed in 
cvs to gnue/packages/finance</quote> He would update the documentation
to refer to this change when he had time.</p>

</section>


<section title="Rationalisation of GNUe Mailing Lists" subject="[Gnue-announce] GNUe Mailing List Changes" archive="http://mail.gnu.org/pipermail/gnue-announce/2001-December/000000.html" posts="1" startdate="30 Nov 2001 22:54:57 -0800" enddate="30 Nov 2001 22:54:57 -0800">

<p>James Thompson announced that the large number of GNUe 
mailing lists on gnu.org and gnue.org were being rationalised 
to just three:</p>

<quote who="James Thompson">
<ul>
<li>gnue@gnu.org will act as our primary discussion list.</li>
<li>gnue-dev@gnu.org is targeted at GNUe developers.</li>
<li>gnue-announce@gnu.org is an announcements only list.</li>
</ul>
</quote>

</section>


<section title="Version 0.1.0 Release re-post" subject="[Gnue-announce] 0.1.0 Releases of Forms, Designer, and Common" archive="http://mail.gnu.org/pipermail/gnue-announce/2001-December/000001.html" posts="1" startdate="30 Nov 2001 23:10:10 -0800" enddate="30 Nov 2001 23:10:10 -0800">

<topic>Forms</topic>
<topic>Designer</topic>
<topic>Common</topic>

<p>James Thompson noticed, whilst migrating the mailing lists, that the 
0.1.0 release notice never went out. He therefore (re)-announced:</p>

<quote who="James Thompson">
<p>The GNU Enterprise team is proud to announce the release of GNUe-Forms
0.1.0, GNUe-Designer 0.1.0, and GNUe-Common 0.1.0.</p>

<p>GNUe-Forms is a platform and UI-independent forms system. It reads an
XML-based forms definition and creates GUIs for Win32, GTK, and, soon,
Curses and HTML. It has a fully data-aware widget set and can be used in
both 2-tier and n-tier environments.</p>

<p>GNUe-Designer is the IDE for the GNUe tools. It allows you to visually
layout your forms in a RAD-style environment. Designer has a builtin forms
client, so you can quickly test your forms while still in Designer.
Designer also now has support for form creation wizards... answer a few
questions, attach your form to a table, select the fields to include, and,
voila, a basic form is created.</p>

<p>GNUe-Common is the basis for the GNUe tools, such as Forms, Reports, and
Designer. It implements a database-abstraction layer that provides support
for most major databases. A builtin XML-to-Object parser and Object-to-XML
marshaller are used by Forms, Reports, and Designer to save and read
Forms/Report definitions to and from an XML file. Work has begun on an
RPC-abstraction layer that will allow server processes to define their
public methods once and have them available to CORBA, XML-RPC, SOAP, and
DCOM clients.</p>

<p>All of these releases are targeted at developers. The three products are
available in source form from our website at http://www.gnue.org/</p>

<p>For the first time, we also have Windows installers that include all the
basic dependencies -- you only have to download a single setup.exe! The
Installers include support for PostgreSQL, MySQL, and ODBC.</p>
</quote>

<p>He also included details of supported platforms  
and changes from previous versions. GNUe Reports and 
<quote who="James Thompson">an HTML UI driver for Forms</quote> 
were also well under way.</p>

</section>


<section title="GNU Enterprise FAQs" subject="FAQ on gnuenterprise.org" archive="http://mail.gnu.org/pipermail/gnue/2001-December/002874.html" posts="3" startdate="01 Dec 2001 04:50:22 -0800" enddate="01 Dec 2001 14:11:45 -0800">

<p>Neil Tiffin suggested removing the FAQ from the web site and
replacing it <quote who="Neil Tiffin">with the faq in cvs</quote>. 
Maintaining two FAQs was unecessary, and the CVS version was the 
one mirrored to the main GNU website. Derek Neighbors amended 
the web page to point to the CVS version <quote who="Derek Neighbors">
as 'offical faq'</quote>. Neil then tidied up the web site version 
of the FAQ to include just <quote who="Neil Tiffin">a few really 
common questions that wont change over time</quote>.</p>

</section>


<section title="Revised website text for GNUe Manufacturing" subject="[gnue-discuss] Manufacturing Text" archive="http://lists.gnue.org/pipermail/gnue-discuss/2001-December/000381.html" posts="1" startdate="05 Dec 2001 13:39:55 -0800" enddate="05 Dec 2001 13:39:55 -0800">

<topic>Manufacturing</topic>

<p>Alan Clifford posted <quote who="Alan Clifford">a draft 
of the next level of the Manufacturing text</quote>, covering:</p>

<quote who="Alan Clifford">
<ul>
	<li>Bill of Materials</li>
	<li>Capacity Requirements Planning</li>
	<li>Engineering</li>
	<li>Master Production Scheduling</li>
	<li>Material Requirements Planning</li>
	<li>Work in Process</li>
	<li>Repetitive Manufacturing</li>
	<li>Process Manufacturing</li>
	<li>Service</li>
	<li>Quality</li>
</ul>
</quote>

</section>

</kc>

<!--
     FILE ARCHIVED ON 07:40:52 Nov 18, 2005 AND RETRIEVED FROM THE
     INTERNET ARCHIVE ON 09:30:07 Dec 05, 2018.
     JAVASCRIPT APPENDED BY WAYBACK MACHINE, COPYRIGHT INTERNET ARCHIVE.

     ALL OTHER CONTENT MAY ALSO BE PROTECTED BY COPYRIGHT (17 U.S.C.
     SECTION 108(a)(3)).
-->
<!--
playback timings (ms):
  LoadShardBlock: 41.342 (3)
  esindex: 0.01
  captures_list: 61.748
  CDXLines.iter: 16.194 (3)
  PetaboxLoader3.datanode: 61.913 (4)
  exclusion.robots: 0.4
  exclusion.robots.policy: 0.383
  RedisCDXSource: 0.646
  PetaboxLoader3.resolve: 12.313
  load_resource: 58.612
-->