<?xml version="1.0" ?>

<script src="//archive.org/includes/analytics.js?v=cf34f82" type="text/javascript"></script>
<script type="text/javascript">window.addEventListener('DOMContentLoaded',function(){var v=archive_analytics.values;v.service='wb';v.server_name='wwwb-app29.us.archive.org';v.server_ms=1576;archive_analytics.send_pageview({});});</script>
<script type="text/javascript" src="/static/js/ait-client-rewrite.js?v=1543384230.0" charset="utf-8"></script>
<script type="text/javascript">
WB_wombat_Init('https://web.archive.org/web', '20071111045230', 'www.kerneltraffic.org');
</script>
<script type="text/javascript" src="/static/js/wbhack.js?v=1543384230.0" charset="utf-8"></script>
<script type="text/javascript">
__wbhack.init('https://web.archive.org/web');
</script>
<link rel="stylesheet" type="text/css" href="/static/css/banner-styles.css?v=1543384230.0" />
<link rel="stylesheet" type="text/css" href="/static/css/iconochive.css?v=1543384230.0" />
<!-- End Wayback Rewrite JS Include -->
<!-- BEGIN WAYBACK TOOLBAR INSERT -->
<script type="text/javascript" src="/static/js/timestamp.js?v=1543384230.0" charset="utf-8"></script>
<script type="text/javascript" src="/static/js/graph-calc.js?v=1543384230.0" charset="utf-8"></script>
<script type="text/javascript" src="/static/js/auto-complete.js?v=1543384230.0" charset="utf-8"></script>
<script type="text/javascript" src="/static/js/toolbar.js?v=1543384230.0" charset="utf-8"></script>
<style type="text/css">
body {
  margin-top:0 !important;
  padding-top:0 !important;
  /*min-width:800px !important;*/
}
.wb-autocomplete-suggestions {
    text-align: left; cursor: default; border: 1px solid #ccc; border-top: 0; background: #fff; box-shadow: -1px 1px 3px rgba(0,0,0,.1);
    position: absolute; display: none; z-index: 2147483647; max-height: 254px; overflow: hidden; overflow-y: auto; box-sizing: border-box;
}
.wb-autocomplete-suggestion { position: relative; padding: 0 .6em; line-height: 23px; white-space: nowrap; overflow: hidden; text-overflow: ellipsis; font-size: 1.02em; color: #333; }
.wb-autocomplete-suggestion b { font-weight: bold; }
.wb-autocomplete-suggestion.selected { background: #f0f0f0; }
</style>
<div id="wm-ipp" lang="en" style="display:none;direction:ltr;">
<div style="position:fixed;left:0;top:0;right:0;">
<div id="wm-ipp-inside">
  <div style="position:relative;">
    <div id="wm-logo" style="float:left;width:130px;padding-top:10px;">
      <a href="/web/" title="Wayback Machine home page"><img src="/static/images/toolbar/wayback-toolbar-logo.png" alt="Wayback Machine" width="110" height="39" border="0" /></a>
    </div>
    <div class="r" style="float:right;">
      <div id="wm-btns" style="text-align:right;height:25px;">
                  <div id="wm-save-snapshot-success">success</div>
          <div id="wm-save-snapshot-fail">fail</div>
          <a href="#"
             onclick="__wm.saveSnapshot('http://www.kerneltraffic.org/GNUe/gnue20020629_35.xml', '20071111045230')"
             title="Share via My Web Archive"
             id="wm-save-snapshot-open"
          >
            <span class="iconochive-web"></span>
          </a>
          <a href="https://archive.org/account/login.php"
             title="Sign In"
             id="wm-sign-in"
          >
            <span class="iconochive-person"></span>
          </a>
          <span id="wm-save-snapshot-in-progress" class="iconochive-web"></span>
        	<a href="http://faq.web.archive.org/" title="Get some help using the Wayback Machine" style="top:-6px;"><span class="iconochive-question" style="color:rgb(87,186,244);font-size:160%;"></span></a>
	<a id="wm-tb-close" href="#close" onclick="__wm.h(event);return false;" style="top:-2px;" title="Close the toolbar"><span class="iconochive-remove-circle" style="color:#888888;font-size:240%;"></span></a>
      </div>
      <div id="wm-share" style="text-align:right;">
	<a href="#" onclick="window.open('https://www.facebook.com/sharer/sharer.php?u=https://web.archive.org/web/20071111045230/http://www.kerneltraffic.org/GNUe/gnue20020629_35.xml', '', 'height=400,width=600'); return false;" title="Share on Facebook" style="margin-right:5px;" target="_blank"><span class="iconochive-facebook" style="color:#3b5998;font-size:160%;"></span></a>
	<a href="#" onclick="window.open('https://twitter.com/intent/tweet?text=https://web.archive.org/web/20071111045230/http://www.kerneltraffic.org/GNUe/gnue20020629_35.xml&amp;via=internetarchive', '', 'height=400,width=600'); return false;" title="Share on Twitter" style="margin-right:5px;" target="_blank"><span class="iconochive-twitter" style="color:#1dcaff;font-size:160%;"></span></a>
      </div>
    </div>
    <table class="c" style="">
      <tbody>
	<tr>
	  <td class="u" colspan="2">
	    <form target="_top" method="get" action="/web/submit" name="wmtb" id="wmtb"><input type="text" name="url" id="wmtbURL" value="http://www.kerneltraffic.org/GNUe/gnue20020629_35.xml" onfocus="this.focus();this.select();" /><input type="hidden" name="type" value="replay" /><input type="hidden" name="date" value="20071111045230" /><input type="submit" value="Go" /></form>
	  </td>
	  <td class="n" rowspan="2" style="width:110px;">
	    <table>
	      <tbody>
		<!-- NEXT/PREV MONTH NAV AND MONTH INDICATOR -->
		<tr class="m">
		  <td class="b" nowrap="nowrap"><a href="https://web.archive.org/web/20051118081702/http://www.kerneltraffic.org:80/GNUe/gnue20020629_35.xml" title="18 Nov 2005"><strong>Nov</strong></a></td>
		  <td class="c" id="displayMonthEl" title="You are here: 04:52:30 Nov 11, 2007">NOV</td>
		  <td class="f" nowrap="nowrap">Dec</td>
		</tr>
		<!-- NEXT/PREV CAPTURE NAV AND DAY OF MONTH INDICATOR -->
		<tr class="d">
		  <td class="b" nowrap="nowrap"><a href="https://web.archive.org/web/20051118081702/http://www.kerneltraffic.org:80/GNUe/gnue20020629_35.xml" title="08:17:02 Nov 18, 2005"><img src="/static/images/toolbar/wm_tb_prv_on.png" alt="Previous capture" width="14" height="16" border="0" /></a></td>
		  <td class="c" id="displayDayEl" style="width:34px;font-size:24px;white-space:nowrap;" title="You are here: 04:52:30 Nov 11, 2007">11</td>
		  <td class="f" nowrap="nowrap"><img src="/static/images/toolbar/wm_tb_nxt_off.png" alt="Next capture" width="14" height="16" border="0" /></td>
		</tr>
		<!-- NEXT/PREV YEAR NAV AND YEAR INDICATOR -->
		<tr class="y">
		  <td class="b" nowrap="nowrap"><a href="https://web.archive.org/web/20051118081702/http://www.kerneltraffic.org:80/GNUe/gnue20020629_35.xml" title="18 Nov 2005"><strong>2005</strong></a></td>
		  <td class="c" id="displayYearEl" title="You are here: 04:52:30 Nov 11, 2007">2007</td>
		  <td class="f" nowrap="nowrap">2008</td>
		</tr>
	      </tbody>
	    </table>
	  </td>
	</tr>
	<tr>
	  <td class="s">
	    	    <div id="wm-nav-captures">
	      	      <a class="t" href="/web/20071111045230*/http://www.kerneltraffic.org/GNUe/gnue20020629_35.xml" title="See a list of every capture for this URL">7 captures</a>
	      <div class="r" title="Timespan for captures of this URL">12 May 2003 - 11 Nov 2007</div>
	      </div>
	  </td>
	  <td class="k">
	    <a href="" id="wm-graph-anchor">
	      <div id="wm-ipp-sparkline" title="Explore captures for this URL" style="position: relative">
		<canvas id="wm-sparkline-canvas" width="575" height="27" border="0"></canvas>
	      </div>
	    </a>
	  </td>
	</tr>
      </tbody>
    </table>
    <div style="position:absolute;bottom:0;right:2px;text-align:right;">
      <a id="wm-expand" class="wm-btn wm-closed" href="#expand" onclick="__wm.ex(event);return false;"><span id="wm-expand-icon" class="iconochive-down-solid"></span> <span style="font-size:80%">About this capture</span></a>
    </div>
  </div>
    <div id="wm-capinfo" style="border-top:1px solid #777;display:none; overflow: hidden">
            <div style="background-color:#666;color:#fff;font-weight:bold;text-align:center">COLLECTED BY</div>
    <div style="padding:3px;position:relative" id="wm-collected-by-content">
            <div style="display:inline-block;vertical-align:top;width:50%;">
			<span class="c-logo" style="background-image:url(https://archive.org/services/img/webwidecrawl);"></span>
		Organization: <a style="color:#33f;" href="https://archive.org/details/webwidecrawl" target="_new"><span class="wm-title">Internet Archive</span></a>
		<div style="max-height:75px;overflow:hidden;position:relative;">
	  <div style="position:absolute;top:0;left:0;width:100%;height:75px;background:linear-gradient(to bottom,rgba(255,255,255,0) 0%,rgba(255,255,255,0) 90%,rgba(255,255,255,255) 100%);"></div>
	  The Internet Archive discovers and captures web pages through many different web crawls.

At any given time several distinct crawls are running, some for months, and some every day or longer.

View the web archive through the <a href="http://archive.org/web/web.php">Wayback Machine</a>.
	</div>
	      </div>
      <div style="display:inline-block;vertical-align:top;width:49%;">
			<span class="c-logo" style="background-image:url(https://archive.org/services/img/aroundtheworldcrawl)"></span>
		<div>Collection: <a style="color:#33f;" href="https://archive.org/details/aroundtheworldcrawl" target="_new"><span class="wm-title">Around The World Crawl</span></a></div>
		<div style="max-height:75px;overflow:hidden;position:relative;">
	  <div style="position:absolute;top:0;left:0;width:100%;height:75px;background:linear-gradient(to bottom,rgba(255,255,255,0) 0%,rgba(255,255,255,0) 90%,rgba(255,255,255,255) 100%);"></div>
	  Data crawled by Sloan Foundation on behalf of Internet Archive
<br /><br />
	</div>
	      </div>
    </div>
    <div style="background-color:#666;color:#fff;font-weight:bold;text-align:center" title="Timestamps for the elements of this page">TIMESTAMPS</div>
    <div>
      <div id="wm-capresources" style="margin:0 5px 5px 5px;max-height:250px;overflow-y:scroll !important"></div>
      <div id="wm-capresources-loading" style="text-align:left;margin:0 20px 5px 5px;display:none"><img src="/static/images/loading.gif" alt="loading" /></div>
    </div>
  </div></div></div></div><script type="text/javascript">
__wm.bt(575,27,25,2,"web","http://www.kerneltraffic.org/GNUe/gnue20020629_35.xml","2007-11-11",1996);
</script>
<!-- END WAYBACK TOOLBAR INSERT --><kc>

<title>GNUe Traffic</title>

<author contact="mailto:psu@manorcon.demon.co.uk">Peter Sullivan</author>

<issue num="35" date="29 Jun 2002 00:00:00 -0800"/>

<headquote>
&quot;<cite>the gnue mascot is a weird creature with the wings of a 
kiwi, head of a goat, wings of a penguin, and tail of a grue
- that is eating donuts, drinking Mt Dew, and chewing Dots - 
with a nerdy 40-something millionaire in its mouth</cite>&quot;
</headquote>

<intro>

<p>This Cousin covers the three main 
mailing lists for the GNU Enterprise project,
<a href="https://web.archive.org/web/20071111045230/http://mail.gnu.org/mailman/listinfo/gnue">gnue</a>, 
<a href="https://web.archive.org/web/20071111045230/http://mail.gnu.org/mailman/listinfo/gnue-dev">gnue-dev</a> and 
<a href="https://web.archive.org/web/20071111045230/http://mail.gnu.org/mailman/listinfo/gnue-announce">gnue-announce</a>.  
It also covers the #gnuenterprise IRC channel. A great deal of 
development discussion for this project goes on in IRC. You can find 
#gnuenterprise on irc.openprojects.net:6667, or you can review the 
<a href="https://web.archive.org/web/20071111045230/http://www.gnuenterprise.org/irc-logs/">logs</a>.
For more information about the GNU Enterprise project, see their 
home page at <a href="https://web.archive.org/web/20071111045230/http://www.gnuenterprise.org/">
http://www.gnuenterprise.org</a>.</p>

</intro>


<section title="Application Server triggers" subject="[IRC] 20 Jun 2002" archive="http://www.gnuenterprise.org/irc-logs/gnue-public.log.20Jun2002" startdate="19 Jun 2002 23:00:00 -0800" enddate="19 Jun 2002 23:00:00 -0800">

<topic>Application Server</topic>
<topic>Forms</topic>

<mention>Reinhard M&#252;ller</mention>

<p>Daniel Baumann (chillywilly) asked <quote who="Daniel Baumann">what
do you think about doing an xml markup of ODL?</quote> (Object Definition
Languague). Jan Ischebeck (siesel) said he did not think it was necessary. 
Daniel said <quote who="Daniel Baumann">so just use straight ODL?</quote>, 
which was a standard. Jan said he thought <quote who="Jan Ischebeck">we 
should take the things we need to create our own XML format</quote>.
Daniel noted that Reinhard M&#252;ller wanted support for non-XML mark-up as 
well. Jan said <quote who="Jan Ischebeck">I just think that it is easier 
(for the first step) to have an own XML format, which is quite similar to 
the internal appserver structures</quote> for things like 
<quote who="Jan Ischebeck">the (still has to come) class definitions</quote> 
and <quote who="Jan Ischebeck">the (still has to come) method 
definitions</quote>. Daniel wondered <quote who="Daniel Baumann">how 
do you base your own format on something that does not exist?</quote>
Jan said <quote who="Jan Ischebeck">thats the point which makes me get 
headakes ;)</quote>.</p>

<p>Later, Derek Neighbors (dneighbo) said <quote who="Derek Neighbors">i 
think it should be mandatory our</quote> GNUe Class Definitions (.gcd) 
for the Application Server <quote who="Derek Neighbors">is xml - as from xml we 
can make it ANYTHING else easily</quote>. Daniel agreed - 
<quote who="Daniel Baumann">XSLT is cool</quote>. Jan also agreed, but noted 
that both the old .gcd format and ODL had the drawback that 
<quote who="Jan Ischebeck">the method code has to be separatly defined</quote>. 
Derek said that <quote who="Derek Neighbors">remote methods(triggers) and normal 
db wuold be HUGE to start with</quote> - none of the existing .gcds had any methods 
defined in them anyway. Jan said that was <quote who="Jan Ischebeck">not quite right: 
there is ONE full coded method in there ;)</quote> Daniel said 
<quote who="Daniel Baumann">so the idea is to include the method code in the 
object description? does this rule out supporting other languages in a decent 
way?</quote> Jason Cater (jcater) said <quote who="Jason Cater">I think the 
idea is to just get method code out there - regardless of an object description 
:)</quote>. Derek said <quote who="Derek Neighbors">basically what that gives 
us is xplatform db triggers</quote>. He was <quote who="Derek Neighbors">not 
against object to relational mappers in any way shape or form</quote> in the 
future <quote who="Derek Neighbors">but i want best bang for buck</quote> in 
the short term. He said <quote who="Derek Neighbors">if we do remote triggers/ 
remote db - we are n-tier as advertised - and gain the benefits from 
that</quote>.</p>

<p>Jan asked how triggers would be defined - would they be 
<quote who="Jan Ischebeck"> stored in a datastructure (i.e. in the database, 
i.e. in a table) - and if a form wants to call a trigger it calls it</quote>? 
Daniel said this implied that <quote who="Daniel Baumann">appserver would need 
to know something about the forms definition right? assuming you keep the 
trigger declarations in the gfd</quote>. Jason said that the aim was to 
avoid actually defining the triggers in the .gfd (GNUe Forms Definition) - 
<quote who="Jason Cater">the form would access triggers via the common 
"appserver" driver - which would use grpc</quote>.</p>
 
<p>Later, Derek said that the remote application server triggers would 
replace the database-level triggers - <quote who="Derek Neighbors">im thinking 
in the client you define 'trigger' spaces to import or include - then you can 
call triggers in those spaces</quote>. A trigger might be something like 
validating a bank account number - the Form could just call something like 
<quote who="Derek Neighbors">accounts.isValid</quote>, which the Application 
Server would then execute and return the result. He added 
<quote who="Derek Neighbors">personally i see data going remotely too - 
this was part of my problems with putting data functionality in blocks - 
as my long term goal was that you would have local datasources or 
remote datasources  so in an n-tier application you would point your 
datasource to a remote datasource</quote>. Jan said that 
<quote who="Jan Ischebeck">if you have local and remote triggers, then in 
case of remote triggers you should distinguish between data bound triggers 
and gui bound triggers</quote>.</p>

</section>


<section title="Bayonne and GNUe Workflow" subject="New developer" archive="http://mail.gnu.org/pipermail/gnue/2002-Jun/003134.html" posts="2" startdate="21 Jun 2002 15:15:27 -0800" enddate="22 Jun 2002 04:00:49 -0800">

<topic>Bayonne</topic>
<topic>Forms</topic>

<p>Jason Spence said that Bayonne, the GNU telephony project, needed 
<quote who="Jason Spence">a package to do workflow management</quote>, 
He was busy at the moment with other coding, but was reading GNUe code 
<quote who="Jason Spence">in preparation for the day when I can spend 
some sponsored time working towards using GNUe</quote> for workflow.</p>

<p>He noted that Open Office used XML as its file format, and 
wondered about writing <quote who="Jason Spence">a OpenOffice
forms to GNUe forms translator - as I understand it, both are XML
based. That would allow people to easily get a chance to migrate to
GNUe if they've already used Star/OpenOffice to create database 
apps.</quote>.</p>

<p>Jason also asked <quote who="Jason Spence">what's the status of the 
Bayonne Forms client?</quote> 
David Sugar said he had <quote who="David Sugar">been doing a lot of 
recent work on the Bayonne XML transcoding system.  If it's an XML 
document, it should be possible to create a transcoder for Bayonne 
to directly parse a gnue form :).  This actually 
was why we choose transcoding rather than implementing a specific xml 
parser.</quote>.</p>

</section>


<section title="Checkboxes and button triggers in Forms" subject="[IRC] 21 Jun 2002" archive="http://www.gnuenterprise.org/irc-logs/gnue-public.log.21Jun2002" startdate="20 Jun 2002 23:00:00 -0800" enddate="20 Jun 2002 23:00:00 -0800">

<topic>Forms</topic>

<p>John Lenton (Chipaca) noted that there were problems with checkboxes - 
<quote who="John Lenton">basically if you're just using them for displaying 
data from the db they'll work, but they don't modify the data</quote>. 
Chad Walstrom (^chewie) confirmed this, <quote who="Chad Walstrom">using 
BOOLEAN type in a PostgreSQL table</quote>. John said he was 
<quote who="John Lenton">using char(1)</quote>, but was getting the same 
issue.</p>

<p>Using a button instead of a checkbox, John reported <quote who="John Lenton">the 
trigger to the button is called *twice* - how can I stop that happening?</quote> 
Chad suggested <quote who="Chad Walstrom">scold it vehemently</quote>. John 
discovered that <quote who="John Lenton">I'm getting it once for click, and once 
for unclick :/ - and I can't just assume that is the case, because it the user 
clicks on the button and then moves the mouse off, I get the click but not the 
unclick</quote>. Reinhard M&#252;ller (reinhard) said that best practice was to tie 
the trigger to the unclick event - <quote who="Reinhard Müller">if the user clicks 
the button and moves away from it nothing should happen</quote> - 
<quote who="Reinhard Müller">the trigger should be fired if and only if the butten 
receives an unclick after it has received a click and there was no other unclick in 
between</quote>. John agreed, but noted <quote who="John Lenton">two different 
events are snagging the trigger: wxMouseEvent, and wxCommandEvent</quote>. He 
went <quote who="John Lenton">to look for the wxMouseEvent thing to kill it with 
extreme prejudice</quote> and reported <quote who="John Lenton">ROTFL, that fixed 
it</quote>. He felt <quote who="John Lenton">there must be a way (at least in wx) 
to say 'I've handled this, don't propagate it any further'</quote>.</p>

</section>

<section title="Using XML to describe database schemas" subject="[IRC] 24 Jun 2002" archive="http://www.gnuenterprise.org/irc-logs/gnue-public.log.24Jun2002" startdate="23 Jun 2002 23:00:00 -0800" enddate="23 Jun 2002 23:00:00 -0800">

<topic>Application Server</topic>
<topic>DCL</topic>

<mention>Stuart Bain</mention>

<p>Jan Ischebeck (siesel) looked at the XSLT scripts available 
in DCL for converting XML database definitions into database
creation scripts for specific databases, as referred to in 
<kcref subject="Contact, Event, and Workshop Managers" archive="http://mail.gnu.org/pipermail/gnue/2002-Jun/003127.html"/>
and 
<kcref title="Converting applications to GNUe" subject="[IRC] 13 Jun 2002"/>, 
and felt this could be used to create the default database tables
for the GNUe Application Server. He asked where these should be 
placed in GNUe's CVS. Derek Neighbors (dneighbo) asked Jan to  
<quote who="Derek Neighbors">check in the .xml file as well as the 
processed .sql files (so we dont make xslt processing a requirement 
for cvs users) yet :)</quote>. HE personally would like to 
restructure CVS to <quote who="Derek Neighbors">move samples and 
things like this out as well as docs of the modules - but thats a 
major undertaking and we certainly dont all feel that way :)</quote> 
Jan asked whether the DCL code had been assigned to the Free 
Software Foundation - <quote who="Jan Ischebeck">i.e. can I directly 
copy it</quote> into GNUe's CVS.</p>

<p><a href="https://web.archive.org/web/20071111045230/http://www.gnuenterprise.org/irc-logs/gnue-public.log.25Jun2002">
The next day</a>, 
Derek Neighbors (dneighbo) and Stuart Bain (stbain) were 
trying out some other GPL-ed finance packages to look at the 
database schemas. Derek did not have Oracle, so talked Stuart 
through extracting the schemas in the XML format.
Derek noted that Jan was moving the code that used this 
from the DCL CVS into GNUe Common (GNU-RPC). 
Jan said he had not done so yet, as he was not sure where it 
should go. Derek said <quote who="Derek Neighbors">basically 
we have the python script that wraps the xslt processor (though 
any xslt processor could be used)</quote>.</p>

<p>Derek gave an example of what a standard SQL CREATE TABLE 
statement would look like in the XML format. As well as being 
a quick way of supporting multiple databases, it also produced 
excellent schema documentation - he 
<a hef="http://goats.gnue.org/~dneighbo/fsf/datadictionary.html">pointed</a> 
to a sample. Instead of converting to XML manually, he was hoping 
<quote who="Derek Neighbors">to use gnue common and its 
introspection and have it auto create XML</quote>.
Stuart posted some sample CREATE TABLE statments in 
MySQL and Oracle formats.</p>

</section>


<section title="Testing the 0.3.0 releases on Microsoft Windows" subject="[IRC] 24 Jun 2002" archive="http://www.gnuenterprise.org/irc-logs/gnue-public.log.24Jun2002" startdate="23 Jun 2002 23:00:00 -0800" enddate="23 Jun 2002 23:00:00 -0800">

<topic>Designer</topic>
<topic>Common</topic>

<p>Andrew Mitchell (gnukiwi) and Stuart Bain (stbain) did some testing of 
the *.exe versions of the 0.3.0 releases on Microsoft Windows. 
Jason Cater (jcater) confimed there was not a common 0.3.0 exe, as it 
was <quote who="Jason Cater">included in designer.exe and forms.exe</quote>. 
Stuart reported that Designer <quote who="Stuart Bain">likes to save me the 
trouble of closing designer whenever I</quote> tried to select a connection. 
Derek Neighbors (dneighbo) suggested running Designer from the command line 
<quote who="Derek Neighbors">and pass it --debug-level=10</quote> to see 
what the error message was. Jason asked <quote who="Jason Cater">are you sure 
it's a valid connections.conf entry?</quote> Derek said that Stuart's 
connections.conf <quote who="Derek Neighbors">seemed somewhat sane - 
but regardless even with a hosed connections.conf it shouldnt just crash 
:)</quote> Stuart reported that the error message was 
<quote who="Stuart Bain">Could not load MySQLdb</quote> - he had 
<quote who="Stuart Bain">tried it with both 'localhost' and the IP 
address</quote>. Jason said that the Windows executables should have support
for <quote who="Jason Cater">odbc, mysql, pypgsql</quote> compiled in.</p>

<p>Derek said <quote who="Derek Neighbors">fwiw we have had lots o issues with 
mysql driver</quote>. Stuart suggested trying the ODBC driver in the meantime.
Andrew reported that <quote who="Andrew Mitchell">mysql odbc driver has 
issues on current debian</quote>. Jason noted that the README for the 
ODBC driver, <quote who="Jason Cater">written by Marc-Andr&#233; Lemburg</quote> 
advised that <quote who="Jason Cater">1. This driver has not been fully 
tested.  If you are successfully using this driver, please let us know.
2. This driver does not yet support schema introspection, so you will not
be able to use Wizards in GNUe Designer.</quote> Stuart confirmed 
<quote who="Stuart Bain">you're right... no Wizards</quote>. Andrew 
asked <quote who="Andrew Mitchell">so who's going to add introspection 
support to the ODBC driver then?</quote>. However, standard ODBC did not 
support introspection at all, and Jason said that <quote who="Jason Cater">the 
underlying odbc driver (C driver)</quote> that was being used 
<quote who="Jason Cater">doesn't support the ODBC extensions</quote> to 
support introspection - <quote who="Jason Cater">so until someone sends them 
a patch, not much we can do :)</quote> This might be a good project for 
any fans of C who had been put off contributing to GNUe by its python-based 
culture.</p>

<p>Stuart said <quote who="Stuart Bain">I Think I may see the 
problem</quote> - he had python already installed, 
<quote who="Stuart Bain">and it looks like it's picking up the Python in 
c:\Python21 and trying to use the MySQL driver from there</quote>. 
Jason said that the <quote who="Jason Cater">McMillan installer should pickup 
our drivers before searching the python path</quote>. Stuart said he had
<quote who="Stuart Bain">no PYTHONPATH set - but I'm betting there are 
some registry entries</quote>. Andrew reported <quote who="Andrew Mitchell">the 
same 'Cannot load MySQLdb' error - and this is on a clean box, no other python 
stuff installed</quote>. Stuart wondered if <quote who="Stuart Bain">py2exe 
embedded that path somehow</quote> as <quote who="Stuart Bain">it's 
referencing libraries in c:\python21\gnue\ that I uninstalled before I 
downloaded the .exe installers today</quote>.</p>

<p>Stuart said that the ODBC drivers were working fine, but Designer 
without introspection was a bit pointless. Derek said that the 
<quote who="Derek Neighbors">other option is to install from source - 
please remember these are developer releases and none of the developers 
use windows - we put up preleases and begged people to test - you just 
happen to be one of the first to test mysql on windows for 0.3.0 
:)</quote></p>

<p>Stuart reported that <quote who="Stuart Bain">I can't 
even edit the properties of any widgets</quote>. Derek said 
<quote who="Derek Neighbors">i believe that is a wxwindows scrollbox 
issue - if you move the property editor to upper left of your screen
then make it large enough that all scrollbars disappear - 
i will bet you can edit properties</quote>. He noted 
<quote who="Derek Neighbors">this behavior is pretty erratic
and so its hard for us to submit bugs to wx on it i.e. we are trying ot 
isolate to see if its us being stupid or real bugs in wx - fwiw: windows 
and certain themes in linux seem to make it more consistent :)</quote>.</p>

<p><a href="https://web.archive.org/web/20071111045230/http://www.gnuenterprise.org/irc-logs/gnue-public.log.25Jun2002">
The next day</a>, Andrew reported the same problem -
<quote who="Andrew Mitchell">none of the text widgets seem editable, so i 
can't change labels, names, etc :) - (this only on winXP, on a decent OS it 
works fine)</quote>. Derek siad <quote who="Derek Neighbors">take your property 
editor - move it to upper left corner of your desktop - then make it big enough 
that all scrollbars disappear</quote>. He added <quote who="Derek Neighbors">even 
decent OS's see this problem though not as consistently as windoze</quote>. 
Andrew reported <quote who="Andrew Mitchell">it fixed that part of it, but the 
entry widgets down the bottom of the main screen still don't like me</quote>. 
Derek said that most items in this section could be edited graphically 
rather than having to type in the properties box - 
<quote who="Derek Neighbors">its far from perfect, but once you learn the 
quirks it can make you pretty darn productive :)</quote></p>
 
</section>


<section title="Tooltips in Forms" subject="[IRC] 25 Jun 2002" archive="http://www.gnuenterprise.org/irc-logs/gnue-public.log.25Jun2002" startdate="24 Jun 2002 23:00:00 -0800" enddate="24 Jun 2002 23:00:00 -0800">

<topic>Forms</topic>

<p>John Lenton (Chipaca) asked <quote who="John Lenton">how do 
I get a tooltip?</quote>. Derek Neighbors (dneighbo) said it used 
the options tag, and gave an example: 
<quote who="Derek Neighbors">
&lt;entry name="text2" x="1" y="5" width="10"&gt; 
   &lt;options&gt; 
      &lt;option name="tip" value="This is the tip for the second text box"/&gt; 
   &lt;/options&gt; 
&lt;/entry&gt;
</quote>.</p>

</section>


<section title="GNUe Documentation" subject="[IRC] 25 Jun 2002" archive="http://www.gnuenterprise.org/irc-logs/gnue-public.log.25Jun2002" startdate="24 Jun 2002 23:00:00 -0800" enddate="24 Jun 2002 23:00:00 -0800">

<p>Calum Morrell (drochaid) asked <quote who="Calum Morrell">are 
there any noddy guides for GNUe yet?</quote> Stuart Bain 
(stbain) suggested <quote who="Stuart Bain">GNUe for Dummies - 
how about a GRIP - Guide for Reasonably Intelligent People</quote>?
Several people volunteered to do training/consultancy at typical 
high ERP consultancy rates. Later, Calum volunteered to 
do a first draft.</p>

</section>


<section title="Foreign Key drop-down boxes" subject="[IRC] 25 Jun 2002" archive="http://www.gnuenterprise.org/irc-logs/gnue-public.log.25Jun2002" startdate="24 Jun 2002 23:00:00 -0800" enddate="24 Jun 2002 23:00:00 -0800">

<topic>Forms</topic>

<p>Calum Morrell (drochaid) asked <quote who="Calum Morrell">what's 
the fast way to populate a drop-down box with entries from a table 
different to the one the block the box is on is attached to?</quote> 
Derek Neighbors (dneighbo) said <quote who="Derek Neighbors">i would 
say look at a sample BUT i think jcater took my suggestion and 
changed how dropdowns work :)</quote> Derek explained the basic 
scenario, with bar having foo as a foreign key. You needed to 
add the foo look-up table as an additional datasource for the form. 
<quote who="Derek Neighbors">Then go to tableBar.fooid entry
and open up property inspector change its type(style) to dropdown
then go up to foreign key seciont. In foreign key data source put 
name of datasource you just made - in lookup/key put fooid - 
in fk description put foodesc</quote>. This was new functionality
<quote who="Derek Neighbors">as lookups used to only have two fields 
not three</quote> - it had been added since the 0.3.0 releases, but 
CVS had it. You also needed to set prequery="true" on the new 
foreign key datasource to ensure that the look-up was 
automatically populated whenever the form was opened.</p>

</section>


<section title="Multi-table Datasources" subject="[IRC] 25 Jun 2002" archive="http://www.gnuenterprise.org/irc-logs/gnue-public.log.25Jun2002" startdate="24 Jun 2002 23:00:00 -0800" enddate="24 Jun 2002 23:00:00 -0800">

<topic>Forms</topic>

<mention>Marcos Dione</mention>

<p>John Lenton (Chipaca) said <quote who="John Lenton">we're needing 
a datasource that accesses multiple tables</quote> and asked how to 
do that. This was <quote who="John Lenton">a 1:1</quote> rather than 
a master-detail or foreign key lookup, both of which were already 
supported. Jason Cater (jcater) suggested two possible syntaxes, 
using a &lt;datasource type="join"&gt; tag. Marcos Dione (StyXman) said 
he had thought of something similar to Jason's first suggestion. 
John said that the type="join" was probably unecessary as 
<quote who="John Lenton">because the name ("table1,table2") is easily 
reckognizable</quote> as a join. Derek Neighbors (dneighbo) 
suggested <quote who="Derek Neighbors">why not do this in the db?
why not make a 'view' or such</quote>? Jason said that 
<quote who="Jason Cater">to do a view each time is a biotch</quote>, 
and Marcos pointed out that not all databases supported them. 
Derek conceeded this, but said he was not keen on the proposed 
syntax. Jason said he was <quote who="Jason Cater">trying to think 
of a better way and can't - using conditions makes sense to me, though
- as sometimes the joins can be complex</quote>. He wanted to 
avoid creating a &lt;table&gt; tag, as this might be needed as a 
reserved word elsewhere. John suggested keeping it simple to start 
with, and dealing with complications like inner and outer joins later. 
Jason agreed - <quote who="Jason Cater">that's been our approach in the 
past :) get something working - then make it "proper" later on 
:)</quote> Everybody started throwing parties (or other objects) to 
celebrate.</p>


</section>


<section title="Head and branch in CVS" subject="[IRC] 25 Jun 2002" archive="http://www.gnuenterprise.org/irc-logs/gnue-public.log.25Jun2002" startdate="24 Jun 2002 23:00:00 -0800" enddate="24 Jun 2002 23:00:00 -0800">

<topic>Forms</topic>
<topic>Designer</topic>
<topic>Common</topic>

<p>Jason Cater (jcater) confirmed that <quote who="Jason Cater">CVS head 
is marked as 0.4.0-devel</quote> - the stable branch was for 0.3.x, as 
announced in 
<kcref title="Branching CVS to split bug fixes and new features" subject="[IRC] 15 Jun 2002"/>.
People might get spurious warning messages from CVS when switching from 
head to branch or vice versa.</p>

</section>


<section title="Spam on GNUe's bug-tracking e-mail gateway" subject="[IRC] 26 Jun 2002" archive="http://www.gnuenterprise.org/irc-logs/gnue-public.log.26Jun2002" startdate="25 Jun 2002 23:00:00 -0800" enddate="25 Jun 2002 23:00:00 -0800">

<topic>DCL</topic>

<p>Derek Neighbors (dneighbo) noted that the email gateway to the 
GNUe project's bug tracking system <quote who="Derek Neighbors">is 
getting spammed how sad</quote>. Various people speculated as to 
why spammers thought that a bug tracking system might want to buy 
Viagra, or get a bigger bust within 30 days, although it might 
conceivably be interested in "a faster, more reliable Windows..."</p>

</section>


<section title="Two-column drop-down boxes for foreign keys" subject="[IRC] 26 Jun 2002" archive="http://www.gnuenterprise.org/irc-logs/gnue-public.log.26Jun2002" startdate="25 Jun 2002 23:00:00 -0800" enddate="25 Jun 2002 23:00:00 -0800">

<topic>Forms</topic>

<p>It was asked if a drop-down box could contain two columns from the 
foreign key table - it could already show the foreign key description but
populate the foreign key value. Derek Neighbors (dneigho) said this 
had been discussed, <quote who="Derek Neighbors">but i dont think we ever 
implemented it</quote>. Jason Cater (jcater) said this would be 
<quote who="Jason Cater">not hard at all - shall I hack it up 
quickly?</quote> The <quote who="Jason Cater">only problem is, not sure 
if wx supports multicolumn combos - so I would have to concatenate 
them</quote>. He would check the wx documentation. Derek raised this as 
a work order in DCL. Not very much later, Jason reported 
<quote who="Jason Cater">if anyone wants to test - Work Order 73 is 
done</quote>. He have an example of how it could be used to list both 
U.S. state code and description in a drop-down box.</p>

</section>


<section title="NOLA as a free alternative to GNUe Financials" subject="[IRC] 26 Jun 2002" archive="http://www.gnuenterprise.org/irc-logs/gnue-public.log.26Jun2002" startdate="25 Jun 2002 23:00:00 -0800" enddate="25 Jun 2002 23:00:00 -0800">

<topic>Financials (Accounting)</topic>
<topic>Why GNUe?</topic>

<mention>Peter Sullivan</mention>

<p>Stuart Bain (stbain) said he had <quote who="Stuart Bain">just talked 
my customer into giving 
<a href="https://web.archive.org/web/20071111045230/http://www.nola.noguska.com/main.html">Nola</a> 
a whirl - his accounting firm is trying to 
sell him on Great Pains</quote>. <editorialize who="Peter Sullivan">I 
<strong>think</strong> that's a typo, but have left it in just in 
case.</editorialize> Stuart asked if anyone was using NOLA 
<quote who="Stuart Bain">in a production environment right now?</quote> 
Derek Neighbors (dneighbo) said he might be able to find out - 
<quote who="Derek Neighbors">they are highly specialized vertical industry 
shop (speciallying in print shops) - so im certain a few of their printshop 
clients are using it</quote>.</p>

<p>He said he had changed his opinion of NOLA - 
<quote who="Derek Neighbors">i think they get it without getting it</quote>. 
They <quote who="Derek Neighbors">are not boned up on free software, lingo 
liguistics and the such</quote> but had found that releasing NOLA under the 
GNU Public License made sound business sense for them - 
<quote who="Derek Neighbors">accounting isnt their main 'package' - 
so to cover their arse they GPL'ed it, hoping others would help maintain 
it and keep it going for them</quote>. In fact, <quote who="Derek Neighbors">when 
i told them i was adding fund accounting the response was - hey a lot of 
people ask for that, can we send them to you</quote>. They had also said 
<quote who="Derek Neighbors">that NOLA was their free product so it got 
least of their 'developer' attention - so it would be a week or so until 
they could review the patches</quote>, which he thought was still fairly 
speedy!</p>

<p>He thought that Noguska had developed NOLA because they had been 
asked by their print shop customers <quote who="Derek Neighbors">if they 
had accounting</quote> and rather than do a <quote who="Derek Neighbors">deal 
with other vendors (quickbooks and such) interfacing to their real 
products</quote> they had <quote who="Derek Neighbors">figured lets whip 
together somethign and basically give it to customers in hopes 
we dont have to jerk around with someone elses software</quote>.</p>

</section>


</kc><!--
     FILE ARCHIVED ON 04:52:30 Nov 11, 2007 AND RETRIEVED FROM THE
     INTERNET ARCHIVE ON 09:27:54 Dec 05, 2018.
     JAVASCRIPT APPENDED BY WAYBACK MACHINE, COPYRIGHT INTERNET ARCHIVE.

     ALL OTHER CONTENT MAY ALSO BE PROTECTED BY COPYRIGHT (17 U.S.C.
     SECTION 108(a)(3)).
-->
<!--
playback timings (ms):
  LoadShardBlock: 1149.366 (3)
  esindex: 0.009
  captures_list: 1458.801
  CDXLines.iter: 13.351 (3)
  PetaboxLoader3.datanode: 96.003 (4)
  exclusion.robots: 0.46
  exclusion.robots.policy: 0.438
  RedisCDXSource: 292.081
  PetaboxLoader3.resolve: 1106.893 (4)
  load_resource: 97.599
-->