<?xml version="1.0" ?>

<script src="//archive.org/includes/analytics.js?v=cf34f82" type="text/javascript"></script>
<script type="text/javascript">window.addEventListener('DOMContentLoaded',function(){var v=archive_analytics.values;v.service='wb';v.server_name='wwwb-app23.us.archive.org';v.server_ms=200;archive_analytics.send_pageview({});});</script>
<script type="text/javascript" src="/static/js/ait-client-rewrite.js?v=1543384230.0" charset="utf-8"></script>
<script type="text/javascript">
WB_wombat_Init('https://web.archive.org/web', '20071111045905', 'www.kerneltraffic.org');
</script>
<script type="text/javascript" src="/static/js/wbhack.js?v=1543384230.0" charset="utf-8"></script>
<script type="text/javascript">
__wbhack.init('https://web.archive.org/web');
</script>
<link rel="stylesheet" type="text/css" href="/static/css/banner-styles.css?v=1543384230.0" />
<link rel="stylesheet" type="text/css" href="/static/css/iconochive.css?v=1543384230.0" />
<!-- End Wayback Rewrite JS Include -->
<!-- BEGIN WAYBACK TOOLBAR INSERT -->
<script type="text/javascript" src="/static/js/timestamp.js?v=1543384230.0" charset="utf-8"></script>
<script type="text/javascript" src="/static/js/graph-calc.js?v=1543384230.0" charset="utf-8"></script>
<script type="text/javascript" src="/static/js/auto-complete.js?v=1543384230.0" charset="utf-8"></script>
<script type="text/javascript" src="/static/js/toolbar.js?v=1543384230.0" charset="utf-8"></script>
<style type="text/css">
body {
  margin-top:0 !important;
  padding-top:0 !important;
  /*min-width:800px !important;*/
}
.wb-autocomplete-suggestions {
    text-align: left; cursor: default; border: 1px solid #ccc; border-top: 0; background: #fff; box-shadow: -1px 1px 3px rgba(0,0,0,.1);
    position: absolute; display: none; z-index: 2147483647; max-height: 254px; overflow: hidden; overflow-y: auto; box-sizing: border-box;
}
.wb-autocomplete-suggestion { position: relative; padding: 0 .6em; line-height: 23px; white-space: nowrap; overflow: hidden; text-overflow: ellipsis; font-size: 1.02em; color: #333; }
.wb-autocomplete-suggestion b { font-weight: bold; }
.wb-autocomplete-suggestion.selected { background: #f0f0f0; }
</style>
<div id="wm-ipp" lang="en" style="display:none;direction:ltr;">
<div style="position:fixed;left:0;top:0;right:0;">
<div id="wm-ipp-inside">
  <div style="position:relative;">
    <div id="wm-logo" style="float:left;width:130px;padding-top:10px;">
      <a href="/web/" title="Wayback Machine home page"><img src="/static/images/toolbar/wayback-toolbar-logo.png" alt="Wayback Machine" width="110" height="39" border="0" /></a>
    </div>
    <div class="r" style="float:right;">
      <div id="wm-btns" style="text-align:right;height:25px;">
                  <div id="wm-save-snapshot-success">success</div>
          <div id="wm-save-snapshot-fail">fail</div>
          <a href="#"
             onclick="__wm.saveSnapshot('http://www.kerneltraffic.org/GNUe/gnue20030517_81.xml', '20071111045905')"
             title="Share via My Web Archive"
             id="wm-save-snapshot-open"
          >
            <span class="iconochive-web"></span>
          </a>
          <a href="https://archive.org/account/login.php"
             title="Sign In"
             id="wm-sign-in"
          >
            <span class="iconochive-person"></span>
          </a>
          <span id="wm-save-snapshot-in-progress" class="iconochive-web"></span>
        	<a href="http://faq.web.archive.org/" title="Get some help using the Wayback Machine" style="top:-6px;"><span class="iconochive-question" style="color:rgb(87,186,244);font-size:160%;"></span></a>
	<a id="wm-tb-close" href="#close" onclick="__wm.h(event);return false;" style="top:-2px;" title="Close the toolbar"><span class="iconochive-remove-circle" style="color:#888888;font-size:240%;"></span></a>
      </div>
      <div id="wm-share" style="text-align:right;">
	<a href="#" onclick="window.open('https://www.facebook.com/sharer/sharer.php?u=https://web.archive.org/web/20071111045905/http://www.kerneltraffic.org/GNUe/gnue20030517_81.xml', '', 'height=400,width=600'); return false;" title="Share on Facebook" style="margin-right:5px;" target="_blank"><span class="iconochive-facebook" style="color:#3b5998;font-size:160%;"></span></a>
	<a href="#" onclick="window.open('https://twitter.com/intent/tweet?text=https://web.archive.org/web/20071111045905/http://www.kerneltraffic.org/GNUe/gnue20030517_81.xml&amp;via=internetarchive', '', 'height=400,width=600'); return false;" title="Share on Twitter" style="margin-right:5px;" target="_blank"><span class="iconochive-twitter" style="color:#1dcaff;font-size:160%;"></span></a>
      </div>
    </div>
    <table class="c" style="">
      <tbody>
	<tr>
	  <td class="u" colspan="2">
	    <form target="_top" method="get" action="/web/submit" name="wmtb" id="wmtb"><input type="text" name="url" id="wmtbURL" value="http://www.kerneltraffic.org/GNUe/gnue20030517_81.xml" onfocus="this.focus();this.select();" /><input type="hidden" name="type" value="replay" /><input type="hidden" name="date" value="20071111045905" /><input type="submit" value="Go" /></form>
	  </td>
	  <td class="n" rowspan="2" style="width:110px;">
	    <table>
	      <tbody>
		<!-- NEXT/PREV MONTH NAV AND MONTH INDICATOR -->
		<tr class="m">
		  <td class="b" nowrap="nowrap"><a href="https://web.archive.org/web/20050212035837/http://www.kerneltraffic.org:80/GNUe/gnue20030517_81.xml" title="12 Feb 2005"><strong>Feb</strong></a></td>
		  <td class="c" id="displayMonthEl" title="You are here: 04:59:05 Nov 11, 2007">NOV</td>
		  <td class="f" nowrap="nowrap"><a href="https://web.archive.org/web/20080830055703/http://www.kerneltraffic.org/GNUe/gnue20030517_81.xml" title="30 Aug 2008"><strong>Aug</strong></a></td>
		</tr>
		<!-- NEXT/PREV CAPTURE NAV AND DAY OF MONTH INDICATOR -->
		<tr class="d">
		  <td class="b" nowrap="nowrap"><a href="https://web.archive.org/web/20050212035837/http://www.kerneltraffic.org:80/GNUe/gnue20030517_81.xml" title="03:58:37 Feb 12, 2005"><img src="/static/images/toolbar/wm_tb_prv_on.png" alt="Previous capture" width="14" height="16" border="0" /></a></td>
		  <td class="c" id="displayDayEl" style="width:34px;font-size:24px;white-space:nowrap;" title="You are here: 04:59:05 Nov 11, 2007">11</td>
		  <td class="f" nowrap="nowrap"><a href="https://web.archive.org/web/20080830055703/http://www.kerneltraffic.org/GNUe/gnue20030517_81.xml" title="05:57:03 Aug 30, 2008"><img src="/static/images/toolbar/wm_tb_nxt_on.png" alt="Next capture" width="14" height="16" border="0" /></a></td>
		</tr>
		<!-- NEXT/PREV YEAR NAV AND YEAR INDICATOR -->
		<tr class="y">
		  <td class="b" nowrap="nowrap"><a href="https://web.archive.org/web/20050212035837/http://www.kerneltraffic.org:80/GNUe/gnue20030517_81.xml" title="12 Feb 2005"><strong>2005</strong></a></td>
		  <td class="c" id="displayYearEl" title="You are here: 04:59:05 Nov 11, 2007">2007</td>
		  <td class="f" nowrap="nowrap">2008</td>
		</tr>
	      </tbody>
	    </table>
	  </td>
	</tr>
	<tr>
	  <td class="s">
	    	    <div id="wm-nav-captures">
	      	      <a class="t" href="/web/20071111045905*/http://www.kerneltraffic.org/GNUe/gnue20030517_81.xml" title="See a list of every capture for this URL">5 captures</a>
	      <div class="r" title="Timespan for captures of this URL">26 Aug 2003 - 30 Aug 2008</div>
	      </div>
	  </td>
	  <td class="k">
	    <a href="" id="wm-graph-anchor">
	      <div id="wm-ipp-sparkline" title="Explore captures for this URL" style="position: relative">
		<canvas id="wm-sparkline-canvas" width="575" height="27" border="0"></canvas>
	      </div>
	    </a>
	  </td>
	</tr>
      </tbody>
    </table>
    <div style="position:absolute;bottom:0;right:2px;text-align:right;">
      <a id="wm-expand" class="wm-btn wm-closed" href="#expand" onclick="__wm.ex(event);return false;"><span id="wm-expand-icon" class="iconochive-down-solid"></span> <span style="font-size:80%">About this capture</span></a>
    </div>
  </div>
    <div id="wm-capinfo" style="border-top:1px solid #777;display:none; overflow: hidden">
            <div style="background-color:#666;color:#fff;font-weight:bold;text-align:center">COLLECTED BY</div>
    <div style="padding:3px;position:relative" id="wm-collected-by-content">
            <div style="display:inline-block;vertical-align:top;width:50%;">
			<span class="c-logo" style="background-image:url(https://archive.org/services/img/webwidecrawl);"></span>
		Organization: <a style="color:#33f;" href="https://archive.org/details/webwidecrawl" target="_new"><span class="wm-title">Internet Archive</span></a>
		<div style="max-height:75px;overflow:hidden;position:relative;">
	  <div style="position:absolute;top:0;left:0;width:100%;height:75px;background:linear-gradient(to bottom,rgba(255,255,255,0) 0%,rgba(255,255,255,0) 90%,rgba(255,255,255,255) 100%);"></div>
	  The Internet Archive discovers and captures web pages through many different web crawls.

At any given time several distinct crawls are running, some for months, and some every day or longer.

View the web archive through the <a href="http://archive.org/web/web.php">Wayback Machine</a>.
	</div>
	      </div>
      <div style="display:inline-block;vertical-align:top;width:49%;">
			<span class="c-logo" style="background-image:url(https://archive.org/services/img/aroundtheworldcrawl)"></span>
		<div>Collection: <a style="color:#33f;" href="https://archive.org/details/aroundtheworldcrawl" target="_new"><span class="wm-title">Around The World Crawl</span></a></div>
		<div style="max-height:75px;overflow:hidden;position:relative;">
	  <div style="position:absolute;top:0;left:0;width:100%;height:75px;background:linear-gradient(to bottom,rgba(255,255,255,0) 0%,rgba(255,255,255,0) 90%,rgba(255,255,255,255) 100%);"></div>
	  Data crawled by Sloan Foundation on behalf of Internet Archive
<br /><br />
	</div>
	      </div>
    </div>
    <div style="background-color:#666;color:#fff;font-weight:bold;text-align:center" title="Timestamps for the elements of this page">TIMESTAMPS</div>
    <div>
      <div id="wm-capresources" style="margin:0 5px 5px 5px;max-height:250px;overflow-y:scroll !important"></div>
      <div id="wm-capresources-loading" style="text-align:left;margin:0 20px 5px 5px;display:none"><img src="/static/images/loading.gif" alt="loading" /></div>
    </div>
  </div></div></div></div><script type="text/javascript">
__wm.bt(575,27,25,2,"web","http://www.kerneltraffic.org/GNUe/gnue20030517_81.xml","2007-11-11",1996);
</script>
<!-- END WAYBACK TOOLBAR INSERT --><kc>

<title>GNUe Traffic</title>

<editor contact="mailto:psu@burdonvale.co.uk">Peter Sullivan</editor>

<issue num="81" date="17 May 2003 00:00:00 -0800"/>

<intro>
  This covers the three main mailing lists for the 
  <a href="https://web.archive.org/web/20071111045905/http://www.gnuenterprise.org/">GNU Enterprise</a> 
  project, plus the #gnuenterprise IRC channel.
</intro>


<section title="On-Activation Trigger in Forms" subject="[IRC] 08 May 2003" archive="http://www.gnuenterprise.org/irc-logs/gnue-public.log.08May2003" author="Arturas Kriukovas" contact="mailto:arturas@gsk.vtu.lt" startdate="08 May 2003 04:00:00 -0800" enddate="08 May 2003 04:00:00 -0800">

<topic>Forms</topic>

<mention>James Thompson</mention>
<mention>ra3vat</mention>
<mention>Dmitry Sorokin</mention>

<p>Dmitry Sorokin (ra3vat) asked Jason Cater (jcater) how on-activation 
trigger differs from on-startup. Jason offered asking James Thompson 
(jamest) for specifications. He thought that on-startup
runned when form was loaded; and <quote who="Jason Cater">on-activation 
is fired once each time a form (dialog) is called</quote>, on activation 
runs each time a form is displayed - it is convenient
<quote who="Jason Cater">to clear the fields from the last time it was 
called</quote>.</p>

</section>


<section title="LDAP and GNUe" subject="[IRC] 12 May 2003" archive="http://www.gnuenterprise.org/irc-logs/gnue-public.log.12May2003" author="Peter Sullivan" contact="mailto:psu@burdonvale.co.uk" startdate="12 May 2003 04:00:00 -0800" enddate="12 May 2003 04:00:00 -0800">

<topic>Common</topic>

<mention>Jan Ischebeck</mention>
<mention>Jeff Bailey</mention>

<p>Perry Lorier (IsoosI) asked <quote who="Perry Lorier">can gnue 
use a ldap backend</quote> to access the Lighweight Directory Access 
Protocol (LDAP)? It was noted that Jan Ischebeck (siesel) had committed 
some code to CVS in gnue/common/src/datasources/drivers/ldap. Perry went
<quote who="Perry Lorier">off to code some gnue forms for 
ldap :)</quote> He asked <quote who="Perry Lorier">how up to date is 
the version of gnue in sid?</quote> Andrew Mitchell (ajmitch), refering to 
the IRC topic, said that the <quote who="Andrew Mitchell">old one in sid, 
new one on</quote> Jeff Bailey's (jbailey) section of the 
<a href="https://web.archive.org/web/20071111045905/http://people.debian.org/~jbailey/">http://people.debian.org</a> 
website. Perry said he would report back once he had got LDAP working.</p>

</section>



<section title="Address book from Reports" subject="[IRC] 13 May 2003" archive="http://www.gnuenterprise.org/irc-logs/gnue-public.log.13May2003" author="Peter Sullivan" contact="mailto:psu@burdonvale.co.uk" startdate="13 May 2003 04:00:00 -0800" enddate="13 May 2003 04:00:00 -0800">

<topic>Reports</topic>

<p>Derek Neighbors (derek) asked <quote who="Derek Neighbors">how feasible 
is reports</quote> as of time of writing <quote who="Derek Neighbors">for 
say an address book? i know its capable of invoices etc that is fixed page
- but basically by weeks end i need to print church directory with images 
:)</quote> He <quote who="Derek Neighbors">would LOVE to use gnue reports - 
/me might revisit the html xsl stuff - and go that route</quote>. 
Jason Cater (jcater) said it was <quote who="Jason Cater">probably 
doable</quote>. Derek said <quote who="Derek Neighbors">i assume if you 
cna do labels - you can do a directory - as its same concept wrt 
layout</quote>.</p>

</section>

</kc><!--
     FILE ARCHIVED ON 04:59:05 Nov 11, 2007 AND RETRIEVED FROM THE
     INTERNET ARCHIVE ON 09:24:29 Dec 05, 2018.
     JAVASCRIPT APPENDED BY WAYBACK MACHINE, COPYRIGHT INTERNET ARCHIVE.

     ALL OTHER CONTENT MAY ALSO BE PROTECTED BY COPYRIGHT (17 U.S.C.
     SECTION 108(a)(3)).
-->
<!--
playback timings (ms):
  LoadShardBlock: 95.997 (3)
  esindex: 0.013
  captures_list: 113.283
  CDXLines.iter: 11.669 (3)
  PetaboxLoader3.datanode: 147.49 (4)
  exclusion.robots: 0.389
  exclusion.robots.policy: 0.37
  RedisCDXSource: 1.699
  load_resource: 61.599
-->