<?xml version="1.0" ?>

<script src="//archive.org/includes/analytics.js?v=cf34f82" type="text/javascript"></script>
<script type="text/javascript">window.addEventListener('DOMContentLoaded',function(){var v=archive_analytics.values;v.service='wb';v.server_name='wwwb-app12.us.archive.org';v.server_ms=832;archive_analytics.send_pageview({});});</script>
<script type="text/javascript" src="/static/js/ait-client-rewrite.js?v=1543384230.0" charset="utf-8"></script>
<script type="text/javascript">
WB_wombat_Init('https://web.archive.org/web', '20071111042151', 'www.kerneltraffic.org');
</script>
<script type="text/javascript" src="/static/js/wbhack.js?v=1543384230.0" charset="utf-8"></script>
<script type="text/javascript">
__wbhack.init('https://web.archive.org/web');
</script>
<link rel="stylesheet" type="text/css" href="/static/css/banner-styles.css?v=1543384230.0" />
<link rel="stylesheet" type="text/css" href="/static/css/iconochive.css?v=1543384230.0" />
<!-- End Wayback Rewrite JS Include -->
<!-- BEGIN WAYBACK TOOLBAR INSERT -->
<script type="text/javascript" src="/static/js/timestamp.js?v=1543384230.0" charset="utf-8"></script>
<script type="text/javascript" src="/static/js/graph-calc.js?v=1543384230.0" charset="utf-8"></script>
<script type="text/javascript" src="/static/js/auto-complete.js?v=1543384230.0" charset="utf-8"></script>
<script type="text/javascript" src="/static/js/toolbar.js?v=1543384230.0" charset="utf-8"></script>
<style type="text/css">
body {
  margin-top:0 !important;
  padding-top:0 !important;
  /*min-width:800px !important;*/
}
.wb-autocomplete-suggestions {
    text-align: left; cursor: default; border: 1px solid #ccc; border-top: 0; background: #fff; box-shadow: -1px 1px 3px rgba(0,0,0,.1);
    position: absolute; display: none; z-index: 2147483647; max-height: 254px; overflow: hidden; overflow-y: auto; box-sizing: border-box;
}
.wb-autocomplete-suggestion { position: relative; padding: 0 .6em; line-height: 23px; white-space: nowrap; overflow: hidden; text-overflow: ellipsis; font-size: 1.02em; color: #333; }
.wb-autocomplete-suggestion b { font-weight: bold; }
.wb-autocomplete-suggestion.selected { background: #f0f0f0; }
</style>
<div id="wm-ipp" lang="en" style="display:none;direction:ltr;">
<div style="position:fixed;left:0;top:0;right:0;">
<div id="wm-ipp-inside">
  <div style="position:relative;">
    <div id="wm-logo" style="float:left;width:130px;padding-top:10px;">
      <a href="/web/" title="Wayback Machine home page"><img src="/static/images/toolbar/wayback-toolbar-logo.png" alt="Wayback Machine" width="110" height="39" border="0" /></a>
    </div>
    <div class="r" style="float:right;">
      <div id="wm-btns" style="text-align:right;height:25px;">
                  <div id="wm-save-snapshot-success">success</div>
          <div id="wm-save-snapshot-fail">fail</div>
          <a href="#"
             onclick="__wm.saveSnapshot('http://www.kerneltraffic.org/GNUe/gnue20030405_75.xml', '20071111042151')"
             title="Share via My Web Archive"
             id="wm-save-snapshot-open"
          >
            <span class="iconochive-web"></span>
          </a>
          <a href="https://archive.org/account/login.php"
             title="Sign In"
             id="wm-sign-in"
          >
            <span class="iconochive-person"></span>
          </a>
          <span id="wm-save-snapshot-in-progress" class="iconochive-web"></span>
        	<a href="http://faq.web.archive.org/" title="Get some help using the Wayback Machine" style="top:-6px;"><span class="iconochive-question" style="color:rgb(87,186,244);font-size:160%;"></span></a>
	<a id="wm-tb-close" href="#close" onclick="__wm.h(event);return false;" style="top:-2px;" title="Close the toolbar"><span class="iconochive-remove-circle" style="color:#888888;font-size:240%;"></span></a>
      </div>
      <div id="wm-share" style="text-align:right;">
	<a href="#" onclick="window.open('https://www.facebook.com/sharer/sharer.php?u=https://web.archive.org/web/20071111042151/http://www.kerneltraffic.org/GNUe/gnue20030405_75.xml', '', 'height=400,width=600'); return false;" title="Share on Facebook" style="margin-right:5px;" target="_blank"><span class="iconochive-facebook" style="color:#3b5998;font-size:160%;"></span></a>
	<a href="#" onclick="window.open('https://twitter.com/intent/tweet?text=https://web.archive.org/web/20071111042151/http://www.kerneltraffic.org/GNUe/gnue20030405_75.xml&amp;via=internetarchive', '', 'height=400,width=600'); return false;" title="Share on Twitter" style="margin-right:5px;" target="_blank"><span class="iconochive-twitter" style="color:#1dcaff;font-size:160%;"></span></a>
      </div>
    </div>
    <table class="c" style="">
      <tbody>
	<tr>
	  <td class="u" colspan="2">
	    <form target="_top" method="get" action="/web/submit" name="wmtb" id="wmtb"><input type="text" name="url" id="wmtbURL" value="http://www.kerneltraffic.org/GNUe/gnue20030405_75.xml" onfocus="this.focus();this.select();" /><input type="hidden" name="type" value="replay" /><input type="hidden" name="date" value="20071111042151" /><input type="submit" value="Go" /></form>
	  </td>
	  <td class="n" rowspan="2" style="width:110px;">
	    <table>
	      <tbody>
		<!-- NEXT/PREV MONTH NAV AND MONTH INDICATOR -->
		<tr class="m">
		  <td class="b" nowrap="nowrap"><a href="https://web.archive.org/web/20051118082034/http://www.kerneltraffic.org:80/GNUe/gnue20030405_75.xml" title="18 Nov 2005"><strong>Nov</strong></a></td>
		  <td class="c" id="displayMonthEl" title="You are here: 04:21:51 Nov 11, 2007">NOV</td>
		  <td class="f" nowrap="nowrap">Dec</td>
		</tr>
		<!-- NEXT/PREV CAPTURE NAV AND DAY OF MONTH INDICATOR -->
		<tr class="d">
		  <td class="b" nowrap="nowrap"><a href="https://web.archive.org/web/20051118082034/http://www.kerneltraffic.org:80/GNUe/gnue20030405_75.xml" title="08:20:34 Nov 18, 2005"><img src="/static/images/toolbar/wm_tb_prv_on.png" alt="Previous capture" width="14" height="16" border="0" /></a></td>
		  <td class="c" id="displayDayEl" style="width:34px;font-size:24px;white-space:nowrap;" title="You are here: 04:21:51 Nov 11, 2007">11</td>
		  <td class="f" nowrap="nowrap"><img src="/static/images/toolbar/wm_tb_nxt_off.png" alt="Next capture" width="14" height="16" border="0" /></td>
		</tr>
		<!-- NEXT/PREV YEAR NAV AND YEAR INDICATOR -->
		<tr class="y">
		  <td class="b" nowrap="nowrap"><a href="https://web.archive.org/web/20051118082034/http://www.kerneltraffic.org:80/GNUe/gnue20030405_75.xml" title="18 Nov 2005"><strong>2005</strong></a></td>
		  <td class="c" id="displayYearEl" title="You are here: 04:21:51 Nov 11, 2007">2007</td>
		  <td class="f" nowrap="nowrap">2008</td>
		</tr>
	      </tbody>
	    </table>
	  </td>
	</tr>
	<tr>
	  <td class="s">
	    	    <div id="wm-nav-captures">
	      	      <a class="t" href="/web/20071111042151*/http://www.kerneltraffic.org/GNUe/gnue20030405_75.xml" title="See a list of every capture for this URL">5 captures</a>
	      <div class="r" title="Timespan for captures of this URL">13 Jun 2003 - 11 Nov 2007</div>
	      </div>
	  </td>
	  <td class="k">
	    <a href="" id="wm-graph-anchor">
	      <div id="wm-ipp-sparkline" title="Explore captures for this URL" style="position: relative">
		<canvas id="wm-sparkline-canvas" width="575" height="27" border="0"></canvas>
	      </div>
	    </a>
	  </td>
	</tr>
      </tbody>
    </table>
    <div style="position:absolute;bottom:0;right:2px;text-align:right;">
      <a id="wm-expand" class="wm-btn wm-closed" href="#expand" onclick="__wm.ex(event);return false;"><span id="wm-expand-icon" class="iconochive-down-solid"></span> <span style="font-size:80%">About this capture</span></a>
    </div>
  </div>
    <div id="wm-capinfo" style="border-top:1px solid #777;display:none; overflow: hidden">
            <div style="background-color:#666;color:#fff;font-weight:bold;text-align:center">COLLECTED BY</div>
    <div style="padding:3px;position:relative" id="wm-collected-by-content">
            <div style="display:inline-block;vertical-align:top;width:50%;">
			<span class="c-logo" style="background-image:url(https://archive.org/services/img/webwidecrawl);"></span>
		Organization: <a style="color:#33f;" href="https://archive.org/details/webwidecrawl" target="_new"><span class="wm-title">Internet Archive</span></a>
		<div style="max-height:75px;overflow:hidden;position:relative;">
	  <div style="position:absolute;top:0;left:0;width:100%;height:75px;background:linear-gradient(to bottom,rgba(255,255,255,0) 0%,rgba(255,255,255,0) 90%,rgba(255,255,255,255) 100%);"></div>
	  The Internet Archive discovers and captures web pages through many different web crawls.

At any given time several distinct crawls are running, some for months, and some every day or longer.

View the web archive through the <a href="http://archive.org/web/web.php">Wayback Machine</a>.
	</div>
	      </div>
      <div style="display:inline-block;vertical-align:top;width:49%;">
			<span class="c-logo" style="background-image:url(https://archive.org/services/img/aroundtheworldcrawl)"></span>
		<div>Collection: <a style="color:#33f;" href="https://archive.org/details/aroundtheworldcrawl" target="_new"><span class="wm-title">Around The World Crawl</span></a></div>
		<div style="max-height:75px;overflow:hidden;position:relative;">
	  <div style="position:absolute;top:0;left:0;width:100%;height:75px;background:linear-gradient(to bottom,rgba(255,255,255,0) 0%,rgba(255,255,255,0) 90%,rgba(255,255,255,255) 100%);"></div>
	  Data crawled by Sloan Foundation on behalf of Internet Archive
<br /><br />
	</div>
	      </div>
    </div>
    <div style="background-color:#666;color:#fff;font-weight:bold;text-align:center" title="Timestamps for the elements of this page">TIMESTAMPS</div>
    <div>
      <div id="wm-capresources" style="margin:0 5px 5px 5px;max-height:250px;overflow-y:scroll !important"></div>
      <div id="wm-capresources-loading" style="text-align:left;margin:0 20px 5px 5px;display:none"><img src="/static/images/loading.gif" alt="loading" /></div>
    </div>
  </div></div></div></div><script type="text/javascript">
__wm.bt(575,27,25,2,"web","http://www.kerneltraffic.org/GNUe/gnue20030405_75.xml","2007-11-11",1996);
</script>
<!-- END WAYBACK TOOLBAR INSERT --><kc>

<title>GNUe Traffic</title>

<editor contact="mailto:psu@burdonvale.co.uk">Peter Sullivan</editor>

<issue num="75" date="05 Apr 2003 00:00:00 -0800"/>

<headquote>
"<i>/me knows of jonas - derek talks about him all the time - 
sometimes good things even :)</i>"
</headquote>

<intro>
  This covers the three main mailing lists for the 
  <a href="https://web.archive.org/web/20071111042151/http://www.gnuenterprise.org/">GNU Enterprise</a> 
  project, plus the #gnuenterprise IRC channel. GNUe Traffic
  is now group-authored: if you'd like to join the team, 
  <a href="https://web.archive.org/web/20071111042151/mailto:psu@burdonvale.co.uk">let us know</a>
</intro>


<section title="First release of GNUe Small Business" subject="[IRC] 27 Mar 2003" archive="http://www.gnuenterprise.org/irc-logs/gnue-public.log.27Mar2003" author="Peter Sullivan" contact="mailto:psu@burdonvale.co.uk" startdate="27 Mar 2003 04:00:00 -0800" enddate="27 Mar 2003 04:00:00 -0800">

<topic>Small Business</topic>

<p>Derek Neighbors (revDeke) said he was planning a 0.1.x release of 
GNUe Small Business real soon now. Peter Sullivan (psu) pointed 
out that <quote who="Peter Sullivan">gnue-sb depends on CVS version 
of GNUE tools - Normally having a release depend on a CVS version 
of something would be ungood - but this is a 0.1.0 release, so it's 
really only for the brave (=CVS-aware) anyway</quote>. Jason Cater 
(jcater) felt a release was premature - <quote who="Jason Cater">/me 
just doesn't understand what there is to release</quote> unless 
<quote who="Jason Cater">supply item maintenance is further than I 
realized</quote>. Derek Neighbors (derek) said he was 
<quote who="Derek Neighbors">very much into release early release 
often</quote> - <quote who="Derek Neighbors">basically if the contact 
manager works under 0.5.0 - and the few items hanging out on item 
managemetn work under 0.5.0</quote> then 
<quote who="Derek Neighbors">there are two useful pieces for gnue-sb
- which is sufficient release to bottle up and let escape. Also there 
are a large number of folks that are afraid of cvs - but dont mind 
playing. /me figures currently a release consists of a few liner notes
and tar ball so its not like a ton of effort would go into a release 
at this stage</quote>.</p>

</section>


<section title="Problems with locale settings in PostgreSQL with GNUe" subject="[IRC] 29 Mar 2003" archive="http://www.gnuenterprise.org/irc-logs/gnue-public.log.29Mar2003" author="Peter Sullivan" contact="mailto:psu@burdonvale.co.uk" startdate="29 Mar 2003 04:00:00 -0800" enddate="29 Mar 2003 04:00:00 -0800">

<topic>Common</topic>
<topic>Forms</topic>

<mention>Arturas Kriukovas</mention>
<mention>ra3vat</mention>
<mention>Dmitry Sorokin</mention>

<p>Robert Ewald (robewald) had reported an error using the database 
driver for <quote who="Robert Ewald">PostgresSQL on Debian woody</quote>, 
wondering <quote who="Robert Ewald">maybe it has something todo with my 
locale?</quote> Christian Selig (lupo) suggested 
<quote who="Christian Selig">have you tried a comma instead of a 
point</quote> for decimal numbers. Derek Neighbors (derek) said this 
looked <quote who="Derek Neighbors">like a data type error</quote> - 
<quote who="Derek Neighbors">i think we have had this bug before, but 
i thought it had to do with queries</quote> - 
<quote who="Derek Neighbors">postgres is broken in the way they handle 
data types</quote>. Robert discovered that if he started GNUe Forms 
<quote who="Robert Ewald">like this : LANG=C bin/gfcvs form.gfd</quote>, 
this worked - <quote who="Robert Ewald">so that solved my problem for 
the moment</quote>. Derek said this sounded similar to the problem in 
<kcref title="Problems with PostgreSQL introspection effect Designer schema wizard" subject="[IRC] 29 Oct 2002"/>
which <quote who="Derek Neighbors">makes our "auto query" system have 
fits sometimes wrt number types (int,float)</quote>. He felt 
<quote who="Derek Neighbors">likely its not a bug - its a "settings" 
issue for those that dont speak english ;)</quote> He suggested that 
Dmitry Sorokin (ra3vat) or Arturas Kriukovas (arturas) 
<quote who="Derek Neighbors">would be the i18n experts to ask on that 
one i suspect</quote> - the core developers did not have much 
experience of these problems <quote who="Derek Neighbors">as we dont 
play with locale settings much ;)</quote></p>

</section>


<section title="gnue.conf settings for Application Server" subject="[IRC] 31 Mar 2003" archive="http://www.gnuenterprise.org/irc-logs/gnue-public.log.31Mar2003" author="Peter Sullivan" contact="mailto:psu@burdonvale.co.uk" startdate="31 Mar 2003 04:00:00 -0800" enddate="31 Mar 2003 04:00:00 -0800">

<topic>Application Server</topic>

<p>Jan Ischebeck (siesel) asked <quote who="Jan Ischebeck">do you have 
any ideas which parameter should go into the [appserver] section of 
a gnue.conf file? At the moment [still uncommited] I have added a 
"database" setting, to choose the connection appserver is using.
I also thought of adding values like RPCTYPE and RPCPort etc... any 
other ideas?</quote> Reinhard M&#252;ller (reinhard) felt 
<quote who="Reinhard Müller">maybe we should use the strategy to 
only put the very basic settings into gnue.conf - everything appserver 
_needs_ to run - but not more</quote>. This was because 
<quote who="Reinhard Müller">because things in gnue.conf are rather 
static and changes probably require restarting appserver - so database, 
rpctype and rpcport sounds good - but i don't think we need more at this 
point</quote>.</p>

</section>


<section title="GNUe and the original GNU General Ledger project" subject="[IRC] 31 Mar 2003" archive="http://www.gnuenterprise.org/irc-logs/gnue-public.log.31Mar2003" author="Peter Sullivan" contact="mailto:psu@burdonvale.co.uk" startdate="31 Mar 2003 04:00:00 -0800" enddate="31 Mar 2003 04:00:00 -0800">

<topic>Financials (Accounting)</topic>
<topic>Why GNUe?</topic>

<p>Jonas Oberg (jonaso), one of the original developers of the GNU 
General Ledger project that preceded GNUe, 
<quote who="Jonas Oberg">just had a few minutes to spare and spent them 
checking out GNUe.</quote> He <quote who="Jonas Oberg">Just wanted to 
let everyone know that I very much approve of what you've done. Excellent 
work :-)</quote> He cut and pasted a diagram from 1999 that showed how 
the various modules would interact - the "GNU GLUE" mentioned in it 
had effectively evolved into GNUe Application Server. 
James Thompson (jamest) explained that <quote who="James Thompson">jonas 
was the head of GNU GL which got drunk and made whoopie with Obelisk</quote>, 
James' original project - <quote who="James Thompson">the product of that 
unholy union was the bastard child named GNUe</quote>. Jonas felt 
<quote who="Jonas Oberg">In retrospect, I think my only contribution was 
the link between what-became-GNUe and the FSF</quote>, but 
Christian Selig (lupo) felt this was important - 
<quote who="Christian Selig">such a project without FSF support is close 
to impossibility. You'd otherwise have to deal with too much copyright 
trouble (who "owns" what etc)</quote>.</p>

</section>


<section title="New pre-releases available for testing" subject="[IRC] 01 Apr 2003" archive="http://www.gnuenterprise.org/irc-logs/gnue-public.log.01Apr2003" author="Peter Sullivan" contact="mailto:psu@burdonvale.co.uk" startdate="01 Apr 2003 04:00:00 -0800" enddate="02 Apr 2003 04:00:00 -0800">

<topic>Common</topic>
<topic>Designer</topic>
<topic>Forms</topic>
<topic>Reports</topic>

<p>Jason Cater (jcater) announced <quote who="Jason Cater">New prereleases 
for Common, Designer, Forms, and Reports</quote> were on the website - 
<quote who="Jason Cater">You know the drill.</quote> He was 
<quote who="Jason Cater">pretty happy w/0.5.0 - it's going to be slightly 
more stable of a release than I expected</quote>. Daniel Baumann 
(chillywilly) said he had <quote who="Daniel Baumann">a db that I can make 
forms for - /me will beat on the tools if you want him too - it's mysql tho 
;P</quote>. Mike Vincent (Vee2d2) said <quote who="Mike Vincent">all the 
more reason to use it, as you can be reasonably sure the others arent.. 
=)</quote>. Daniel <quote who="Daniel Baumann">can even test image support - 
hmmm, this will be fun</quote>.</p>

<p><a href="https://web.archive.org/web/20071111042151/http://www.gnuenterprise.org/irc-logs/gnue-public.log.01Apr2003">
The next day</a>, Derek Neighbors (derek) had a 
<quote who="Derek Neighbors">big bug report :)</quote>
<quote who="Derek Neighbors">if you have a few entries with rows="x" - 
and you do a prepare query then an execute query - and say you get back x + 
10 records and you arrow on down through the list and you go past the last 
record - in essence you 'create a new record' and you type in all the values
- you can NOT save the record because all the save buttons/menus/etc have 
been disabled. I assume on 'insert' it re enables them - but going past last 
valid record in a 'grid' doesnt</quote>. However, 
<quote who="Derek Neighbors">clicking back in the FIRST entry enabled 
them</quote>.</p>

<p>Also, <quote who="Derek Neighbors">if you have a lookup and use the 
refresh foreign key trick - when you do a commit it updates the drop down to 
include what you committed but it changes every drop down on the form to that 
value</quote>. Jason said he would look at both of these as soon as 
he had time.</p>

</section>

</kc><!--
     FILE ARCHIVED ON 04:21:51 Nov 11, 2007 AND RETRIEVED FROM THE
     INTERNET ARCHIVE ON 09:25:02 Dec 05, 2018.
     JAVASCRIPT APPENDED BY WAYBACK MACHINE, COPYRIGHT INTERNET ARCHIVE.

     ALL OTHER CONTENT MAY ALSO BE PROTECTED BY COPYRIGHT (17 U.S.C.
     SECTION 108(a)(3)).
-->
<!--
playback timings (ms):
  LoadShardBlock: 502.987 (3)
  esindex: 0.012
  captures_list: 518.947
  CDXLines.iter: 12.228 (3)
  PetaboxLoader3.datanode: 125.221 (4)
  exclusion.robots: 0.319
  exclusion.robots.policy: 0.301
  RedisCDXSource: 0.632
  PetaboxLoader3.resolve: 603.382 (3)
  load_resource: 298.376
-->