<?xml version="1.0" ?>

<script src="//archive.org/includes/analytics.js?v=cf34f82" type="text/javascript"></script>
<script type="text/javascript">window.addEventListener('DOMContentLoaded',function(){var v=archive_analytics.values;v.service='wb';v.server_name='wwwb-app12.us.archive.org';v.server_ms=314;archive_analytics.send_pageview({});});</script>
<script type="text/javascript" src="/static/js/ait-client-rewrite.js?v=1543384230.0" charset="utf-8"></script>
<script type="text/javascript">
WB_wombat_Init('https://web.archive.org/web', '20071111052643', 'www.kerneltraffic.org');
</script>
<script type="text/javascript" src="/static/js/wbhack.js?v=1543384230.0" charset="utf-8"></script>
<script type="text/javascript">
__wbhack.init('https://web.archive.org/web');
</script>
<link rel="stylesheet" type="text/css" href="/static/css/banner-styles.css?v=1543384230.0" />
<link rel="stylesheet" type="text/css" href="/static/css/iconochive.css?v=1543384230.0" />
<!-- End Wayback Rewrite JS Include -->
<!-- BEGIN WAYBACK TOOLBAR INSERT -->
<script type="text/javascript" src="/static/js/timestamp.js?v=1543384230.0" charset="utf-8"></script>
<script type="text/javascript" src="/static/js/graph-calc.js?v=1543384230.0" charset="utf-8"></script>
<script type="text/javascript" src="/static/js/auto-complete.js?v=1543384230.0" charset="utf-8"></script>
<script type="text/javascript" src="/static/js/toolbar.js?v=1543384230.0" charset="utf-8"></script>
<style type="text/css">
body {
  margin-top:0 !important;
  padding-top:0 !important;
  /*min-width:800px !important;*/
}
.wb-autocomplete-suggestions {
    text-align: left; cursor: default; border: 1px solid #ccc; border-top: 0; background: #fff; box-shadow: -1px 1px 3px rgba(0,0,0,.1);
    position: absolute; display: none; z-index: 2147483647; max-height: 254px; overflow: hidden; overflow-y: auto; box-sizing: border-box;
}
.wb-autocomplete-suggestion { position: relative; padding: 0 .6em; line-height: 23px; white-space: nowrap; overflow: hidden; text-overflow: ellipsis; font-size: 1.02em; color: #333; }
.wb-autocomplete-suggestion b { font-weight: bold; }
.wb-autocomplete-suggestion.selected { background: #f0f0f0; }
</style>
<div id="wm-ipp" lang="en" style="display:none;direction:ltr;">
<div style="position:fixed;left:0;top:0;right:0;">
<div id="wm-ipp-inside">
  <div style="position:relative;">
    <div id="wm-logo" style="float:left;width:130px;padding-top:10px;">
      <a href="/web/" title="Wayback Machine home page"><img src="/static/images/toolbar/wayback-toolbar-logo.png" alt="Wayback Machine" width="110" height="39" border="0" /></a>
    </div>
    <div class="r" style="float:right;">
      <div id="wm-btns" style="text-align:right;height:25px;">
                  <div id="wm-save-snapshot-success">success</div>
          <div id="wm-save-snapshot-fail">fail</div>
          <a href="#"
             onclick="__wm.saveSnapshot('http://www.kerneltraffic.org/GNUe/gnue20030510_80.xml', '20071111052643')"
             title="Share via My Web Archive"
             id="wm-save-snapshot-open"
          >
            <span class="iconochive-web"></span>
          </a>
          <a href="https://archive.org/account/login.php"
             title="Sign In"
             id="wm-sign-in"
          >
            <span class="iconochive-person"></span>
          </a>
          <span id="wm-save-snapshot-in-progress" class="iconochive-web"></span>
        	<a href="http://faq.web.archive.org/" title="Get some help using the Wayback Machine" style="top:-6px;"><span class="iconochive-question" style="color:rgb(87,186,244);font-size:160%;"></span></a>
	<a id="wm-tb-close" href="#close" onclick="__wm.h(event);return false;" style="top:-2px;" title="Close the toolbar"><span class="iconochive-remove-circle" style="color:#888888;font-size:240%;"></span></a>
      </div>
      <div id="wm-share" style="text-align:right;">
	<a href="#" onclick="window.open('https://www.facebook.com/sharer/sharer.php?u=https://web.archive.org/web/20071111052643/http://www.kerneltraffic.org/GNUe/gnue20030510_80.xml', '', 'height=400,width=600'); return false;" title="Share on Facebook" style="margin-right:5px;" target="_blank"><span class="iconochive-facebook" style="color:#3b5998;font-size:160%;"></span></a>
	<a href="#" onclick="window.open('https://twitter.com/intent/tweet?text=https://web.archive.org/web/20071111052643/http://www.kerneltraffic.org/GNUe/gnue20030510_80.xml&amp;via=internetarchive', '', 'height=400,width=600'); return false;" title="Share on Twitter" style="margin-right:5px;" target="_blank"><span class="iconochive-twitter" style="color:#1dcaff;font-size:160%;"></span></a>
      </div>
    </div>
    <table class="c" style="">
      <tbody>
	<tr>
	  <td class="u" colspan="2">
	    <form target="_top" method="get" action="/web/submit" name="wmtb" id="wmtb"><input type="text" name="url" id="wmtbURL" value="http://www.kerneltraffic.org/GNUe/gnue20030510_80.xml" onfocus="this.focus();this.select();" /><input type="hidden" name="type" value="replay" /><input type="hidden" name="date" value="20071111052643" /><input type="submit" value="Go" /></form>
	  </td>
	  <td class="n" rowspan="2" style="width:110px;">
	    <table>
	      <tbody>
		<!-- NEXT/PREV MONTH NAV AND MONTH INDICATOR -->
		<tr class="m">
		  <td class="b" nowrap="nowrap"><a href="https://web.archive.org/web/20050212035532/http://www.kerneltraffic.org:80/GNUe/gnue20030510_80.xml" title="12 Feb 2005"><strong>Feb</strong></a></td>
		  <td class="c" id="displayMonthEl" title="You are here: 05:26:43 Nov 11, 2007">NOV</td>
		  <td class="f" nowrap="nowrap">Dec</td>
		</tr>
		<!-- NEXT/PREV CAPTURE NAV AND DAY OF MONTH INDICATOR -->
		<tr class="d">
		  <td class="b" nowrap="nowrap"><a href="https://web.archive.org/web/20050212035532/http://www.kerneltraffic.org:80/GNUe/gnue20030510_80.xml" title="03:55:32 Feb 12, 2005"><img src="/static/images/toolbar/wm_tb_prv_on.png" alt="Previous capture" width="14" height="16" border="0" /></a></td>
		  <td class="c" id="displayDayEl" style="width:34px;font-size:24px;white-space:nowrap;" title="You are here: 05:26:43 Nov 11, 2007">11</td>
		  <td class="f" nowrap="nowrap"><img src="/static/images/toolbar/wm_tb_nxt_off.png" alt="Next capture" width="14" height="16" border="0" /></td>
		</tr>
		<!-- NEXT/PREV YEAR NAV AND YEAR INDICATOR -->
		<tr class="y">
		  <td class="b" nowrap="nowrap"><a href="https://web.archive.org/web/20050212035532/http://www.kerneltraffic.org:80/GNUe/gnue20030510_80.xml" title="12 Feb 2005"><strong>2005</strong></a></td>
		  <td class="c" id="displayYearEl" title="You are here: 05:26:43 Nov 11, 2007">2007</td>
		  <td class="f" nowrap="nowrap">2008</td>
		</tr>
	      </tbody>
	    </table>
	  </td>
	</tr>
	<tr>
	  <td class="s">
	    	    <div id="wm-nav-captures">
	      	      <a class="t" href="/web/20071111052643*/http://www.kerneltraffic.org/GNUe/gnue20030510_80.xml" title="See a list of every capture for this URL">4 captures</a>
	      <div class="r" title="Timespan for captures of this URL">13 Jun 2003 - 11 Nov 2007</div>
	      </div>
	  </td>
	  <td class="k">
	    <a href="" id="wm-graph-anchor">
	      <div id="wm-ipp-sparkline" title="Explore captures for this URL" style="position: relative">
		<canvas id="wm-sparkline-canvas" width="575" height="27" border="0"></canvas>
	      </div>
	    </a>
	  </td>
	</tr>
      </tbody>
    </table>
    <div style="position:absolute;bottom:0;right:2px;text-align:right;">
      <a id="wm-expand" class="wm-btn wm-closed" href="#expand" onclick="__wm.ex(event);return false;"><span id="wm-expand-icon" class="iconochive-down-solid"></span> <span style="font-size:80%">About this capture</span></a>
    </div>
  </div>
    <div id="wm-capinfo" style="border-top:1px solid #777;display:none; overflow: hidden">
            <div style="background-color:#666;color:#fff;font-weight:bold;text-align:center">COLLECTED BY</div>
    <div style="padding:3px;position:relative" id="wm-collected-by-content">
            <div style="display:inline-block;vertical-align:top;width:50%;">
			<span class="c-logo" style="background-image:url(https://archive.org/services/img/webwidecrawl);"></span>
		Organization: <a style="color:#33f;" href="https://archive.org/details/webwidecrawl" target="_new"><span class="wm-title">Internet Archive</span></a>
		<div style="max-height:75px;overflow:hidden;position:relative;">
	  <div style="position:absolute;top:0;left:0;width:100%;height:75px;background:linear-gradient(to bottom,rgba(255,255,255,0) 0%,rgba(255,255,255,0) 90%,rgba(255,255,255,255) 100%);"></div>
	  The Internet Archive discovers and captures web pages through many different web crawls.

At any given time several distinct crawls are running, some for months, and some every day or longer.

View the web archive through the <a href="http://archive.org/web/web.php">Wayback Machine</a>.
	</div>
	      </div>
      <div style="display:inline-block;vertical-align:top;width:49%;">
			<span class="c-logo" style="background-image:url(https://archive.org/services/img/aroundtheworldcrawl)"></span>
		<div>Collection: <a style="color:#33f;" href="https://archive.org/details/aroundtheworldcrawl" target="_new"><span class="wm-title">Around The World Crawl</span></a></div>
		<div style="max-height:75px;overflow:hidden;position:relative;">
	  <div style="position:absolute;top:0;left:0;width:100%;height:75px;background:linear-gradient(to bottom,rgba(255,255,255,0) 0%,rgba(255,255,255,0) 90%,rgba(255,255,255,255) 100%);"></div>
	  Data crawled by Sloan Foundation on behalf of Internet Archive
<br /><br />
	</div>
	      </div>
    </div>
    <div style="background-color:#666;color:#fff;font-weight:bold;text-align:center" title="Timestamps for the elements of this page">TIMESTAMPS</div>
    <div>
      <div id="wm-capresources" style="margin:0 5px 5px 5px;max-height:250px;overflow-y:scroll !important"></div>
      <div id="wm-capresources-loading" style="text-align:left;margin:0 20px 5px 5px;display:none"><img src="/static/images/loading.gif" alt="loading" /></div>
    </div>
  </div></div></div></div><script type="text/javascript">
__wm.bt(575,27,25,2,"web","http://www.kerneltraffic.org/GNUe/gnue20030510_80.xml","2007-11-11",1996);
</script>
<!-- END WAYBACK TOOLBAR INSERT --><kc>

<title>GNUe Traffic</title>

<editor contact="mailto:psu@burdonvale.co.uk">Peter Sullivan</editor>

<issue num="80" date="10 May 2003 00:00:00 -0800"/>

<intro>
  This covers the three main mailing lists for the 
  <a href="https://web.archive.org/web/20071111052643/http://www.gnuenterprise.org/">GNU Enterprise</a> 
  project, plus the #gnuenterprise IRC channel.
</intro>


<section title="Producing Debian packages from CVS" subject="[IRC] 01 May 2003" archive="http://www.gnuenterprise.org/irc-logs/gnue-public.log.01May2003" author="Peter Sullivan" contact="mailto:psu@burdonvale.co.uk" startdate="01 May 2003 04:00:00 -0800" enddate="01 May 2003 04:00:00 -0800">

<topic>Application Server</topic>

<mention>Jeff Bailey</mention>
<mention>James Thompson</mention>

<p>Umeboshi (umeboshi) asked about producing Debian packages for GNUe from 
the CVS code. Jason Cater (jcater) said that Jeff Bailey (jbailey) 
<quote who="Jason Cater">does our debs</quote> but the code for his 
packaging was not in CVS. However, 
<quote who="Jason Cater">we haven't done too much since the last release
- which has .debs</quote>, but <quote who="Jason Cater">those are for 
unstable - we don't have recent ones for woody</quote>, the Debian 
stable distribution as of time of writing. Umeboshi said
that he had <quote who="Umeboshi">been doing work along similiar lines
- but i'd rather ditch most of what i've done - and learn the gnue system 
and port some of my stuff to it. All of my work prevoiusly has been in 
python, pygtk, pypgsql, mxtools, kjbuckets - kjbucktets has a nice 
graph object which has worked well for me</quote>. He explained 
<quote who="Umeboshi">it is sets and graphs for python</quote>. His 
code had been used by a high-volume eBay reseller.</p>

<p>James Thompson (jamest) said that Jason had made some Debian packages
for woody previously. Jason said that the files for this were in CVS 
in <quote who="Jason Cater">is in packaging/debian/</quote>. Umeboshi 
said that <quote who="Umeboshi">the biggest problem with woody i see is 
pygtk</quote> - this key dependancy for the current GNUe code would 
need <quote who="Umeboshi">to be backpoted too</quote>. He asked 
<quote who="Umeboshi">have you heard of 
<a href="https://web.archive.org/web/20071111052643/http://pyro.sourceforge.net/">pyro</a> - python remote objects?
it's pure python, and it allows you to distribute python objects across 
networks. it's pretty neat, but it can't distribute c modules only pure 
python</quote>. He wondered <quote who="Umeboshi">do you use the 
appserver in gnue similiarly to distribute objects to wxwin 
clients?</quote></p>

</section>


<section title="Native User Interface for Microsoft Windows" subject="[IRC] 02 May 2003" archive="http://www.gnuenterprise.org/irc-logs/gnue-public.log.02May2003" author="Peter Sullivan" contact="mailto:psu@burdonvale.co.uk" startdate="02 May 2003 04:00:00 -0800" enddate="06 May 2003 04:00:00 -0800">

<topic>Forms</topic>
<topic>Common</topic>

<mention>ra3vat</mention>

<p>Dmitry Sorokin (ra3vat) asked <quote who="Dmitry Sorokin">are tabs working 
under win32</quote> when using the wx driver. James Thompson (jamest) said 
<quote who="James Thompson">they were at one time</quote> but noted that 
Bajusz Tam&#0225;s (btami) had the native <quote who="James Thompson">win32 driver 
functoinal in cvs - and claims it's better than the wx driver</quote>. 
Dmitry noted <quote who="Dmitry Sorokin">with wx driver i have problem with 
tabs and i18n</quote>.</p>

<p><a href="https://web.archive.org/web/20071111052643/http://www.gnuenterprise.org/irc-logs/gnue-public.log.05May2003">
Some days later</a>, Dmitry said he had tested the native Win32 Forms driver - 
he had got a login screen but <quote who="Dmitry Sorokin">was not ablr to load 
a real form</quote>. Tam&#0225;s made some changes, which fixed this. He asked 
Dmitry (and anyone else) to <quote who="Bajusz Tamás">please test it with 
your (home made) forms in general, if have a little time</quote>. Dmitry wondered 
if his initial problems were because <quote who="Dmitry Sorokin">i use custom 
authentication with postgres</quote>. Tam&#0225;s said he had 
<quote who="Bajusz Tamás">tested with netrc on firebird only</quote>.</p>

<p>Dmitry reported <quote who="Dmitry Sorokin">now it is complaining about: 
No module named ImageWin</quote>. Tam&#0225;s said it 
<quote who="Bajusz Tamás">needs Pil for &lt;image&gt; support</quote>. 
Bajusz warned <quote who="Bajusz Tamás">calculating 
widgetWidth/widgetHeight</quote> was not perfect yet, but he had worked around 
this by <quote who="Bajusz Tamás">using pointSize = 18 in my gnue.conf</quote> 
and using Courier as a fixed width font. He believed that 
<quote who="Bajusz Tamás">the win32 driver has the same "entry width not 
accurate" bug as wx has</quote>.</p>

<p><a href="https://web.archive.org/web/20071111052643/http://www.gnuenterprise.org/irc-logs/gnue-public.log.06May2003">
The next day</a>, Dmitry confirmed <quote who="Dmitry Sorokin">it was much 
better with last setting you suggested</quote> - <quote who="Dmitry Sorokin">now 
it looks the same as undex linux (wx driver)</quote>. He reported 
<quote who="Dmitry Sorokin">search buttons (they call simpleQuery) work - 
one that activate dialog does not</quote>. Tam&#0225;s said 
<quote who="Bajusz Tamás">this is true on linux too - dialogs are not perfect 
yet</quote>. He was not happy with the way dialogs were handled 
<quote who="Bajusz Tamás">now the form reads/builds all dialogs when it 
starts</quote> - <quote who="Bajusz Tamás">but what if i have about 100 
dialogs in my program</quote> - <quote who="Bajusz Tamás">i never want to 
load all dialogs when i start 1 form</quote>. Dmitry suggested that 
<quote who="Dmitry Sorokin">standart dialogs shows how to do that</quote> 
in another way - this could just <quote who="Dmitry Sorokin">be extended 
for user defined dialogs - or are they load at start time anyway?</quote> 
Tam&#0225;s thought this was the case.</p>

<p>Tam&#0225;s said he had been converting an application to GNUe, but had 
stopped because of the frustrations of using the wx driver on Microsoft 
Windows, and put his effort into writing the native Win32 driver instead. 
Dmitry asked <quote who="Dmitry Sorokin">does win32gui module free from 
all wx limits you faced?</quote> Tam&#0225;s thought so - 
<quote who="Bajusz Tamás">it needs more work (when coding), because i 
use win32 API, not MFC - but this gives full control in event handling - and 
eliminates a plus abstraction layer. I think  the forms (in general) 
ready to start reimplement my app, the main problem is reports. I 
desperately need a wisual designer - nearly all my reports changes from 
year2year</quote>.</p>

<p>Later, Dmitry confirmed that the <quote who="Dmitry Sorokin">win32 
driver works quite well</quote>. Jason Cater (jcater) thought 
<quote who="Jason Cater">that deserves a release</quote>. 
James Thompson (jamest) said that he might be able to find time to do 
a release that weekend - from his side, he needed 
<quote who="James Thompson">to eliminate some strange warnings/errors, 
and also need to get the best way to separate the different UIs.</quote></p>

</section>


<section title="Dialogue boxes in Forms" subject="[IRC] 06 May 2003" archive="http://www.gnuenterprise.org/irc-logs/gnue-public.log.06May2003" author="Peter Sullivan" contact="mailto:psu@burdonvale.co.uk" startdate="06 May 2003 04:00:00 -0800" enddate="06 May 2003 04:00:00 -0800">

<topic>Forms</topic> 

<mention>ra3vat</mention>

<p>Dmitry Sorokin (ra3vat) asked whether <quote who="Dmitry Sorokin">more 
than one embedded dialog is not supported?</quote> James Thompson (jamest) 
said <quote who="James Thompson">the about/jumpto/error messages are all 
embedded dialogs now - each must have a unique name</quote>. One of the 
sample files demonstrated this. Dmitry said that this did not seem to be 
working - <quote who="Dmitry Sorokin">each time i add two dialog 
definitions i'm getting empty frame</quote>, even giving them different 
names. James said he would have to look at this.</p>

<p>Dmitry asked <quote who="Dmitry Sorokin">what about standart dialog 
technique? i'd like to define my own dialogs and put them somewhere 
close to where my forms placed - without additional python module to 
each</quote>. James said <quote who="James Thompson">you can add dialogs 
in the dialogs directory in forms - but each need a wrapper class - 
or I believe you could put them in a forms library and import them</quote>.
Dmitry asked <quote who="Dmitry Sorokin">would it be useful to have 
separate directory for user defined dialogs?</quote>. James said it 
would not <quote who="James Thompson">take much to add - but I'm not sure 
if it confuses the issue if we've already got import support w/ form 
libraries</quote>. He was worried that there would be 
<quote who="James Thompson">too many places to do the same thing - 
in the forms itself, in a user defined forms library, in a special directory 
just for user forms.</quote> Dmitry asked <quote who="Dmitry Sorokin">then 
what is the user defined forms library, may be i'm missing important 
feature?</quote> James explained <quote who="James Thompson">you can setup 
.gfd files and use them like .so files in a way - you can import blocks 
are such from them</quote>.</p>

</section>


</kc><!--
     FILE ARCHIVED ON 05:26:43 Nov 11, 2007 AND RETRIEVED FROM THE
     INTERNET ARCHIVE ON 09:24:33 Dec 05, 2018.
     JAVASCRIPT APPENDED BY WAYBACK MACHINE, COPYRIGHT INTERNET ARCHIVE.

     ALL OTHER CONTENT MAY ALSO BE PROTECTED BY COPYRIGHT (17 U.S.C.
     SECTION 108(a)(3)).
-->
<!--
playback timings (ms):
  LoadShardBlock: 53.521 (3)
  esindex: 0.01
  captures_list: 85.178
  CDXLines.iter: 12.521 (3)
  PetaboxLoader3.datanode: 96.392 (4)
  exclusion.robots: 0.394
  exclusion.robots.policy: 0.378
  RedisCDXSource: 15.913
  PetaboxLoader3.resolve: 159.237
  load_resource: 213.175
-->