<?xml version="1.0" ?>

<script src="//archive.org/includes/analytics.js?v=cf34f82" type="text/javascript"></script>
<script type="text/javascript">window.addEventListener('DOMContentLoaded',function(){var v=archive_analytics.values;v.service='wb';v.server_name='wwwb-app39.us.archive.org';v.server_ms=312;archive_analytics.send_pageview({});});</script>
<script type="text/javascript" src="/static/js/ait-client-rewrite.js?v=1543384230.0" charset="utf-8"></script>
<script type="text/javascript">
WB_wombat_Init('https://web.archive.org/web', '20071111051113', 'www.kerneltraffic.org');
</script>
<script type="text/javascript" src="/static/js/wbhack.js?v=1543384230.0" charset="utf-8"></script>
<script type="text/javascript">
__wbhack.init('https://web.archive.org/web');
</script>
<link rel="stylesheet" type="text/css" href="/static/css/banner-styles.css?v=1543384230.0" />
<link rel="stylesheet" type="text/css" href="/static/css/iconochive.css?v=1543384230.0" />
<!-- End Wayback Rewrite JS Include -->
<!-- BEGIN WAYBACK TOOLBAR INSERT -->
<script type="text/javascript" src="/static/js/timestamp.js?v=1543384230.0" charset="utf-8"></script>
<script type="text/javascript" src="/static/js/graph-calc.js?v=1543384230.0" charset="utf-8"></script>
<script type="text/javascript" src="/static/js/auto-complete.js?v=1543384230.0" charset="utf-8"></script>
<script type="text/javascript" src="/static/js/toolbar.js?v=1543384230.0" charset="utf-8"></script>
<style type="text/css">
body {
  margin-top:0 !important;
  padding-top:0 !important;
  /*min-width:800px !important;*/
}
.wb-autocomplete-suggestions {
    text-align: left; cursor: default; border: 1px solid #ccc; border-top: 0; background: #fff; box-shadow: -1px 1px 3px rgba(0,0,0,.1);
    position: absolute; display: none; z-index: 2147483647; max-height: 254px; overflow: hidden; overflow-y: auto; box-sizing: border-box;
}
.wb-autocomplete-suggestion { position: relative; padding: 0 .6em; line-height: 23px; white-space: nowrap; overflow: hidden; text-overflow: ellipsis; font-size: 1.02em; color: #333; }
.wb-autocomplete-suggestion b { font-weight: bold; }
.wb-autocomplete-suggestion.selected { background: #f0f0f0; }
</style>
<div id="wm-ipp" lang="en" style="display:none;direction:ltr;">
<div style="position:fixed;left:0;top:0;right:0;">
<div id="wm-ipp-inside">
  <div style="position:relative;">
    <div id="wm-logo" style="float:left;width:130px;padding-top:10px;">
      <a href="/web/" title="Wayback Machine home page"><img src="/static/images/toolbar/wayback-toolbar-logo.png" alt="Wayback Machine" width="110" height="39" border="0" /></a>
    </div>
    <div class="r" style="float:right;">
      <div id="wm-btns" style="text-align:right;height:25px;">
                  <div id="wm-save-snapshot-success">success</div>
          <div id="wm-save-snapshot-fail">fail</div>
          <a href="#"
             onclick="__wm.saveSnapshot('http://www.kerneltraffic.org/GNUe/gnue20030315_72.xml', '20071111051113')"
             title="Share via My Web Archive"
             id="wm-save-snapshot-open"
          >
            <span class="iconochive-web"></span>
          </a>
          <a href="https://archive.org/account/login.php"
             title="Sign In"
             id="wm-sign-in"
          >
            <span class="iconochive-person"></span>
          </a>
          <span id="wm-save-snapshot-in-progress" class="iconochive-web"></span>
        	<a href="http://faq.web.archive.org/" title="Get some help using the Wayback Machine" style="top:-6px;"><span class="iconochive-question" style="color:rgb(87,186,244);font-size:160%;"></span></a>
	<a id="wm-tb-close" href="#close" onclick="__wm.h(event);return false;" style="top:-2px;" title="Close the toolbar"><span class="iconochive-remove-circle" style="color:#888888;font-size:240%;"></span></a>
      </div>
      <div id="wm-share" style="text-align:right;">
	<a href="#" onclick="window.open('https://www.facebook.com/sharer/sharer.php?u=https://web.archive.org/web/20071111051113/http://www.kerneltraffic.org/GNUe/gnue20030315_72.xml', '', 'height=400,width=600'); return false;" title="Share on Facebook" style="margin-right:5px;" target="_blank"><span class="iconochive-facebook" style="color:#3b5998;font-size:160%;"></span></a>
	<a href="#" onclick="window.open('https://twitter.com/intent/tweet?text=https://web.archive.org/web/20071111051113/http://www.kerneltraffic.org/GNUe/gnue20030315_72.xml&amp;via=internetarchive', '', 'height=400,width=600'); return false;" title="Share on Twitter" style="margin-right:5px;" target="_blank"><span class="iconochive-twitter" style="color:#1dcaff;font-size:160%;"></span></a>
      </div>
    </div>
    <table class="c" style="">
      <tbody>
	<tr>
	  <td class="u" colspan="2">
	    <form target="_top" method="get" action="/web/submit" name="wmtb" id="wmtb"><input type="text" name="url" id="wmtbURL" value="http://www.kerneltraffic.org/GNUe/gnue20030315_72.xml" onfocus="this.focus();this.select();" /><input type="hidden" name="type" value="replay" /><input type="hidden" name="date" value="20071111051113" /><input type="submit" value="Go" /></form>
	  </td>
	  <td class="n" rowspan="2" style="width:110px;">
	    <table>
	      <tbody>
		<!-- NEXT/PREV MONTH NAV AND MONTH INDICATOR -->
		<tr class="m">
		  <td class="b" nowrap="nowrap"><a href="https://web.archive.org/web/20050213181840/http://www.kerneltraffic.org:80/GNUe/gnue20030315_72.xml" title="13 Feb 2005"><strong>Feb</strong></a></td>
		  <td class="c" id="displayMonthEl" title="You are here: 05:11:13 Nov 11, 2007">NOV</td>
		  <td class="f" nowrap="nowrap">Dec</td>
		</tr>
		<!-- NEXT/PREV CAPTURE NAV AND DAY OF MONTH INDICATOR -->
		<tr class="d">
		  <td class="b" nowrap="nowrap"><a href="https://web.archive.org/web/20050213181840/http://www.kerneltraffic.org:80/GNUe/gnue20030315_72.xml" title="18:18:40 Feb 13, 2005"><img src="/static/images/toolbar/wm_tb_prv_on.png" alt="Previous capture" width="14" height="16" border="0" /></a></td>
		  <td class="c" id="displayDayEl" style="width:34px;font-size:24px;white-space:nowrap;" title="You are here: 05:11:13 Nov 11, 2007">11</td>
		  <td class="f" nowrap="nowrap"><img src="/static/images/toolbar/wm_tb_nxt_off.png" alt="Next capture" width="14" height="16" border="0" /></td>
		</tr>
		<!-- NEXT/PREV YEAR NAV AND YEAR INDICATOR -->
		<tr class="y">
		  <td class="b" nowrap="nowrap"><a href="https://web.archive.org/web/20050213181840/http://www.kerneltraffic.org:80/GNUe/gnue20030315_72.xml" title="13 Feb 2005"><strong>2005</strong></a></td>
		  <td class="c" id="displayYearEl" title="You are here: 05:11:13 Nov 11, 2007">2007</td>
		  <td class="f" nowrap="nowrap">2008</td>
		</tr>
	      </tbody>
	    </table>
	  </td>
	</tr>
	<tr>
	  <td class="s">
	    	    <div id="wm-nav-captures">
	      	      <a class="t" href="/web/20071111051113*/http://www.kerneltraffic.org/GNUe/gnue20030315_72.xml" title="See a list of every capture for this URL">5 captures</a>
	      <div class="r" title="Timespan for captures of this URL">21 May 2003 - 11 Nov 2007</div>
	      </div>
	  </td>
	  <td class="k">
	    <a href="" id="wm-graph-anchor">
	      <div id="wm-ipp-sparkline" title="Explore captures for this URL" style="position: relative">
		<canvas id="wm-sparkline-canvas" width="575" height="27" border="0"></canvas>
	      </div>
	    </a>
	  </td>
	</tr>
      </tbody>
    </table>
    <div style="position:absolute;bottom:0;right:2px;text-align:right;">
      <a id="wm-expand" class="wm-btn wm-closed" href="#expand" onclick="__wm.ex(event);return false;"><span id="wm-expand-icon" class="iconochive-down-solid"></span> <span style="font-size:80%">About this capture</span></a>
    </div>
  </div>
    <div id="wm-capinfo" style="border-top:1px solid #777;display:none; overflow: hidden">
            <div style="background-color:#666;color:#fff;font-weight:bold;text-align:center">COLLECTED BY</div>
    <div style="padding:3px;position:relative" id="wm-collected-by-content">
            <div style="display:inline-block;vertical-align:top;width:50%;">
			<span class="c-logo" style="background-image:url(https://archive.org/services/img/webwidecrawl);"></span>
		Organization: <a style="color:#33f;" href="https://archive.org/details/webwidecrawl" target="_new"><span class="wm-title">Internet Archive</span></a>
		<div style="max-height:75px;overflow:hidden;position:relative;">
	  <div style="position:absolute;top:0;left:0;width:100%;height:75px;background:linear-gradient(to bottom,rgba(255,255,255,0) 0%,rgba(255,255,255,0) 90%,rgba(255,255,255,255) 100%);"></div>
	  The Internet Archive discovers and captures web pages through many different web crawls.

At any given time several distinct crawls are running, some for months, and some every day or longer.

View the web archive through the <a href="http://archive.org/web/web.php">Wayback Machine</a>.
	</div>
	      </div>
      <div style="display:inline-block;vertical-align:top;width:49%;">
			<span class="c-logo" style="background-image:url(https://archive.org/services/img/aroundtheworldcrawl)"></span>
		<div>Collection: <a style="color:#33f;" href="https://archive.org/details/aroundtheworldcrawl" target="_new"><span class="wm-title">Around The World Crawl</span></a></div>
		<div style="max-height:75px;overflow:hidden;position:relative;">
	  <div style="position:absolute;top:0;left:0;width:100%;height:75px;background:linear-gradient(to bottom,rgba(255,255,255,0) 0%,rgba(255,255,255,0) 90%,rgba(255,255,255,255) 100%);"></div>
	  Data crawled by Sloan Foundation on behalf of Internet Archive
<br /><br />
	</div>
	      </div>
    </div>
    <div style="background-color:#666;color:#fff;font-weight:bold;text-align:center" title="Timestamps for the elements of this page">TIMESTAMPS</div>
    <div>
      <div id="wm-capresources" style="margin:0 5px 5px 5px;max-height:250px;overflow-y:scroll !important"></div>
      <div id="wm-capresources-loading" style="text-align:left;margin:0 20px 5px 5px;display:none"><img src="/static/images/loading.gif" alt="loading" /></div>
    </div>
  </div></div></div></div><script type="text/javascript">
__wm.bt(575,27,25,2,"web","http://www.kerneltraffic.org/GNUe/gnue20030315_72.xml","2007-11-11",1996);
</script>
<!-- END WAYBACK TOOLBAR INSERT --><kc>

<title>GNUe Traffic</title>

<editor contact="mailto:psu@burdonvale.co.uk">Peter Sullivan</editor>

<issue num="72" date="15 Mar 2003 00:00:00 -0800"/>

<intro>
  This covers the three main mailing lists for the 
  <a href="https://web.archive.org/web/20071111051113/http://www.gnuenterprise.org/">GNU Enterprise</a> 
  project, plus the #gnuenterprise IRC channel. GNUe Traffic
  is now group-authored: if you'd like to join the team, 
  <a href="https://web.archive.org/web/20071111051113/mailto:psu@burdonvale.co.uk">let us know</a>
</intro>


<section title="Dialog boxes in Forms 0.5.x" subject="[IRC] 06 Mar 2003" archive="http://www.gnuenterprise.org/irc-logs/gnue-public.log.06Mar2003" author="Arturas Kriukovas" contact="mailto:arturas@gsk.vtu.lt" startdate="06 Mar 2003 04:00:00 -0800" enddate="06 Mar 2003 04:00:00 -0800">

<topic>Forms</topic>

<mention>Derek Neighbors</mention>

<p>Derek Neighbors (Derek) asked whether readonly dialog had not been 
finished or if it was the final version. Because as of time of writing 
they did not look like error messages. James Thompson (jamest) 
explained that now all dialogs were .gfd forms and it was easy to change 
them to make look like real error boxes.</p>

<p>Later, Anthony Lenton (aa) said he had some patches, but as he was 
<quote who="Anthony Lenton">not working on the *latest* 0.5, could 
already be changed/fixed)</quote>. Jason Cater (jcater) noted that 
<quote who="Jason Cater">cvs head has changed a lot recently</quote>. 
Mainly UIdriver system, bugfixes, lots of rearranging. James said 
<quote who="James Thompson">the biggest change will be you can do 
&lt;dialogs&gt; now that work which I think will probably replace 
some custom stuff you had to do in that last patch cluster you sent 
us</quote>. <quote who="James Thompson">Most of the internal dialogs 
now use the new setup (all but login dialog). You can find examples in 
forms/src/dialogs. So you can do custom dialogs a few different ways. 
You can define them in .gfd files or gfd libraries, or if you want to 
bundle a custom gnue-forms you can add directories under 
forms/src/dialogs and follow that format - forms can't tell the 
difference where they came from.</quote>. Anthony was interested 
<quote who="Anthony Lenton">how does the caller know the outcome of 
the dialog?</quote> James explained - <quote who="James Thompson">dialogs 
are modal and have a parameters dict passed into them. They manipulate 
that dict which you can then check</quote>.</p>

</section>


<section title="Release Plans for GNUe" subject="[IRC] 07 Mar 2003" archive="http://www.gnuenterprise.org/irc-logs/gnue-public.log.07Mar2003" author="Arturas Kriukovas" contact="mailto:arturas@gsk.vtu.lt" startdate="07 Mar 2003 04:00:00 -0800" enddate="07 Mar 2003 04:00:00 -0800">

<topic>Application Server</topic>
<topic>Forms</topic>
<topic>Common</topic>
<topic>Designer</topic>
<topic>Reports</topic>

<mention>Jan Ischebeck</mention>
<mention>Jason Cater</mention>

<p>Jason Cater (jcater) asked Reinhard M&#252;ller (reinhrad) whether he 
wanted a point release of appserver with the release of 
forms/common/designer (that was planned for a week or two). Jason was 
also planning to do a non-major release of reports at the same time. 
Reinhard explained this <quote who="Reinhard Müller">depends on 
whether i can get hold of</quote> Jan Ischebeck (siesel) as
<quote who="Reinhard Müller">I have some points i have to decide 
w/ him before any further release of appserver because this decision 
could break compatibility and i don't want a release and break it a 
week afterwards</quote>.</p>

</section>


<section title="Pricing mechanisms in GNUe Small Business" subject="[IRC] 10 Mar 2003" archive="http://www.gnuenterprise.org/irc-logs/gnue-public.log.10Mar2003" author="Peter Sullivan" contact="mailto:psu@burdonvale.co.uk" startdate="10 Mar 2003 04:00:00 -0800" enddate="10 Mar 2003 04:00:00 -0800">

<topic>Small Business</topic>

<p>Derek Neighbors (revDeke) wanted to check some previous work he had done on 
item pricing which recorded both a 'cost' and a 'base price' for an item. 
<quote who="Derek Neighbors">every one of their customers had own item and 
price list (this is likely more 'distributor' oriented than 'retail' oreinted). 
The concept is I might offer 800 products, but to customer A only 100 of them 
might be available for purchase and customer A might pay more than customer B 
for item xyz, so basically pricing is set at 'customer' level</quote>. Most 
customers would default to the default price, but other customers might get 
preferential discounts. Mike Vincent (Vee2d2) thought 
<quote who="Mike Vincent">the best way to do it, is to have simply a 'price' 
field in the item table. Then there should be a discounts table (or whatever 
you wanna call it) which references the products in the product table and has 
a qty and price. Then when needing a price for a product</quote> - 
<quote who="Mike Vincent">the discount table would need to be checked.. 
and if no discount item or if the qty ordered were less than that in the 
discount table the price from the item table would be used.</quote></p>

<p>Derek said that, if people did not want to use something this complicated, 
they could simply have the same discount rate (which might be 0%) for all 
customers. Also, he noted that discounts would probably be related to the 
total volumes being ordered over time by a customer, not necessarily the 
volume of a particular product on a particular order. Mike agreed - he was 
aware of wholesalers who had <quote who="Mike Vincent">a piece price, dozen 
price, and case price and a secret '4th line' price they give to the high 
volume accounts which is a bit better than their published 'case 
pricing'</quote> Derek said <quote who="Derek Neighbors">as long as we add 
ability to do 'customer' based discounts - you can do 'volume discount'</quote> 
and <quote who="Derek Neighbors">then compare that to the 'customer' discount 
(if one exists) and take the lower of the two</quote>.</p>

<p>Derek felt that this level of sophistication on pricing was where
<quote who="Derek Neighbors">the shrink wrap stuff SERIOUSLY falls down on 
its face</quote> - <quote who="Derek Neighbors">the more agile you can be with 
your pricing the more effective you can be</quote>. It was not unknown for 
gas stations/petrol stations to change price several times a day.</p>

</section>


<section title="wxPython and other UI drivers for GNUe" subject="[IRC] 11 Mar 2003" archive="http://www.gnuenterprise.org/irc-logs/gnue-public.log.11Mar2003" author="Arturas Kriukovas" contact="mailto:arturas@gsk.vtu.lt" startdate="11 Mar 2003 04:00:00 -0800" enddate="11 Mar 2003 04:00:00 -0800">

<topic>Common</topic>

<mention>Adam Hull</mention>

<p>Adam Hull (fixe) doubted whether wxWindows was really a good choice. 
Jason Cater (jcater) explained that <quote who="Jason Cater">wxWindows 
was a means to an end, not a permanent solution</quote>. As of time of 
writing, Jason was <quote who="Jason Cater">committing an almost 
complete (usable today) QT3 driver</quote>. Also work was beeing done 
on native GTK2 and Win32 drivers.</p>

</section>

</kc>
<!--
     FILE ARCHIVED ON 05:11:13 Nov 11, 2007 AND RETRIEVED FROM THE
     INTERNET ARCHIVE ON 09:25:14 Dec 05, 2018.
     JAVASCRIPT APPENDED BY WAYBACK MACHINE, COPYRIGHT INTERNET ARCHIVE.

     ALL OTHER CONTENT MAY ALSO BE PROTECTED BY COPYRIGHT (17 U.S.C.
     SECTION 108(a)(3)).
-->
<!--
playback timings (ms):
  LoadShardBlock: 174.551 (3)
  esindex: 0.01
  captures_list: 191.112
  CDXLines.iter: 11.677 (3)
  PetaboxLoader3.datanode: 136.42 (4)
  exclusion.robots: 0.31
  exclusion.robots.policy: 0.297
  RedisCDXSource: 1.621
  PetaboxLoader3.resolve: 114.163 (2)
  load_resource: 100.439
-->