<?xml version="1.0" ?>

<script src="//archive.org/includes/analytics.js?v=cf34f82" type="text/javascript"></script>
<script type="text/javascript">window.addEventListener('DOMContentLoaded',function(){var v=archive_analytics.values;v.service='wb';v.server_name='wwwb-app42.us.archive.org';v.server_ms=326;archive_analytics.send_pageview({});});</script>
<script type="text/javascript" src="/static/js/ait-client-rewrite.js?v=1543384230.0" charset="utf-8"></script>
<script type="text/javascript">
WB_wombat_Init('https://web.archive.org/web', '20071111054830', 'www.kerneltraffic.org');
</script>
<script type="text/javascript" src="/static/js/wbhack.js?v=1543384230.0" charset="utf-8"></script>
<script type="text/javascript">
__wbhack.init('https://web.archive.org/web');
</script>
<link rel="stylesheet" type="text/css" href="/static/css/banner-styles.css?v=1543384230.0" />
<link rel="stylesheet" type="text/css" href="/static/css/iconochive.css?v=1543384230.0" />
<!-- End Wayback Rewrite JS Include -->
<!-- BEGIN WAYBACK TOOLBAR INSERT -->
<script type="text/javascript" src="/static/js/timestamp.js?v=1543384230.0" charset="utf-8"></script>
<script type="text/javascript" src="/static/js/graph-calc.js?v=1543384230.0" charset="utf-8"></script>
<script type="text/javascript" src="/static/js/auto-complete.js?v=1543384230.0" charset="utf-8"></script>
<script type="text/javascript" src="/static/js/toolbar.js?v=1543384230.0" charset="utf-8"></script>
<style type="text/css">
body {
  margin-top:0 !important;
  padding-top:0 !important;
  /*min-width:800px !important;*/
}
.wb-autocomplete-suggestions {
    text-align: left; cursor: default; border: 1px solid #ccc; border-top: 0; background: #fff; box-shadow: -1px 1px 3px rgba(0,0,0,.1);
    position: absolute; display: none; z-index: 2147483647; max-height: 254px; overflow: hidden; overflow-y: auto; box-sizing: border-box;
}
.wb-autocomplete-suggestion { position: relative; padding: 0 .6em; line-height: 23px; white-space: nowrap; overflow: hidden; text-overflow: ellipsis; font-size: 1.02em; color: #333; }
.wb-autocomplete-suggestion b { font-weight: bold; }
.wb-autocomplete-suggestion.selected { background: #f0f0f0; }
</style>
<div id="wm-ipp" lang="en" style="display:none;direction:ltr;">
<div style="position:fixed;left:0;top:0;right:0;">
<div id="wm-ipp-inside">
  <div style="position:relative;">
    <div id="wm-logo" style="float:left;width:130px;padding-top:10px;">
      <a href="/web/" title="Wayback Machine home page"><img src="/static/images/toolbar/wayback-toolbar-logo.png" alt="Wayback Machine" width="110" height="39" border="0" /></a>
    </div>
    <div class="r" style="float:right;">
      <div id="wm-btns" style="text-align:right;height:25px;">
                  <div id="wm-save-snapshot-success">success</div>
          <div id="wm-save-snapshot-fail">fail</div>
          <a href="#"
             onclick="__wm.saveSnapshot('http://www.kerneltraffic.org/GNUe/gnue20020309_19.xml', '20071111054830')"
             title="Share via My Web Archive"
             id="wm-save-snapshot-open"
          >
            <span class="iconochive-web"></span>
          </a>
          <a href="https://archive.org/account/login.php"
             title="Sign In"
             id="wm-sign-in"
          >
            <span class="iconochive-person"></span>
          </a>
          <span id="wm-save-snapshot-in-progress" class="iconochive-web"></span>
        	<a href="http://faq.web.archive.org/" title="Get some help using the Wayback Machine" style="top:-6px;"><span class="iconochive-question" style="color:rgb(87,186,244);font-size:160%;"></span></a>
	<a id="wm-tb-close" href="#close" onclick="__wm.h(event);return false;" style="top:-2px;" title="Close the toolbar"><span class="iconochive-remove-circle" style="color:#888888;font-size:240%;"></span></a>
      </div>
      <div id="wm-share" style="text-align:right;">
	<a href="#" onclick="window.open('https://www.facebook.com/sharer/sharer.php?u=https://web.archive.org/web/20071111054830/http://www.kerneltraffic.org/GNUe/gnue20020309_19.xml', '', 'height=400,width=600'); return false;" title="Share on Facebook" style="margin-right:5px;" target="_blank"><span class="iconochive-facebook" style="color:#3b5998;font-size:160%;"></span></a>
	<a href="#" onclick="window.open('https://twitter.com/intent/tweet?text=https://web.archive.org/web/20071111054830/http://www.kerneltraffic.org/GNUe/gnue20020309_19.xml&amp;via=internetarchive', '', 'height=400,width=600'); return false;" title="Share on Twitter" style="margin-right:5px;" target="_blank"><span class="iconochive-twitter" style="color:#1dcaff;font-size:160%;"></span></a>
      </div>
    </div>
    <table class="c" style="">
      <tbody>
	<tr>
	  <td class="u" colspan="2">
	    <form target="_top" method="get" action="/web/submit" name="wmtb" id="wmtb"><input type="text" name="url" id="wmtbURL" value="http://www.kerneltraffic.org/GNUe/gnue20020309_19.xml" onfocus="this.focus();this.select();" /><input type="hidden" name="type" value="replay" /><input type="hidden" name="date" value="20071111054830" /><input type="submit" value="Go" /></form>
	  </td>
	  <td class="n" rowspan="2" style="width:110px;">
	    <table>
	      <tbody>
		<!-- NEXT/PREV MONTH NAV AND MONTH INDICATOR -->
		<tr class="m">
		  <td class="b" nowrap="nowrap"><a href="https://web.archive.org/web/20060118071733/http://www.kerneltraffic.org:80/GNUe/gnue20020309_19.xml" title="18 Jan 2006"><strong>Jan</strong></a></td>
		  <td class="c" id="displayMonthEl" title="You are here: 05:48:30 Nov 11, 2007">NOV</td>
		  <td class="f" nowrap="nowrap">Dec</td>
		</tr>
		<!-- NEXT/PREV CAPTURE NAV AND DAY OF MONTH INDICATOR -->
		<tr class="d">
		  <td class="b" nowrap="nowrap"><a href="https://web.archive.org/web/20060118071733/http://www.kerneltraffic.org:80/GNUe/gnue20020309_19.xml" title="07:17:33 Jan 18, 2006"><img src="/static/images/toolbar/wm_tb_prv_on.png" alt="Previous capture" width="14" height="16" border="0" /></a></td>
		  <td class="c" id="displayDayEl" style="width:34px;font-size:24px;white-space:nowrap;" title="You are here: 05:48:30 Nov 11, 2007">11</td>
		  <td class="f" nowrap="nowrap"><img src="/static/images/toolbar/wm_tb_nxt_off.png" alt="Next capture" width="14" height="16" border="0" /></td>
		</tr>
		<!-- NEXT/PREV YEAR NAV AND YEAR INDICATOR -->
		<tr class="y">
		  <td class="b" nowrap="nowrap"><a href="https://web.archive.org/web/20060118071733/http://www.kerneltraffic.org:80/GNUe/gnue20020309_19.xml" title="18 Jan 2006"><strong>2006</strong></a></td>
		  <td class="c" id="displayYearEl" title="You are here: 05:48:30 Nov 11, 2007">2007</td>
		  <td class="f" nowrap="nowrap">2008</td>
		</tr>
	      </tbody>
	    </table>
	  </td>
	</tr>
	<tr>
	  <td class="s">
	    	    <div id="wm-nav-captures">
	      	      <a class="t" href="/web/20071111054830*/http://www.kerneltraffic.org/GNUe/gnue20020309_19.xml" title="See a list of every capture for this URL">8 captures</a>
	      <div class="r" title="Timespan for captures of this URL">07 May 2003 - 11 Nov 2007</div>
	      </div>
	  </td>
	  <td class="k">
	    <a href="" id="wm-graph-anchor">
	      <div id="wm-ipp-sparkline" title="Explore captures for this URL" style="position: relative">
		<canvas id="wm-sparkline-canvas" width="575" height="27" border="0"></canvas>
	      </div>
	    </a>
	  </td>
	</tr>
      </tbody>
    </table>
    <div style="position:absolute;bottom:0;right:2px;text-align:right;">
      <a id="wm-expand" class="wm-btn wm-closed" href="#expand" onclick="__wm.ex(event);return false;"><span id="wm-expand-icon" class="iconochive-down-solid"></span> <span style="font-size:80%">About this capture</span></a>
    </div>
  </div>
    <div id="wm-capinfo" style="border-top:1px solid #777;display:none; overflow: hidden">
            <div style="background-color:#666;color:#fff;font-weight:bold;text-align:center">COLLECTED BY</div>
    <div style="padding:3px;position:relative" id="wm-collected-by-content">
            <div style="display:inline-block;vertical-align:top;width:50%;">
			<span class="c-logo" style="background-image:url(https://archive.org/services/img/webwidecrawl);"></span>
		Organization: <a style="color:#33f;" href="https://archive.org/details/webwidecrawl" target="_new"><span class="wm-title">Internet Archive</span></a>
		<div style="max-height:75px;overflow:hidden;position:relative;">
	  <div style="position:absolute;top:0;left:0;width:100%;height:75px;background:linear-gradient(to bottom,rgba(255,255,255,0) 0%,rgba(255,255,255,0) 90%,rgba(255,255,255,255) 100%);"></div>
	  The Internet Archive discovers and captures web pages through many different web crawls.

At any given time several distinct crawls are running, some for months, and some every day or longer.

View the web archive through the <a href="http://archive.org/web/web.php">Wayback Machine</a>.
	</div>
	      </div>
      <div style="display:inline-block;vertical-align:top;width:49%;">
			<span class="c-logo" style="background-image:url(https://archive.org/services/img/aroundtheworldcrawl)"></span>
		<div>Collection: <a style="color:#33f;" href="https://archive.org/details/aroundtheworldcrawl" target="_new"><span class="wm-title">Around The World Crawl</span></a></div>
		<div style="max-height:75px;overflow:hidden;position:relative;">
	  <div style="position:absolute;top:0;left:0;width:100%;height:75px;background:linear-gradient(to bottom,rgba(255,255,255,0) 0%,rgba(255,255,255,0) 90%,rgba(255,255,255,255) 100%);"></div>
	  Data crawled by Sloan Foundation on behalf of Internet Archive
<br /><br />
	</div>
	      </div>
    </div>
    <div style="background-color:#666;color:#fff;font-weight:bold;text-align:center" title="Timestamps for the elements of this page">TIMESTAMPS</div>
    <div>
      <div id="wm-capresources" style="margin:0 5px 5px 5px;max-height:250px;overflow-y:scroll !important"></div>
      <div id="wm-capresources-loading" style="text-align:left;margin:0 20px 5px 5px;display:none"><img src="/static/images/loading.gif" alt="loading" /></div>
    </div>
  </div></div></div></div><script type="text/javascript">
__wm.bt(575,27,25,2,"web","http://www.kerneltraffic.org/GNUe/gnue20020309_19.xml","2007-11-11",1996);
</script>
<!-- END WAYBACK TOOLBAR INSERT --><kc>

<title>GNUe Traffic</title>

<author contact="mailto:psu@manorcon.demon.co.uk">Peter Sullivan</author>

<issue num="19" date="09 Mar 2002 00:00:00 -0800"/>

<headquote>
GNUe Application Server complete re-write discussed and agreed
</headquote>

<intro>

<p>This Cousin covers the three main mailing lists for the GNU 
Enterprise project, gnue, gnue-dev and gnue-announce. For more 
information about GNUe, see their home page at 
<a href="https://web.archive.org/web/20071111054830/http://www.gnuenterprise.org/">
http://www.gnuenterprise.org</a>. Details of the mailing lists 
can be found at 
<a href="https://web.archive.org/web/20071111054830/http://mail.gnu.org/mailman/listinfo/gnue">
http://mail.gnu.org/mailman/listinfo/gnue</a>, 
<a href="https://web.archive.org/web/20071111054830/http://mail.gnu.org/mailman/listinfo/gnue-dev">
http://mail.gnu.org/mailman/listinfo/gnue-dev</a>,
<a href="https://web.archive.org/web/20071111054830/http://mail.gnu.org/mailman/listinfo/gnue-announce">
http://mail.gnu.org/mailman/listinfo/gnue-announce</a>.</p>

<p>It also covers the #gnuenterprise IRC channel. A great deal of 
development discussion for this project goes on in IRC. You can 
find #gnuenterprise on irc.openprojects.net:6667, or you can 
review the logs at <a href="https://web.archive.org/web/20071111054830/http://www.gnuenterprise.org/irc-logs/">
http://www.gnuenterprise.org/irc-logs/</a>.</p>

</intro>

<section title="GNUe Application Server (GEAS) version 2 Discussion" subject="[IRC] 28 Feb 2002" archive="http://www.gnuenterprise.org/irc-logs/gnue-public.log.28Feb2002" startdate="28 Feb 2002 00:00:00 -0800" enddate="28 Feb 2002 00:00:00 -0800">
<topic>Application Server</topic>
<topic>Common</topic>
<topic>Forms</topic>


<p>Derek Neighbors (dneighbo) suggested starting with the lessons 
learned from the existing GNUe Application Server (GEAS), 
then defining the goals and direction of a new GEAS. 
He said GEAS had <quote who="Derek Neighbors">
evolved w/o direction - meaning it was something treshna designed 
for specific own needs without a direct definition of what it was to be
</quote>. James Thompson (jamest) said GEAS had lacked 
<quote who="James Thompson">forms support, security, 
performance, stability</quote>. This last point was much 
better than it had been, and was now mainly due to problems 
in his area anyway. Reinhard M&#252;ller (reinhard) said when GEAS had 
been originally written, it lacked 
<quote who="Reinhard Müller">coordination, goal, interest from 
other team members</quote> (including himself). Derek agreed, 
but said that this had been partly recognised, and that 
<quote who="Derek Neighbors">the gnue version of geas</quote> 
was significantly different to the one Treshna wrote for 
themselves.</p>

<p>Reinhard defined the overall goal of GEAS - 
<quote who="Reinhard Müller">to pull the application logic
</quote> (or 'business rules' out of both the Forms and the 
database backend. James noted that <quote who="James Thompson">
triggers and the like wouldn't be removed from forms - 
but in an OO setting they wouldn't be used</quote>. Jan 
Ischebeck (Jan) agreed <quote who="Jan Ischebeck">
2- tier is also important</quote>. Derek confirmed
<quote who="Derek Neighbors">forms in 2 tier mode is kind 
of necessary to hit our larger goal</quote>, but he and 
Reinhard wanted to focus on GEAS for the current discussion.</p>

<p>Derek and Reinhard suggested some other goals for GEAS.
Derek said that abstraction/independance of database, RPC 
and language were important - as otherwise 
<quote who="Derek Neighbors">i can use jboss right now today 
</quote>. Reinhard said he personally didn't care much 
about these issues, except database independance. Derek said
RPC abstraction was important to keep up to date - 
<quote who="Derek Neighbors">CORBA is dead - every body right 
now is using XML-RPC - but what will it be next month? 
SOAP??? M$ FOO TRANSPORT?</quote>. Reinhard suggested GNUe 
should seriously consider just using jboss instead of writing 
their own Application Server if this was all they were hoping to 
gain. Derek said the main issues he had 
with using jboss were <quote who="Derek Neighbors">
a. its not a gnu project (one goal of GNU is to have a full 
suite of GNU apps) - b. its java (as are mostly ALL of the 
free app servers) and the thought of method code in java hurts 
me</quote>.</p>

<p>Jan re-iterated Reinhard's point of being able 
<quote who="Jan Ischebeck">to define business rules, methods 
and data without having to be a software expert</quote>. 
Derek agreed, but didn't want to <quote who="Derek Neighbors">
get into own defined macro language syntax</quote>. He re-pasted 
the list of goals, which were now up to 5. Reinhard added a few 
more, and said he still didn't agree with Derek's points about RPC 
and language independance. Derek said security and stablity were 
important, but so was usability. He said 
<quote who="Derek Neighbors">you need not be a hacker to maintain 
or use the softwaer -  BUT i dont expect home users to be able to do 
so - more a business analyst type person</quote>. Reinhard said
<quote who="Reinhard Müller">i don't think it's maintainable to have 
20 dbdrivers for 13 db backends</quote>. James said 
<quote who="James Thompson">i think we hit a good mix in common....
meaning basic support is there and the framework is 
maintainable</quote>.</p>

<p>Derek asked about <quote who="Derek Neighbors">
object transparency</quote> - at the moment, the goals 
did not include this, which was how other free software 
Application Servers did it. It was noted that 'not Java' sounded 
a bit negative, so Derek suggested combining this with the 
licensing issue to say <quote who="Derek Neighbors">1. Must be 
GPL and built with truly free tools.</quote> Jan said the 
<quote who="Jan Ischebeck">possibility to change 
buissness objects without breaking old code</quote> was an 
important goal. Reinhard agreed, and thought that was implied 
by the goal to <quote who="Reinhard Müller">be easy to 
configure and adaptable without downtime</quote>. James said 
<quote who="James Thompson">i don't think any app server today 
does that</quote>.</p>

<p>Neil said that, from a business user perspective, he would put 
different priorities on some of the goals, but felt he should 
keep out of the discussion at this stage. Reinhard disagreed - 
<quote who="Reinhard Müller">i don't want to end up in writing 
an appserver that doesn't fit business needs</quote>. 
Neil said <quote who="Neil Tiffin">we need a central repository 
for defining the business objects (or what ever you want 
to call them) - So that business functionality can be defined 
in one place and show up in all the places it needs to in the 
enterprise</quote>.</p>

<p>Derek pasted the full list of Goals:</p>

<quote who="Derek Neighbors">
<ol>
<li>Must be GPL and built with truly free tools.</li>
<li>Allow methods (logic) to execute on appserver instead of 
on client and/or database.</li>
<li>Must be reasonably stable.</li>
<li>Must be reasonably secure.</li>
<li>Must be easily maintained.</li>
<li>Must be usable by business class users (not just programmers).</li>
<li>Must perform reasonably with large quantities of users and/or data.</li>
<li>Must be easy to configure and adaptable without downtime.</li>
<li>Communicate with an number of backend datastorage.</li>
<li>Must run on multiple OSes and Architectures.</li>
<li>Communitate via a multitude of different tranportaion methods.</li>
<li>Methods support a number of different languages. (lesser goal)</li>
</ol>
</quote>

<p>Reinhard wanted to see if he could come up with better 
wording for some of these points, but was happy with the principles.
Daniel Baumann (chillywilly) asked <quote who="Daniel Baumann">
you don't really expect suits to design business objects do you?
</quote>. Reinhard said <quote who="Reinhard Müller">
there is something in between a luser and a hurd hacker ;)</quote> 
He said <quote who="Reinhard Müller">it's about freedom - 
the user should be free to adapt the software to their needs 
(freedom 1 IIRC)</quote>.</p>

<p>Jan asked about <quote who="Jan Ischebeck">an implementation 
plan?</quote> Reinhard suggested <quote who="Reinhard Müller">
a. we implement in python for the time being - 
b. we implement something that fulfills 1-5 and 7 and 
make the architecture so that the other goals can be reached 
afterwards - while we simultanously implement the 
&quot;object designer&quot; and therefore fulfils 6 and 8</quote>.
He suggested <quote who="Reinhard Müller">
merge 6 and 8 into - must be configurable dynamically, centrally, 
w/o programming skills, without downtime, and in seperate 
&quot;layers&quot; for various levels of specialization</quote>. 
James supported the use of python, with bottlenecks 
recoded in C/C++ if they couldn't be <quote who="James Thompson">
fixed via code cleanup</quote> or re-design. This was 
<quote who="James Thompson">why i like python approach so much - 
it's lends itself to readability and it's highly productive</quote>.
Daniel said <quote who="Daniel Baumann">doesn't make you design 
better software though ;) - no language can</quote>. Jason Cater
(jcater) felt <quote who="Jason Cater">it can encourage you to, though
- just look at perl code - it encourages poor coding, imho</quote>.</p>

<p>James referred to his disussion with Neil about 
<quote who="James Thompsomn">reusing GTriggerNSObject (or something like that) 
as part of a core geas object</quote>. Daniel supported this. 
Reinhard said <quote who="Reinhard Müller">please let's not 
discuss coding details</quote>. James agreed, but said 
<quote who="James Thompson">i guess my point is - 
I <cite>think</cite> a huge part of a python based geas resides in 
common today</quote>. Reinhard said <quote who="Reinhard Müller">
so the first step was to make common usable for geas</quote>. 
This would involve:</p>

<quote who="Reinhard Müller">
<ol>
<li>document interfaces</li>
<li>define stable and unstable parts of the code</li>
<li>define behaviour of the objects</li>
</ol>
</quote>

<p>and keeping these up to date. Once this had been 
done, <quote who="Reinhard Müller">we will look at 
common and see what we can use there and/or what has to be changed
</quote>. Then <quote who="Reinhard Müller">we will implement 
a prototype that is possibly limited - but the architecture 
will be extensible.</quote></p>

<p>Neil asked <quote who="Neil Tiffin">are we going to discuss 
the API's before implementation? or just write code</quote>? 
Reinhard said <quote who="Reinhard Müller">
API definition is the first step of implementation</quote> and 
asked <quote who="Reinhard Müller">who will want to discuss the api?
</quote>. More significantly, who would <quote who="Reinhard Müller">
the GEASv2 team consists of</quote>? James said he could help out. 
Reinhard said he would like James' input in <quote who="Reinhard Müller">
1. documenting common (interface-like) - 
2. keeping the maintainance of common (when we need changes)</quote>. 
The immediate next steps were: </p>

<quote who="Reinhard Müller">
<ul>
<li>jamest/jcater: document common</li>
<li>dneighbo: write down the result of this discussion</li>
<li>reinhard: prepare proposal for GEASv2 API against front end</li>
<li>all: comment on this API</li>
</ul>
</quote>

<p>Derek said he would enter these as tasks in DCL, and
set accounts up for people who didn't already have them. 
Reinhard said <quote who="Reinhard Müller">
for the rest of the week i will spend my gnue time on fixing GEASv1
- i guess i will put some 1 or 2 hours work into it to make it at 
least run all demos without errors</quote>. Neil said 
<quote who="Neil Tiffin">why? - without forms it is useless</quote>. 
He thought <quote who="Neil Tiffin">i would not spend a minute on it
</quote>. Daniel wasn't so sure.</p>

<p>Jan asked <quote who="Jan Ischebeck">how should forms access 
GEASv2? should form use a dbdriver again, or should there be some 
extra abstraction level?</quote> Neil said <quote who="Neil Tiffin">
there needs to be a network abstraction - current geas uses CORBA
</quote>. Reinhard said <quote who="Reinhard Müller">i guess forms 
can't use geas via dbdriver because geas isn't a db</quote>. 
Daniel said <quote who="Daniel Baumann">yes, I always thought it 
was lame that forms forced geas into a [...] relational model</quote>. 
James said <quote who="James Thompson">the datasource system in 
forms supports twy systems</quote>. Later, Derek (dnSleep) said
<quote who="Derek Neighbors">would geas not just be a 'driver'</quote>.
Jason agreed - <quote who="Jason Cater">via a common driver I'd 
think - that way, reports would use the same &quot;driver&quot; -  
as would integrator, etc</quote>. Daniel asked <quote who="Daniel Baumann">
does you common db layer make it as a relational source with records sets?
</quote>. Jason said <quote who="Jason Cater">to a certain extent - 
but that's not set in stone - i.e., at that level, it's more 
terminology than anything</quote>.</p>

</section>

<section title="Using Analysis Patterns for module proposals in GNUe" subject="An Analysis Pattern for Inventories" archive="http://mail.gnu.org/pipermail/gnue/2002-March/003005.html" posts="18" startdate="28 Feb 2002 18:28:15 -0800" enddate="06 Mar 2002 15:39:40 -0800">


<p>Ke Deng asked <quote who="Ke Deng">I don't know how do you think of 
&quot;Analysis Pattern&quot; which might be a useful tool for 
developing package proposals.</quote> He attatched a sample 
<quote who="Ke Deng">Analysis Pattern for Inventories</quote>. Dirk 
Riehle recommended <quote who="Dirk Riehle">Martin Fowler's 
book</quote> on the subject - he had also put some sample 'business 
patterns' 
<a href="https://web.archive.org/web/20071111054830/http://www.riehle.org/practical-matters/patterns/index.html">
on the web</a> himself. Neil Tiffin <quote who="Neil Tiffin">would very
much like to use patterns</quote> but was worried about copyright and 
licensing issues. Dirk felt that <quote who="Dirk Riehle">Open source 
and the patterns community are pretty much on the same line</quote>, 
and felt that, because they had to reference prior art, patterns  
pretty much had to be public domain. He noted <quote who="Dirk Riehle">
There have been attempts to patent patterns, but non of them was really 
successful</quote>. Only a particular publication describing a pattern 
could be copyright, not the ideas behind it.</p>

<p>Ke Deng said <quote who="Ke Deng">Pattern is a solution for some 
kind of generic problem .It 's an abstract from concrete 
context.</quote>. A pattern was <quote who="Ke Deng">a principle or 
thought we can apply in concrete context rather than a patend.When did 
we pay money for principle or thought?</quote>. Neil was worried about 
Dirk's mention of potential patent attempts, but was still keen to use 
the concept of patters in GNUe, and encouraged people to develop 
original patterns that GNUe could use without restriction. Derek 
Neighbors said <quote who="Derek Neighbors">I think we all agree 
patterns are good, we just have to be careful.  I do not claim to be an
expert and would gladly ask our general counsel (Eben Moglen) his 
opinion on using copyrighted patterns to design things.</quote>. He 
later said <quote who="Derek Neighbors">It the worse case we end up 
doing own analysis and producing own patterns</quote>.</p>

<p>Dirk said that the whole spirit of patterns 
<quote who="Dirk Riehle">which are canned experience to be used by 
people.</quote> He said <quote who="Dirk Riehle">I can understand your 
fear of a trojan horse pattern or something like it, but for all 
realistic means you are free to use the Design Patterns, Analysis 
Patterns etc. of this world. There are at least two reasons: you 
already use them, knowingly or unknowingly, they are in your code, and 
even if you weren't using them, the rest of the world does, without 
fearing any licensing fees etc. because there is no owner.</quote>.
Daniel agreed, and noted <quote who="Daniel Baumann">I am 100% 
certain that jcater has used some already in his existing code. 
I am sure we will also use some in GEASv2 code.</quote></p>

<p>Earlier, Neil said <quote who="Neil Tiffin">Our UML tool is 
&quot;dia&quot;. Our early discussions were centered around 
taking UML from dia and somehow generating something that GNUe can 
use internally.  That is still a great project for someone to take on.
Any takers?</quote> Daniel said <quote who="Daniel Baumann">
What is really needed is some good CASE tools period. Like a Free
equivalent to Rational Rose or something</quote> - he was aware of 
several possibilities, but felt <quote who="Daniel Baumann">
the whole point of UML is to be able to 'communicate' your design 
to others. This is essential in any software project.</quote> 
Rich Bodo said dia was <quote who="Rich Bodo">real handy</quote>, 
and gave <a href="https://web.archive.org/web/20071111054830/http://argouml.tigris.org/">several</a> 
<a href="https://web.archive.org/web/20071111054830/http://www.eclipse.org/">web</a> references for 
information on UML.</p>

</section>

<section title="Introspection and Designer wizard support for Interbase/Firebird" subject="Interbase driver patch" archive="http://mail.gnu.org/pipermail/gnue/2002-March/003006.html" posts="2" startdate="01 Mar 2002 09:31:05 -0800" enddate="01 Mar 2002 09:52:30 -0800">
<topic>Common</topic>
<topic>Designer</topic>


<p>Bajusz Tam&#0225;s supplied a patch to add <quote who="Bajusz Tamás">
schema introspection</quote> for <quote who="Bajusz Tamás">
Interbase/Firebird database driver</quote>, so 
<quote who="Bajusz Tamás">you can use wizards in Designer.</quote>
James thanked Bajusz, and asked whether it depended on the 
current CVS code, and how much it had been tested.</p>

</section>

<section title="Data Protection Reports" subject="Data Retrieval Requirements for Personal Information" archive="http://mail.gnu.org/pipermail/gnue/2002-March/003007.html" posts="1" startdate="01 Mar 2002 08:34:48 -0800" enddate="01 Mar 2002 08:34:48 -0800">
<topic>Base</topic>


<p>Jens M&#252;ller suggested some text for <quote who="Jens Müller">the 
base/person package</quote>, to cover the requirement to produce a 
report <quote who="Jens Müller">printing all information stored in the 
system about a specific person</quote>, and other privacy 
requirements.</p>

</section>

<section title="GNUe Application Server (GEAS) version 2 notes" subject="GNUe Application Server version 2 kick-off" archive="http://mail.gnu.org/pipermail/gnue/2002-March/003018.html" posts="3" startdate="02 Mar 2002 12:33:42 -0800" enddate="05 Mar 2002 05:43:52 -0800">
<topic>Application Server</topic>


<p>Peter Sullivan put his notes <quote who="Peter Sullivan">
on the kick-off discussions for GNUe Application Server version 
2</quote> <a href="https://web.archive.org/web/20071111054830/http://www.manorcon.demon.co.uk/geasv2.html"> 
on the web</a>. Christopher Brown supported the non-Java aims of GNUe 
- although there were some free Java Virtual Machines available, 
<quote who="Christopher Brown">The neat Java stuff tends to need 
JDK 1.3 or &quot;better,&quot; and that is distinctly NONFREE, being 
heavily dependent on very nonfree Sun code.</quote> James Thompson
clarified <quote who="James Thompson">We are not using 
java.</quote></p>

</section>

<section title="Object Definition Languague for GNUe Application Server" subject="[IRC] 02 Mar 2002" archive="http://www.gnuenterprise.org/irc-logs/gnue-public.log.02Mar2002" startdate="02 Feb 2002 00:00:00 -0800" enddate="02 Feb 2002 00:00:00 -0800">
<topic>Application Server</topic>


<p>Daniel Baumann (chillywilly) asked for Reinhard M&#252;ller's 
opinion of <quote who="Daniel Baumann">the ODL interfaces
</quote> he had made notes on. Reinhard (reinhard) said 
<quote who="Reinhard Müller">i found the odmg standard 
defines so to speak a &quot;way of thinking&quot; 
rather than a specific syntax</quote>. Daniel felt the 
same could be said of <quote who="Daniel Baumann">OMG 
CORBA</quote> He felt that OMDG <quote who="Daniel Baumann">
keep it pretty simple - in fact I think original gcd syntax 
was a lot hairier</quote>. Reinhard said 
<quote who="Reinhard Müller">however i'm not sure if all of 
that is applicable to business applications - for example i 
think the only sort of collection that is useful for business 
apps is the list</quote>. Daniel wondered why 
<quote who="Daniel Baumann">the dictionary would not be useful?
(hashtable) - array certainly would be</quote> but pointed 
out that it was impossible to <quote who="Daniel Baumann">
say what data structures are useful without a design of
some system/package</quote>.</p>

</section>

<section title="Integrating Zope and GNUe" subject="[IRC] 02 Mar 2002" archive="http://www.gnuenterprise.org/irc-logs/gnue-public.log.02Mar2002" startdate="02 Feb 2002 00:00:00 -0800" enddate="02 Feb 2002 00:00:00 -0800">
<topic>Integrator</topic>


<p>Stuart Quimby (ToyMan) said <quote who="Stuart Quimby">
my ecommerce will be in zope - and I'll want to integrate 
with gnue</quote> Derek Neighbors (derek) said there were 
many ways of doing this, including:</p>

<quote who="Derek Neighbors">
<ol>
<li>write zope/python code to do it</li>
<li>write gnue/python code to do it</li>
<li>use integrator</li>
</ol>
</quote>

</section>

<section title="Object vs Relational Databases" subject="[IRC] 02 Mar 2002" archive="http://www.gnuenterprise.org/irc-logs/gnue-public.log.02Mar2002" startdate="02 Feb 2002 00:00:00 -0800" enddate="02 Feb 2002 00:00:00 -0800">
<topic>Application Server</topic>
<topic>Common</topic>


<p>Daniel Baumann (chillywilly) claimed <quote who="Daniel Baumann">
everything is an object man!</quote>, provoking Jason Cater (jcater) 
to retort <quote who="Jason Cater">everything is relational 
man!</quote> They each tried to disprove each other's thesis by citing 
examples such as electricity, love, death and meaningful conversation.
Daniel said <quote who="Daniel Baumann">there's a relationship 
attribute</quote> in the ODMG Object Model. He said 
<quote who="Daniel Baumann">all objects are relational, but they also 
have behavior</quote>. James Thompson (jamest) suggested 
<quote who="James Thompson">is that to handle the cases  where OO 
design can't cut it?</quote>, running as he went. Daniel pointed out 
<quote who="Daniel Baumann">you guys use python for cying out loud - 
from now on you have to code using only lambda ;)</quote>. Jason said 
<quote who="Jason Cater">we're all for OO programming, but the data 
backend doesn't have to be oo - /me thinks of all his business data - 
millions of stored objects scares the shit out of me</quote>. Daniel 
said that the objects <quote who="Daniel Baumann">can be stored in a 
RDMS -  or a file - or up your nose</quote>.</p>

<p>Jason asked <quote who="Jason Cater">then why bother with another 
layer? iow, what is gained?</quote> Daniel said 
<quote who="Daniel Baumann">you only have to think in objects - one 
domain to worry about - unless you are hacking the backend</quote>.
It was another example of abstraction, such as the
<quote who="Daniel Baumann">rpc absatraction</quote> that Jason was 
working on, or <quote who="Daniel Baumann">the db drivers 
abstracted</quote> in GNUe Common. He <quote who="Daniel Baumann">
wonders why people just do not see the power in modularity</quote>.
James said <quote who="James Thompson">i feel we do that because so 
many free projects solve a very limited role - you can get a ui tool 
for mysql or postgresql or oracle -  but having one tool that works 
with them all would IMHO be better</quote>. Derek Neighbors (derek) 
pointed out that <quote who="Derek Neighbors">designer is mostly made 
up of reused forms code :) -  and if you look at the db drivers i 
think you will see they are as about as modular as it gets - when 
people can submit patches or new db drivers w/o talking to a SINGLE 
developer here that says a lot</quote>.</p>

<p>Daniel asked if there was any real need for GNUe Application Server
(GEAS) in that case. Jason asked whether Daniel meant that GEAS was 
an Object Orientated Database implementation - 
<quote who="Jason Cater">I've never thought of it that way</quote>. 
Daniel said GEAS would have an <quote who="Daniel Baumann">object data 
management system - which includes OODBMS, object-rerlational mapping, 
etc.</quote>. Other than tactical coding issues, the main strategic 
problem with the old GEAS was that there was no Object design in it - 
<quote who="Daniel Baumann">so I figured that using a standard would 
be quicker</quote>, which was why he had done the notes on OMDG.</p>

<p>On object definitions, Derek asked <quote who="Derek Neighbors">
would we reuse gcd format and its parser or do a new or modified format - 
originally i hated the idea but more an more i like idea of XML definition
as it would make using designer a SNAP for creating objects and doing 
objects in UML in dia is only an XSLT style sheet away from pumping to 
an XML format</quote>. Reinhard M&#252;ller (reinhard) said 
<quote who="Reinhard Müller">i see 3 possibilities for storing object 
definitions - 1. store it in .gcd and .py - 2. store it in .xml - 
3. store it in database</quote>. Derek said 
<quote who="Derek Neighbors">i see database as same as xml, i.e. 
you could store the data in a database and pull into xml stream 
on the fly - so that the engine always uses xml</quote>. 
Reinhard said he would prefer to store object definitions in a database. 
Derek said <quote who="Derek Neighbors">the big thing about making 
them in db is it becomes a BITCH to edit them w/o a 'tool' and 
database access</quote>. Reinhard said <quote who="Reinhard Müller">
what really convinced me for database is it's the only possibility 
imho to get dynamic updates being accepted in realtime</quote>. 
Derek felt that using XML could support this too. Reinhard asked 
<quote who="Reinhard Müller">how would geas know that a xml file 
has changed? or would geas rescan all xml files for every 
operation?</quote> Derek said users would test changes in a
test GEAS first, then migrate them to the live server, either
real-time or at a designated time. He felt 
<quote who="Derek Neighbors">you dont want to beable to change 
objects mid stream on somethings - as it toast transactions 
in progress</quote>.</p>

<p>Reinhard proposed that GEAS should read object definitions from
a database <quote who="Reinhard Müller">or from xml files</quote>.
He felt <quote who="Reinhard Müller">whether it internally 
translates xml to db or vice versa is imho an implementation 
detail - and as long as it's transparent to the user it should 
be up to the one who implements it</quote>. Jason agreed - 
<quote who="Jason Cater">it fits in with our model of providing options
and not forcing people to do what we think is best</quote>. 
Derek said <quote who="Derek Neighbors">then i guess the next 
question is defining the implemenation :)</quote>. Reinhard 
said that the interface needed to be defined first.</p>

</section>

<section title="GNUe web page on www.gnu.org" subject="[IRC] 02 Mar 2002" archive="http://www.gnuenterprise.org/irc-logs/gnue-public.log.02Mar2002" startdate="02 Feb 2002 00:00:00 -0800" enddate="02 Feb 2002 00:00:00 -0800">
<topic>Financials (Accounting)</topic>


<p>Reinhard M&#252;ller (reinhard) was <quote who="Reinhard Müller">
about to start the translation of your new project homepage to 
german</quote>, and had found a few problems with the original. 
Peter Sullivan (psu) said <quote who="Peter Sullivan">I will fix the 
English version asap</quote>. Reinhard asked 
<quote who="Reinhard Müller">who can explain to me what cash 
management is? (can't translate a word when i don't know its meaning)
</quote>, and suggested <quote who="Reinhard Müller">
i guess its what we call in german &quot;liquidity planning&quot;
</quote>. Peter suggested <quote who="Peter Sullivan">Cash Management 
= Treasury Management + Bank Reconcilliation</quote>, but 
<quote who="Peter Sullivan">I would have said that Treasury management 
is about future (what cash am I likely to get in soon and pay out 
soon?) but that Bank Recn. is historic (what cheques of mine have 
cleared? What cheques I have paid in have cleared?)</quote>. Reinhard
said the web page list <quote who="Reinhard Müller">to me sounds like 
buzzword bingo</quote>. Peter felt <quote who="Peter Sullivan">
that's (partly) the point - trying to pick up web searches &amp; get 
Googled etc.</quote>.</p>

<p>Later, Reinhard queried the paragraph that talked about GNUe as a 
coordinator for other projects in the area. Daniel Baumann 
(chillywilly) said <quote who="Daniel Baumann">we are a 'meta' 
project - doesn't that fit the bill then?</quote>. Peter said this 
section was <quote who="Peter Sullivan">somewhat aspirational - 
but also describe things like Derek's work for Toyman - jcater's call 
centre, jamest's GNUe work and so on - i.e. making it clear that 
people using the GNUe tools outside of the context of the GNUe ERP 
packages are also welcome and part of the overall 
meta-project</quote>.</p>

</section>

<section title="Debian packages for GNUe" subject="[IRC] 02 Mar 2002" archive="http://www.gnuenterprise.org/irc-logs/gnue-public.log.02Mar2002" startdate="02 Feb 2002 00:00:00 -0800" enddate="02 Feb 2002 00:00:00 -0800">
<topic>Designer</topic>
<topic>Common</topic>


<p>Further to 
<kcref title="Debian packages for GNUe" startdate="21 Feb 2002 00:00:00 -0800"></kcref>, 
Derek Neighbors (dneighbo) asked <quote who="Derek Neighbors">
has anyone tested the latest debians?</quote>. He tried them, and 
commented <quote who="Derek Neighbors">that seems wrong - i didnt get 
geas so python-orbit should not be dependency as far as i know</quote>. 
Daniel Baumann (chillywilly) said <quote who="Daniel Baumann">
it's a dependency for gnurpc isn't it ;)</quote> Derek said 
<quote who="Derek Neighbors">eventually i want us packaged like 
apache</quote>, with seperate packages depending on the RPC method 
and/or database backend.</p>

<p>He noted that the current .deb files didn't have a script to 
quiz the user to set up a connections.conf file for database access,
although, for gnue.conf file, <quote who="Derek Neighbors">
the default values are sufficient i.e. unless you are doing odd 
things you dont change it anyhow</quote>. There were still 
<quote who="Derek Neighbors">image load issues on designer - 
but we are getting closer :)</quote>. 
Daniel also tried out the debian packages, and reported some 
issues. Jason Cater (jcater) said <quote who="Jason Cater">
the debs are whacked - we really need the source</quote>. 
Derek said <quote who="Derek Neighbors">i think if you do - 
apt-get source gnue-designer - that you can get the source
and fix it :)</quote>.</p>

</section>

<section title="E/AS Update" subject="[IRC] 03 Mar 2002" archive="http://www.gnuenterprise.org/irc-logs/gnue-public.log.03Mar2002" startdate="03 Feb 2002 00:00:00 -0800" enddate="03 Feb 2002 00:00:00 -0800">


<p>Yurii Rashkovskii (Yurik) was off to a meeting with his fellow 
designers at Open E/AS. The goals of E/AS were generally 
<quote who="Yurii Rashkovskii">quite similar</quote> to GNUe, but their
approach was <quote who="Yurii Rashkovskii">strong object 
&quot;delegation&quot; (prototype-based) structure</quote>. He said
<quote who="Yurii Rashkovskii">our objects differs from classic, 
they're like in SUN Self (generally) [...] there is no 
&quot;classes&quot;, only objects that have another objects as 
so called &quot;prototypes&quot;</quote>. Daniel Baumann (chillywilly) 
said that GNUe Application Server <quote who="Daniel Baumann">will do 
distributed transactions</quote> in the long run. Yurii added 
<quote who="Yurii Rashkovskii">also we used to include strong security 
from the very start and trying to make a very flexible framework, 
running on various platforms</quote>. Externally it could support 
XML-RPC, SOAP or CORBA, but <quote who="Yurii Rashkovskii">inside will 
be an Erlang messaging protocol as a low level protocol</quote>. 
Daniel said <quote who="Daniel Baumann">I didn't know anyone used 
'erlang' ;)</quote>.</p>

</section>

<section title="ERP standards" subject="If you are not tracking SQL-Ledger...a summary" archive="http://mail.gnu.org/pipermail/gnue/2002-March/003024.html" posts="2" startdate="04 Mar 2002 10:37:17 -0800" enddate="04 Mar 2002 12:43:52 -0800">
<topic>Financials (Accounting)</topic>


<mention>Peter Dabrowki</mention>

<p>Further to Peter Dabrowki's comments about SQL-Ledger in
<kcref title="ERP Standards" startdate="21 Feb 2002 18:46:04 -0800"></kcref>,
Christopher Brown said SQL-Ledger was unlikely to want to incorporate 
standards such as CORBA and XML, as <quote who="Christopher Brown">
the amount of infrastructure needed to build such 
&quot;meta-communications systems&quot; inserts a big whack of 
complexity. It's not obvious that introducing this complexity actually
provides a &quot;return on investment&quot; by providing 
<cite>substantially</cite> increased functionality.</quote> Todd Boyle 
felt that more relevant standards for SQL-Ledger would be things 
like:</p>

<ol>
<li><quote who="Todd Boyle">the 
<a href="https://web.archive.org/web/20071111054830/http://www.unece.org/cefact/ebxml/ebXML_CCTS_Part1_V1-8.pdf">
Core Components specification</a> of UN/CEFACT</quote></li>
<li><quote who="Todd Boyle">The UBL (
<a href="https://web.archive.org/web/20071111054830/http://www.oasis-open.org/committees/ubl/">
uniform business language</a>)</quote></li>
</ol>

<p>He felt that <quote who="Todd Boyle">Vocabulary standards are one of
the keys to machine conversations over the internet.</quote></p>

</section>

<section title="NULL fields in Interbase" subject="[IRC] 04 Mar 2002" archive="http://www.gnuenterprise.org/irc-logs/gnue-public.log.04Mar2002" startdate="04 Feb 2002 00:00:00 -0800" enddate="04 Feb 2002 00:00:00 -0800">
<topic>Forms</topic>
<topic>Designer</topic>


<p>Bajusz Tam&#0225;s (btami) said <quote who="Bajusz Tamás">I am testing 
forms/designer and made a master-detail form with designer</quote>. 
However, he was getting a error on the statement 
<quote who="Bajusz Tamás">select count(*) from employee_project where 
emp_no = NULL - I think &quot;emp_no IS NULL&quot; is the correct 
syntax</quote> on Interbase. Jason Cater said <quote who="Jason Cater">
it doesn't do that with the other databases</quote>. Checking, he found
that <quote who="Jason Cater">it looks like SQL92 defines NULL = NULL
</quote> as valid but always false - <quote who="Jason Cater">but we'll
have to work around interbase</quote>. Bajusz cited 
<quote who="Bajusz Tamás"><cite>A first course in database systems</cite>
by Ullman-Widom that NULL is not a constans value, and field=NULL is 
not a valid expression - interbase says too :)</quote>. Peter Sullivan 
(psu) said he <quote who="Peter Sullivan">thought Oracle was the same, 
i.e. field = NULL is a syntax error</quote>. Jason proved otherwise. 
Peter said <quote who="Peter Sullivan">of course, Mr. Ellison does have
several billion dollars weight of argument on his side ;-)</quote>. 
Jason said <quote who="Jason Cater">I dunno - gives me a headache - 
either way, we are fixing our code to remove any ambiguity :)</quote>.
He later confirmed the changes had been comitted to CVS.</p>

</section>

<section title="GNUe/DCL merger announced" subject="[Gnue-announce] GNU Enteprise and Double Choco Latte Projects Merge to Further Accelerate Free Software Enterprise Application Offerings" archive="http://mail.gnu.org/pipermail/gnue-announce/2002-March/000016.html" posts="1" startdate="05 Mar 2002 13:18:55 -0800" enddate="05 Mar 2002 13:18:55 -0800">
<topic>DCL</topic>


<p>Derek Neighbors copied the official GNU press release 
announcing <quote who="Derek Neighbors">GNU Enteprise and Double 
Choco Latte Projects Merge to Further Accelerate Free Software 
Enterprise Application Offerings</quote>.</p>

<p><quote who="Derek Neighbors">   
By putting DCL under the GNUe umbrella, additional resources will be
immediately devoted to it. DCL and its existing PHP interfaces will
quickly be available under the GNUe Application Framework. DCL will be
better modularized. Stronger customer management and billing/invoicing
by project/work order will be the first of many new features. DCL will
become the project management package of GNUe and will use GNUe
modules for many of its components.</quote></p>

<p><quote who="Derek Neighbors">   
The combining of talent from both of these free software projects
should only help accelerate the development of much needed free
software enterprise applications. By increasing the breadth of
enterprise applications that are under a free software license, users
are given options to proprietary software that adversely restrict them
and their businesses. Adding the additional talent and visions to both
projects only helps expand the offerrings of integrated, yet modular,
solutions for small to mid size enterprises.</quote></p>

</section>

<section title="GNUe Application Server backward compatability" subject="[IRC] 06 Mar 2002" archive="http://www.gnuenterprise.org/irc-logs/gnue-public.log.06Mar2002" startdate="06 Feb 2002 00:00:00 -0800" enddate="06 Feb 2002 00:00:00 -0800">
<topic>Application Server</topic>


<p>It was asked what impact the re-write of GNUe
Application Server (GEAS) would have. Derek Neighbors (dneighbo) said 	
it should have <quote who="Derek Neighbors">little direct impact on 
two tier</quote>. On compatibility with the old 
GEAS, Derek said <quote who="Derek Neighbors">we are discussing 
modifying the gcd specification some - if we do that then you will 
probably have some issues</quote>. He said <quote who="Derek Neighbors">
if your time frame isnt immediate you could wait until the first 
prototypes of GEAS(v2) start showing up - we dont have a large 
production geas base, so there have really to date been no concerns 
about backwards compatiablity</quote>.</p>

</section>

</kc><!--
     FILE ARCHIVED ON 05:48:30 Nov 11, 2007 AND RETRIEVED FROM THE
     INTERNET ARCHIVE ON 09:29:06 Dec 05, 2018.
     JAVASCRIPT APPENDED BY WAYBACK MACHINE, COPYRIGHT INTERNET ARCHIVE.

     ALL OTHER CONTENT MAY ALSO BE PROTECTED BY COPYRIGHT (17 U.S.C.
     SECTION 108(a)(3)).
-->
<!--
playback timings (ms):
  LoadShardBlock: 149.523 (3)
  esindex: 0.007
  captures_list: 170.608
  CDXLines.iter: 13.517 (3)
  PetaboxLoader3.datanode: 139.249 (4)
  exclusion.robots: 0.38
  exclusion.robots.policy: 0.364
  RedisCDXSource: 3.874
  PetaboxLoader3.resolve: 61.206 (2)
  load_resource: 124.031
-->