<?xml version="1.0" ?>

<script src="//archive.org/includes/analytics.js?v=cf34f82" type="text/javascript"></script>
<script type="text/javascript">window.addEventListener('DOMContentLoaded',function(){var v=archive_analytics.values;v.service='wb';v.server_name='wwwb-app103.us.archive.org';v.server_ms=532;archive_analytics.send_pageview({});});</script>
<script type="text/javascript" src="/static/js/ait-client-rewrite.js?v=1543384230.0" charset="utf-8"></script>
<script type="text/javascript">
WB_wombat_Init('https://web.archive.org/web', '20071111035621', 'www.kerneltraffic.org');
</script>
<script type="text/javascript" src="/static/js/wbhack.js?v=1543384230.0" charset="utf-8"></script>
<script type="text/javascript">
__wbhack.init('https://web.archive.org/web');
</script>
<link rel="stylesheet" type="text/css" href="/static/css/banner-styles.css?v=1543384230.0" />
<link rel="stylesheet" type="text/css" href="/static/css/iconochive.css?v=1543384230.0" />
<!-- End Wayback Rewrite JS Include -->
<!-- BEGIN WAYBACK TOOLBAR INSERT -->
<script type="text/javascript" src="/static/js/timestamp.js?v=1543384230.0" charset="utf-8"></script>
<script type="text/javascript" src="/static/js/graph-calc.js?v=1543384230.0" charset="utf-8"></script>
<script type="text/javascript" src="/static/js/auto-complete.js?v=1543384230.0" charset="utf-8"></script>
<script type="text/javascript" src="/static/js/toolbar.js?v=1543384230.0" charset="utf-8"></script>
<style type="text/css">
body {
  margin-top:0 !important;
  padding-top:0 !important;
  /*min-width:800px !important;*/
}
.wb-autocomplete-suggestions {
    text-align: left; cursor: default; border: 1px solid #ccc; border-top: 0; background: #fff; box-shadow: -1px 1px 3px rgba(0,0,0,.1);
    position: absolute; display: none; z-index: 2147483647; max-height: 254px; overflow: hidden; overflow-y: auto; box-sizing: border-box;
}
.wb-autocomplete-suggestion { position: relative; padding: 0 .6em; line-height: 23px; white-space: nowrap; overflow: hidden; text-overflow: ellipsis; font-size: 1.02em; color: #333; }
.wb-autocomplete-suggestion b { font-weight: bold; }
.wb-autocomplete-suggestion.selected { background: #f0f0f0; }
</style>
<div id="wm-ipp" lang="en" style="display:none;direction:ltr;">
<div style="position:fixed;left:0;top:0;right:0;">
<div id="wm-ipp-inside">
  <div style="position:relative;">
    <div id="wm-logo" style="float:left;width:130px;padding-top:10px;">
      <a href="/web/" title="Wayback Machine home page"><img src="/static/images/toolbar/wayback-toolbar-logo.png" alt="Wayback Machine" width="110" height="39" border="0" /></a>
    </div>
    <div class="r" style="float:right;">
      <div id="wm-btns" style="text-align:right;height:25px;">
                  <div id="wm-save-snapshot-success">success</div>
          <div id="wm-save-snapshot-fail">fail</div>
          <a href="#"
             onclick="__wm.saveSnapshot('http://www.kerneltraffic.org/GNUe/gnue20020323_21.xml', '20071111035621')"
             title="Share via My Web Archive"
             id="wm-save-snapshot-open"
          >
            <span class="iconochive-web"></span>
          </a>
          <a href="https://archive.org/account/login.php"
             title="Sign In"
             id="wm-sign-in"
          >
            <span class="iconochive-person"></span>
          </a>
          <span id="wm-save-snapshot-in-progress" class="iconochive-web"></span>
        	<a href="http://faq.web.archive.org/" title="Get some help using the Wayback Machine" style="top:-6px;"><span class="iconochive-question" style="color:rgb(87,186,244);font-size:160%;"></span></a>
	<a id="wm-tb-close" href="#close" onclick="__wm.h(event);return false;" style="top:-2px;" title="Close the toolbar"><span class="iconochive-remove-circle" style="color:#888888;font-size:240%;"></span></a>
      </div>
      <div id="wm-share" style="text-align:right;">
	<a href="#" onclick="window.open('https://www.facebook.com/sharer/sharer.php?u=https://web.archive.org/web/20071111035621/http://www.kerneltraffic.org/GNUe/gnue20020323_21.xml', '', 'height=400,width=600'); return false;" title="Share on Facebook" style="margin-right:5px;" target="_blank"><span class="iconochive-facebook" style="color:#3b5998;font-size:160%;"></span></a>
	<a href="#" onclick="window.open('https://twitter.com/intent/tweet?text=https://web.archive.org/web/20071111035621/http://www.kerneltraffic.org/GNUe/gnue20020323_21.xml&amp;via=internetarchive', '', 'height=400,width=600'); return false;" title="Share on Twitter" style="margin-right:5px;" target="_blank"><span class="iconochive-twitter" style="color:#1dcaff;font-size:160%;"></span></a>
      </div>
    </div>
    <table class="c" style="">
      <tbody>
	<tr>
	  <td class="u" colspan="2">
	    <form target="_top" method="get" action="/web/submit" name="wmtb" id="wmtb"><input type="text" name="url" id="wmtbURL" value="http://www.kerneltraffic.org/GNUe/gnue20020323_21.xml" onfocus="this.focus();this.select();" /><input type="hidden" name="type" value="replay" /><input type="hidden" name="date" value="20071111035621" /><input type="submit" value="Go" /></form>
	  </td>
	  <td class="n" rowspan="2" style="width:110px;">
	    <table>
	      <tbody>
		<!-- NEXT/PREV MONTH NAV AND MONTH INDICATOR -->
		<tr class="m">
		  <td class="b" nowrap="nowrap"><a href="https://web.archive.org/web/20051130124808/http://www.kerneltraffic.org:80/GNUe/gnue20020323_21.xml" title="30 Nov 2005"><strong>Nov</strong></a></td>
		  <td class="c" id="displayMonthEl" title="You are here: 03:56:21 Nov 11, 2007">NOV</td>
		  <td class="f" nowrap="nowrap">Dec</td>
		</tr>
		<!-- NEXT/PREV CAPTURE NAV AND DAY OF MONTH INDICATOR -->
		<tr class="d">
		  <td class="b" nowrap="nowrap"><a href="https://web.archive.org/web/20051130124808/http://www.kerneltraffic.org:80/GNUe/gnue20020323_21.xml" title="12:48:08 Nov 30, 2005"><img src="/static/images/toolbar/wm_tb_prv_on.png" alt="Previous capture" width="14" height="16" border="0" /></a></td>
		  <td class="c" id="displayDayEl" style="width:34px;font-size:24px;white-space:nowrap;" title="You are here: 03:56:21 Nov 11, 2007">11</td>
		  <td class="f" nowrap="nowrap"><img src="/static/images/toolbar/wm_tb_nxt_off.png" alt="Next capture" width="14" height="16" border="0" /></td>
		</tr>
		<!-- NEXT/PREV YEAR NAV AND YEAR INDICATOR -->
		<tr class="y">
		  <td class="b" nowrap="nowrap"><a href="https://web.archive.org/web/20051130124808/http://www.kerneltraffic.org:80/GNUe/gnue20020323_21.xml" title="30 Nov 2005"><strong>2005</strong></a></td>
		  <td class="c" id="displayYearEl" title="You are here: 03:56:21 Nov 11, 2007">2007</td>
		  <td class="f" nowrap="nowrap">2008</td>
		</tr>
	      </tbody>
	    </table>
	  </td>
	</tr>
	<tr>
	  <td class="s">
	    	    <div id="wm-nav-captures">
	      	      <a class="t" href="/web/20071111035621*/http://www.kerneltraffic.org/GNUe/gnue20020323_21.xml" title="See a list of every capture for this URL">9 captures</a>
	      <div class="r" title="Timespan for captures of this URL">07 May 2003 - 11 Nov 2007</div>
	      </div>
	  </td>
	  <td class="k">
	    <a href="" id="wm-graph-anchor">
	      <div id="wm-ipp-sparkline" title="Explore captures for this URL" style="position: relative">
		<canvas id="wm-sparkline-canvas" width="575" height="27" border="0"></canvas>
	      </div>
	    </a>
	  </td>
	</tr>
      </tbody>
    </table>
    <div style="position:absolute;bottom:0;right:2px;text-align:right;">
      <a id="wm-expand" class="wm-btn wm-closed" href="#expand" onclick="__wm.ex(event);return false;"><span id="wm-expand-icon" class="iconochive-down-solid"></span> <span style="font-size:80%">About this capture</span></a>
    </div>
  </div>
    <div id="wm-capinfo" style="border-top:1px solid #777;display:none; overflow: hidden">
            <div style="background-color:#666;color:#fff;font-weight:bold;text-align:center">COLLECTED BY</div>
    <div style="padding:3px;position:relative" id="wm-collected-by-content">
            <div style="display:inline-block;vertical-align:top;width:50%;">
			<span class="c-logo" style="background-image:url(https://archive.org/services/img/webwidecrawl);"></span>
		Organization: <a style="color:#33f;" href="https://archive.org/details/webwidecrawl" target="_new"><span class="wm-title">Internet Archive</span></a>
		<div style="max-height:75px;overflow:hidden;position:relative;">
	  <div style="position:absolute;top:0;left:0;width:100%;height:75px;background:linear-gradient(to bottom,rgba(255,255,255,0) 0%,rgba(255,255,255,0) 90%,rgba(255,255,255,255) 100%);"></div>
	  The Internet Archive discovers and captures web pages through many different web crawls.

At any given time several distinct crawls are running, some for months, and some every day or longer.

View the web archive through the <a href="http://archive.org/web/web.php">Wayback Machine</a>.
	</div>
	      </div>
      <div style="display:inline-block;vertical-align:top;width:49%;">
			<span class="c-logo" style="background-image:url(https://archive.org/services/img/aroundtheworldcrawl)"></span>
		<div>Collection: <a style="color:#33f;" href="https://archive.org/details/aroundtheworldcrawl" target="_new"><span class="wm-title">Around The World Crawl</span></a></div>
		<div style="max-height:75px;overflow:hidden;position:relative;">
	  <div style="position:absolute;top:0;left:0;width:100%;height:75px;background:linear-gradient(to bottom,rgba(255,255,255,0) 0%,rgba(255,255,255,0) 90%,rgba(255,255,255,255) 100%);"></div>
	  Data crawled by Sloan Foundation on behalf of Internet Archive
<br /><br />
	</div>
	      </div>
    </div>
    <div style="background-color:#666;color:#fff;font-weight:bold;text-align:center" title="Timestamps for the elements of this page">TIMESTAMPS</div>
    <div>
      <div id="wm-capresources" style="margin:0 5px 5px 5px;max-height:250px;overflow-y:scroll !important"></div>
      <div id="wm-capresources-loading" style="text-align:left;margin:0 20px 5px 5px;display:none"><img src="/static/images/loading.gif" alt="loading" /></div>
    </div>
  </div></div></div></div><script type="text/javascript">
__wm.bt(575,27,25,2,"web","http://www.kerneltraffic.org/GNUe/gnue20020323_21.xml","2007-11-11",1996);
</script>
<!-- END WAYBACK TOOLBAR INSERT --><kc>

<title>GNUe Traffic</title>

<author contact="mailto:psu@manorcon.demon.co.uk">Peter Sullivan</author>

<issue num="21" date="23 Mar 2002 00:00:00 -0800"/>

<headquote>
A universal (literally) ERP - &quot;<cite>
if we can do an invoice here, it's a pretty safe bet we can
do it in Alpha Centauri as well -- as long as Alpha Centauri dig free
software.</cite>&quot;
</headquote>

<intro>

<p>This Cousin covers the three main mailing lists for the GNU 
Enterprise project, gnue, gnue-dev and gnue-announce. For more 
information about GNUe, see their home page at 
<a href="https://web.archive.org/web/20071111035621/http://www.gnuenterprise.org/">
http://www.gnuenterprise.org</a>. Details of the mailing lists 
can be found at 
<a href="https://web.archive.org/web/20071111035621/http://mail.gnu.org/mailman/listinfo/gnue">
http://mail.gnu.org/mailman/listinfo/gnue</a>, 
<a href="https://web.archive.org/web/20071111035621/http://mail.gnu.org/mailman/listinfo/gnue-dev">
http://mail.gnu.org/mailman/listinfo/gnue-dev</a>,
<a href="https://web.archive.org/web/20071111035621/http://mail.gnu.org/mailman/listinfo/gnue-announce">
http://mail.gnu.org/mailman/listinfo/gnue-announce</a>.</p>

<p>It also covers the #gnuenterprise IRC channel. A great deal of 
development discussion for this project goes on in IRC. You can 
find #gnuenterprise on irc.openprojects.net:6667, or you can 
review the logs at <a href="https://web.archive.org/web/20071111035621/http://www.gnuenterprise.org/irc-logs/">
http://www.gnuenterprise.org/irc-logs/</a>.</p>

</intro>

<section title="On-Line Analytical Processing using GNU Enterprise" subject="OLAP" archive="http://mail.gnu.org/pipermail/gnue/2002-March/003045.html" posts="2" startdate="13 Mar 2002 23:42:54 -0800" enddate="14 Mar 2002 05:54:28 -0800">
<topic>Reports</topic>


<p>Abdul Hafiz Abdullah said he had done some looking, but 
<quote who="Abdul Hafiz Abdullah">didnt find much on
discussion on free OLAP</quote>. He asked 
<quote who="Abdul Hafiz Abdullah">if anyone is working
on this.</quote> He was <quote who="Abdul Hafiz Abdullah">
thinking of building something on top of postgresql with python,
GEAS, C++ and make it part of GNUE.</quote>. 
Derek Neighbors said <quote who="Derek Neighbors">
I do a LOT of OLAP work for my real job.  No one is currently working on 
this, but I think the best language to write an OLAP tool in would be APL 
and there is a GPL implemenation of APL called A+ (aplus).  I have talked 
to some folks there about it.</quote> There had also been some 
discussions <quote who="Derek Neighbors">with the Postgres folks</quote>, 
but no-one was working on it at the moment. He concluded 
<quote who="Derek Neighbors">We should definitely talk more, 
its something GNUe is highly interested in. :)</quote>.</p>

</section>

<section title="GNUe demo at Phoenix Linux User Group" subject="[IRC] 14 Mar 2002" archive="http://www.gnuenterprise.org/irc-logs/gnue-public.log.14Mar2002" startdate="14 Mar 2002 00:00:00 -0800" enddate="15 Mar 2002 00:00:00 -0800">
<topic>Why GNUe?</topic>


<p>Derek Neighbors (derek) said his demonstration to the Phoenix 
Linux User Group in Arizona, USA <quote who="Derek Neighbors">
went fairly well - big knock was - this stuff is WAY more cool 
than your website portrays it</quote>. Jason Cater (jcater) 
said <quote who="Jason Cater">that's one of my biggest gripes - 
no where do we promote what we REALLY CAN DO TODAY</quote>.</p>

<p><a href="https://web.archive.org/web/20071111035621/http://www.gnuenterprise.org/irc-logs/gnue-public.log.15Mar2002">
After midnight,</a> Derek said the <quote who="Derek Neighbors">
presentation went very well about 45 - 50 folks there</quote>. He 
<quote who="Derek Neighbors">gave an overview of gnue (slide based) 
- then did demo of designer to build a video collection database. 
The general sentiment was - THIS KICKS ASS - how come your web site 
doesnt say that it is this far along</quote>? He said 
<quote who="Derek Neighbors">i was pretty amazed at the response 
truthfully - not so much that they liked it but really liked it - 
i didnt know how well the presentation woudl be excepted :) - 
thought maybe the 'hacker' coolness level was too low :)</quote>. 
Peter Sullivan (psu) suggested <quote who="Peter Sullivan">I suppose
one of the lessons of free s/w is that people don;t necess get 
impressed by what you expect. GNUe is ultimately about ERP - but 
even today we have a set of tools that are  a good free alternative 
for the sort of quick hack d/b apps that people tend to use M$ 
Access or Delphi etc for</quote>. However, 
<quote who="Peter Sullivan">because GNUe tools can use 
&quot;industrial strength&quot; d/b backend - be it postgres, SAP, 
or one of the non-free alternatives - it becomes far more 
scalable</quote>. David McWherter (dtm) said he had seen a major 
department in a multi-national company <quote who="David McWherter">
abusing Excel as its ERP - yes, the whole org workflow in an Excel 
spreadsheet file alone</quote>, and asked ironically 
<quote who="David McWherter">is gnue compatible with Excel?  
;)</quote> Peter said <quote who="Peter Sullivan">Excel is for 
accountants what emacs is for hackers - i.e. give them the chance 
and they'll never come out of it</quote>. He thought 
<quote who="Peter Sullivan">because of the common pro-XML attitude
gnumeric might be a better choice for working with GNUE than 
Excel</quote>. </p>

<p>Later, Derek quoted an e-mail he had received that said 
<quote who="Derek Neighbors">Using a GUI tool to build a database
app in a few minutes on a GPL platform with GPL tools is not 
glamorous?  Seeing something that my employer (given the will to put
in the effort) could use to run the entire business infrastructure
with no licence fees and complete customization capability is not 
glamorous?  Such power at a mouse click all for the downloading is
not glamorous? Derek, YOU are not glamorous but I think GNUe is! If 
I can sell it right, at the right time, it could be the reason to
run more Linux around my work place. Thanks for the 
presentation!</quote> Derek was very pleased. Nick Rusnov (nickr) 
warned <quote who="Nick Rusnov">the you are not glamourous 
part sounds like an insult - maybe you need more revlon</quote>? 
Derek claimed to <quote who="Derek Neighbors">use mary kay or 
clinique</quote>.</p>

</section>

<section title="Web browser compatability with DCL" subject="[IRC] 15 Mar 2002" archive="http://www.gnuenterprise.org/irc-logs/gnue-public.log.15Mar2002" startdate="15 Mar 2002 00:00:00 -0800" enddate="15 Mar 2002 00:00:00 -0800">
<topic>DCL</topic>


<p>Derek Neighbors (dneighbo) said that there had previously been 
problems using DCL with Microsoft Internet Explorer, but 
<quote who="Derek Neighbors">i think my most recent upgrade (as of 
two days ago to dcl) fixed it</quote> as a side-effect. 
Arturas Kriukovas said <quote who="Arturas Kriukovas">
konqueror is resisting (?) to work with timecarts:)</quote>. 
Derek asked <quote who="Derek Neighbors">does konq support 
ssl?</quote> and asked <quote who="Derek Neighbors">jamest/jcater 
can you confirm deny that konq works w/ dcl</quote>? - he personally 
<quote who="Derek Neighbors">uses galeon</quote>.</p> 

<p>Arturas sad <quote who="Arturas Kriukovas">i can login with 
konqueror =&gt; supports ssl</quote>, but he still couldn't add a 
time card. Derek said the problem was probably with konq rather 
than DCL. Arturas confirmed that it was working with Internet 
Explorer. Derek started <quote who="Derek Neighbors">downloading 
konq now to verify problem</quote>, and said 
<quote who="Derek Neighbors">konq doesnt appear to support 
ssl</quote>. Daniel Baumann (chillywilly) said 
<quote who="Daniel Baumann">it should be - the last time I used 
konq it did and that was many many moons ago</quote>. 
Michael Dean confirmed he also got <quote who="Michael Dean">
an error trying to submit a time card - cannot find host 
www.gnuenterprise.org</quote>. He said <quote who="Michael Dean">
for the longest time konq wouldn't even allow login - 
their javascript is still a little broken, I guess - 
but it's MUCH better than previous versions</quote>.</p>

<p>Later, Derek asked <quote who="Derek Neighbors">so is this time 
card issue a konq problem or a dcl problem?</quote>. Arturas 
confirmed <quote who="Arturas Kriukovas">i can reach bank web site
over https with kong =&gt; it supports ssl</quote>. He said 
<quote who="Arturas Kriukovas">i just installed kde with all 
software, kong was there - and it works with ssl - 
maybe kong needs additional package to work with ssl - 
what was installed in my system by default</quote>? Derek said 
<quote who="Derek Neighbors">i looked and dont find anything in 
debian for it</quote> and suggested <quote who="Derek Neighbors">
you try galeon or mozilla instead for now :)</quote>.</p>

</section>

<section title="DataVision as an alternative to GNUe Reports" subject="[Gnue-dev] (no subject)" archive="http://mail.gnu.org/pipermail/gnue-dev/2002-March/000046.html" posts="1" startdate="15 Mar 2002 15:50:57 -0800" enddate="18 Mar 2002 00:00:00 -0800">
<topic>Reports</topic>
<topic>Designer</topic>


<p>Bajusz Tam&#0225;s said that he had found a free software reporting package 
called <a href="https://web.archive.org/web/20071111035621/http://datavision.sourceforge.net/">DataVision</a>. 
<quote who="Bajusz Tamás">This is a report designer (written in java), 
and very similar to GNUe reports concept.</quote>. He wondered 
<quote who="Bajusz Tamás">can this be a good starting point?</quote>.</p>

<p>Two days later 
<a href="https://web.archive.org/web/20071111035621/http://www.gnuenterprise.org/irc-logs/gnue-public.log.18Mar2002">
on IRC,</a>, Derek Neighbors (dneighbo) said <quote who="Derek Neighbors">
unfortunately if its java we cant use it - but we can use concepts 
:)</quote>. Looking at the FAQ, he noted <quote who="Derek Neighbors">
a. they use csv to import ot excel [...] b. they use docbook to do 
transformatoins [...] c. they use jdbc only</quote>. He wasn't opposed to 
simple products that did a single thing well, but GNUe Reports was wider 
in scope. Bajusz (btami) clarified <quote who="Bajusz Tamás">I am only 
talking about his layout tags in report.dtd - groups, pages, 
etc.</quote>. Derek said he thought the DataVision tags were fairly 
simple, <quote who="Derek Neighbors">but maybe an ok starting point - at 
this point i would like to go more 'simple' than complex so i can start 
on the xslt engine portion - i.e. get enough 'basic' tags defined so that 
we can write the transformation style sheets and have worrking basic 
reports</quote>. Having a working prototype was the best way of getting 
feedback. Jason Cater (jcater) said that DataVision would 
<quote who="Jason Cater">serve basic needs well - but doesn't seem scalable 
or very adaptable outside of it's limited scope</quote>.</p>

</section>

<section title="Tradeshow appearances for GNUe?" subject="Report from the FOSE Conference" archive="http://mail.gnu.org/pipermail/gnue/2002-March/003050.html" posts="1" startdate="17 Mar 2002 00:00:00 -0800" enddate="20 Mar 2002 18:48:54 -0800">
<topic>Why GNUe?</topic>


<p><a href="https://web.archive.org/web/20071111035621/http://www.gnuenterprise.org/irc-logs/gnue-public.log.17Mar2002">
On IRC</a>, 
Derek Neighbors (dneighbo) reported <quote who="Derek Neighbors">
hey IBM invited us to be on their 'tradeshow' circuit</quote>. He 
<quote who="Derek Neighbors">was amazed that unsolicited they found 
us and asked us to exhibit at their conferences</quote>. He had 
received <quote who="Derek Neighbors">a huge packet in the mail about 
becoming an exhibitor</quote>. Most of the shows were irrelevent to 
GNUe, <quote who="Derek Neighbors">but there is one in Anahiem on 
'data management'</quote>. He said <quote who="Derek Neighbors">
if they would let us exhibit for free i would consider</quote> it, 
as he could probably get there independantly.</p>

<p>Three days later, Stan Klein e-mailed about another trade show -
<quote who="Stan Klein">FOSE is the Federal 
Office Systems Expo, an annual trade show held at the Washington, DC 
Convention Center.  There are apparently some free booths given to user
groups and other non-profits</quote>, but he had been unable to get 
one in time for GNUe. Instead, he <quote who="Stan Klein">cobbled 
together a one-page, one-side flyer (text below)</quote> and 
<quote who="Stan Klein">The Northern Virginia Linux Users Group 
(NOVALUG), which had the only booth devoted to free/open-source 
software, was gracious enough to allow me to leave copies of the flyer 
at their booth.</quote></p>

<p>He also went to <quote who="Stan Klein">the Enterprise Solutions 
area</quote> run by the US <quote who="Stan Klein">Federal Government's
lead agency for information technology procurement</quote> and spoke to
some people there, including <quote who="Stan Klein">the Director 
of Business Development for the GSA IT Acquisition Center, who said he 
would pass the information along to the program manager of the 
E-Government Initiative.  I also spoke to people at the Chief 
Information Officers' group booth and at a booth devoted to the NASA 
&quot;Seat Management&quot; program. In both cases, the people there 
said they would pass the information along to others.</quote></p>

<p>Stan gave <quote who="Stan Klein">The text of the flyer</quote>, 
which was based on <quote who="Stan Klein">the Mini-FAQ and the 
FAQ</quote>, with some new material explaining the concept of 'Free 
Software,' including reference to the GNU/FSF web site.</p>

<p>Later, <a href="https://web.archive.org/web/20071111035621/http://www.gnuenterprise.org/irc-logs/gnue-public.log.20Mar2002">
on IRC</a>, 
Derek Neighbors (derek) commented <quote who="Derek Neighbors">
that was pretty cool of sklien - i thought it was next week - 
and started to box up the fliers we had left to send to him 
(but have been too swamped)</quote>. Jason Cater (jcater) said 
<quote who="Jason Cater">well, it is east coast - so there's a 
time difference :-)</quote>. Derek said 
<quote who="Derek Neighbors">we definitely need to work on 3 or 
4 marketing items - like business card template, tri fold pamplet, 
postcard mailer, and 1 page spec sheet kind of thing - and get in 
cvs - so people can just co from CVS and email to print shop and 
pick up at the event :)</quote> Jason said he didn't have 
any non-proprietary destktop publishing tools. Nick Rusnov (nickr) 
said <quote who="Nick Rusnov">I could try osome stuff in 
Sodipodi</quote>. Jeff Bailey (jbailey) thought 
<quote who="Jeff Bailey">That sounds kinky.</quote>. Nick 
retorted <quote who="Nick Rusnov">sodipodi IS kinky.. they use a 
squirrel as their logo</quote>. Derek said 
<quote who="Derek Neighbors">i will have to look at this 
sodipodi</quote>.</p>

</section>

<section title="Using GNUe Forms with small databases" subject="[Gnue-dev] A few of questions for a new project that will use GNUe" archive="http://mail.gnu.org/pipermail/gnue-dev/2002-March/000047.html" posts="2" startdate="18 Mar 2002 04:08:31 -0800" enddate="18 Mar 2002 07:43:17 -0800">
<topic>Forms</topic>


<p>Andres Moya asked about scalability - <quote who="Andres Moya">
The application will need to scale down to a single PC with Windows 98 
running both the database server and the client, and up to a few dozen 
of clients in different sites talking to a single db server. The only 
server I've found that runs on W98 is MySQL. Do you think that the 
combination MySQL + GNU-e is lightweigth enough to run in a single 
PC?</quote>. Derek thought this would be feasible, but noted 
<quote who="Derek Neighbors">if you find a smaller database like 
Gadfly or ZODB or Other (even txt files) you can easily writ a driver 
for it.</quote>.</p>

</section>

<section title="Preferred patches format" subject="[Gnue-dev] Instructions for Generating Patches" archive="http://mail.gnu.org/pipermail/gnue-dev/2002-March/000049.html" posts="1" startdate="18 Mar 2002 09:04:09 -0800" enddate="18 Mar 2002 09:04:09 -0800">


<p>Jason Cater suggested <quote who="Jason Cater">either a page on 
the website or a FAQ entry covering how to generate patches and where 
supporters should send patches.</quote> This could include 
<quote who="Jason Cater">a standard set of flags for &quot;cvs 
diff&quot;</quote> that were preferred, in the same way that other 
projects like Open Office worked.</p>

</section>

<section title="GNUe Financials status" subject="Re: Finance and accounting module proposal" archive="http://mail.gnu.org/pipermail/gnue/2002-March/003049.html" posts="1" startdate="18 Mar 2002 17:23:33 -0800" enddate="18 Mar 2002 17:23:33 -0800">


<p>Neil Tiffin forwarded an e-mail from Richard Rosenberg 
expressing interest in <quote who="Richard Rosenberg">
the accounting and finance side</quote>. He asked how 
he could participate. Neil said that the current 
functionality was co-ordinated by GNUe team members,
<quote who="Neil Tiffin">
with input from many people.</quote>. IRC was the main 
discussion method, but e-mail was also used. He added 
<quote who="Neil Tiffin">We really need a CPA on the project.</quote>.
The current Financials proposal <quote who="Neil Tiffin">
was developed using GEAS version 1</quote> and it was not clear
how it would be affected by the decision <quote who="Neil Tiffin">
to rewrite GEAS.</quote> In any case, <quote who="Neil Tiffin">
Current work on Packages is waiting progress on the tools.</quote>
Richard noted that <quote who="Richard Rosenberg">there are code 
snipets (python class definitions?) included in the proposal. 
Is there an available database model as well?</quote>. Neil 
replied <quote who="Neil Tiffin">Yes, the point to GEAS is to 
abstract the actual Database and provide an easy way for Business 
Analysts to configure the system.  The 
python snippets you mention are referred to (by GNUe) as business 
methods and could be written in many languages.  GEAS version 1 
supported Python and C.</quote></p>

</section>

<section title="GNUe as a free alternative to Microsoft Access - and more" subject="[IRC] 14 Mar 2002" archive="http://www.gnuenterprise.org/irc-logs/gnue-public.log.18Mar2002" startdate="18 Mar 2002 00:00:00 -0800" enddate="18 Mar 2002 00:00:00 -0800">
<topic>Why GNUe?</topic>


<p>Derek Neighbors (dneighbo) said he <quote who="Derek Neighbors">does 
fear gnue is leaning more towards an access replacement than an ERP 
replacement BUT that said - most large companies use access :)</quote>. 
Jason Cater (jcater) agreed - <quote who="Jason Cater">nothing wrong 
w/being all</quote>. Derek said <quote who="Derek Neighbors">i see my 
coworkers using access for stuff they SHOULDNT - but using a mainframe 
and DB2 is too tough for them and they just want to get their job 
done</quote>. The main thing that stopped GNUe from being used as a 
full ERP platform as of time of writing was 
<quote who="Derek Neighbors">mostly our lack of application 
services</quote>, but that wasn't an absolute, as ERPs had existed 
before Application Servers. However, <quote who="Derek Neighbors">if 
everyone who was using access today started using gnue instead 
i htink we would all be VERY happy - also i think gnue blows access 
out fo the water for scalability</quote>.</p>

</section>

<section title="International support for GNUe" subject="[IRC] 18 Mar 2002" archive="http://www.gnuenterprise.org/irc-logs/gnue-public.log.18Mar2002" startdate="18 Mar 2002 00:00:00 -0800" enddate="19 Mar 2002 00:00:00 -0800">
<topic>Forms</topic>


<p>Bajusz Tam&#0225;s (btami) asked <quote who="Bajusz Tamás">
what about internationalization?</quote>. 
Arturas Kriukovas (Arturas) said <quote who="Arturas Kriukovas">
every label and etc. in forms is prepared for easy takin-out, translation
and putting it back - also time/date and etc settings are beeing</quote>
planned, but nothing had been put in CVS for these yet. He was keen 
for help with any of these areas!</p>

<p><a href="https://web.archive.org/web/20071111035621/http://www.gnuenterprise.org/irc-logs/gnue-public.log.19Mar2002">
The next day</a>, 
Arturas confirmed he was going to use gettext to substitute text 
on forms from English to an end-user's native language. This meant 
all the <quote who="Arturas Kriukovas">text in *.py files</quote> 
would need translating. He had changed the XML parser to support 
<quote who="Arturas Kriukovas">all national symbols</quote>, but 
they weren't displaying correctly except in form titles. He had 
asked in the #wxwindows irc channel for some help, but all they 
could suggest was <quote who="Arturas Kriukovas">that my system 
may be not configured exactly</quote>. He confirmed his code 
<quote who="Arturas Kriukovas">takes out strings marked for 
translation - puts into separate file for 
human-translation</quote>. Derek Neighbors (dneighbo) was very 
impressed - <quote who="Derek Neighbors">ok so we need to figure 
out the display issue - and we are good to go</quote> on basic 
i18n support.</p>

<p>The next i18n task would be <quote who="Derek Neighbors">for 
the applications - i would like to see us have ONE form file
that supports all languages</quote> instead of having to 
re-do the .gfd (GNUe Forms Definition file) 
<quote who="Derek Neighbors">for every language</quote> - 
<quote who="Derek Neighbors">other wise to make contacts.gfd i18n 
i have to copy the form and hand change all the labels 
etc</quote>. However, he would wait and see Arturas's current 
patch first, as <quote who="Derek Neighbors">we dont have 
applications ready to ship - so the .gfd translation is 
secondary :)</quote>. This could probably be done 
<quote who="Derek Neighbors">the xml way which i think is via 
entities</quote>. Arturas said the <quote who="Arturas Kriukovas">
parser will need additional modifications - but that won't be a 
problem</quote>. Derek suggested putting a 
<quote who="Derek Neighbors">default language code</quote> in the 
gnue.conf file for each user, <quote who="Derek Neighbors">
then we could AUTO select</quote> the appropriate set of 
labels.</p>

<p>Arturas suggested creating a file in CVS, 
<quote who="Arturas Kriukovas">something like i18n.txt [...] 
with phylosophy and status of i18n [...] what has to be done/what 
way and etc.</quote> Derek said that i18n support was important to 
GNUe, <quote who="Derek Neighbors">as the people that have the most 
interest in GNUe at this point are non English speaking 
countries</quote>. Arturas was worried that the display problem could 
<quote who="Arturas Kriukovas">become the biggest headache</quote> as 
<quote who="Arturas Kriukovas">no one no where has no knowledge about 
i18n symbols in all wxwindows</quote>. Derek said it might well be a 
configuration problem, in which case it might be worth getting some 
other i18n-based users to <quote who="Derek Neighbors">test it on 
their configuration</quote>. Arturas said this could be done even 
without GNUe installed - <quote who="Arturas Kriukovas">All that it 
requires is X,python, and wxwindows</quote>. Several people were 
pressed into service to test this, including Derek after Arturas 
confirmed that <quote who="Arturas Kriukovas">there should be no 
need for you to change anything in localization - gtk, wxwindows 
.... takes localization info not from linux</quote>.</p>

<p>Another aspect of international support was 
<quote who="Arturas Kriukovas">date, time and etc</quote> -  
<quote who="Arturas Kriukovas">in USA time is AM/PM, in Lithuania 
time is in 24:00 and etc. - but maybe leave it after i18n symbols 
support</quote>. The priority list was:</p>

<quote who="Arturas Kriukovas">
<ol>
<li>Finish preparing .py for translations. Trying to fix i18n in 
forms display.</li>
<li>Prepare .gfd to i18n.</li>
<li>National data (time, numbers, etc.)</li>
</ol>
</quote>

<p>Later, Derek asked Jason Cater (jcater) if he had seen Arturas' 
patch. Jason said <quote who="Jason Cater">it's what I expected to see
- a lot of _() usage</quote> to <quote who="Jason Cater">use gettext 
in python</quote>. Derek wondered whether all of the text Arturas had 
identified actually needed translating - <quote who="Derek Neighbors">
or can we assume 'developers' will speak english</quote>? Jason 
suggested <quote who="Jason Cater">I think only text the enduser will 
see should be translated myself</quote>. Derek agreed, but noted 
<quote who="Derek Neighbors">i think he is only doing what we told him 
so he probably woudl agree with us :)</quote>. Jason said the practical
issue was that the more text was replaced, the 
<quote who="Jason Cater">more translators will have to 
translate</quote> - plus it would slow down the program. Derek 
suggested <quote who="Derek Neighbors">i think a good rule of thumb is 
developer out put should be english only (like the code) - end user 
output should be i18n</quote>. This wasn't always a clear distinction, 
however.</p>

</section>

<section title="Directory management - collaberation with E/AS?" subject="[IRC] 19 Mar 2002" archive="http://www.gnuenterprise.org/irc-logs/gnue-public.log.19Mar2002" startdate="19 Mar 2002 00:00:00 -0800" enddate="19 Mar 2002 00:00:00 -0800">


<p>Yurii Rashkovskii asked whether the GNUe project would be 
interested in collaberating with E/AS <quote who="Yurii Rashkovskii">
to develop robust directory management</quote>. 
He wasn't keen on LDAP, as it would <quote who="Yurii Rashkovskii">
make system administrator required to edit its configs; also 
(most important) - LDAP do not provides changelists, 
sync-backs and so on</quote>. Directory management for E/AS 
would <quote who="Yurii Rashkovskii">be a supplementary application, 
used primarily for configuration issues and tracking things 
that are out of an object model - like system clients</quote>. 
Derek Neighbors (dneighbo) said <quote who="Derek Neighbors">
why not use existing standards? [...] storing it in SQL
and replicating to LDAP or ActiveDirectory or NDS or such</quote>.
It wasn't a priority for GNUe at the moment, but 
<quote who="Derek Neighbors">if you write directory services 
certainly we would be willing to 'replicate' to your directory 
as much as we are to LDAP or ActiveDirectory etc</quote>.</p>

</section>

<section title="Seperating business logic from forms" subject="[IRC] 19 Mar 2002" archive="http://www.gnuenterprise.org/irc-logs/gnue-public.log.19Mar2002" startdate="19 Mar 2002 00:00:00 -0800" enddate="19 Mar 2002 00:00:00 -0800">
<topic>Forms</topic>
<topic>Application Server</topic>
<topic>Common</topic>


<p>It was asked how to seperate the business logic from forms in GNUe.
Derek Neighbors (dneighbo) said that ultimately this was the purpose 
of GNUe Application Server (GEAS), <quote who="Derek Neighbors">
but SPECIFICALLY you can do this in two tier as well - 
you can put the actual python code outside the form file
and just do an 'include'</quote>. He added <quote who="Derek Neighbors">
long term GEAS is the way to for this - 
GEASv1 does this right now today but has some technical limitations
and we are addressing the short comings in GEASv2</quote>. 
He confirmed that GEAS version 2 would include support for
events, as had GEAS version 1 - <quote who="Derek Neighbors">
basically the biggest change is using the gnue-common 
architecture</quote> for database and RPC abstraction.</p>

</section>

<section title="GNUe Application Server version 2 update" subject="[IRC] 19 Mar 2002" archive="http://www.gnuenterprise.org/irc-logs/gnue-public.log.19Mar2002" startdate="19 Mar 2002 00:00:00 -0800" enddate="19 Mar 2002 00:00:00 -0800">
<topic>Application Server</topic>


<p>Daniel Baumann (chillywilly) said he <quote who="Daniel Baumann">
really need to pund out this api spec ;)</quote> for the new 
version of GNUe Application Server (GEAS). He said he wanted 
<quote who="Daniel Baumann">to propose soem ideas anyway and see what
everyone thinks - taking some freom reinhard's and building on 
that</quote>. Jason Cater (jcater) said he feared 
<quote who="Jason Cater">we are starting at the wrong end of the geas
problem</quote>. Derek agreed - <quote who="Derek Neighbors">i think 
in someways it might be best to take what we have and see what it 
would take to make it use common - and common rpc - and slowly clean 
up as we go</quote>. Daniel pointed out <quote who="Daniel Baumann">
the client api needs transaction support though [...] 
you don't do anything without using a transaction object</quote>. 
Derek clarified that he was not opposed to a re-write. Jason said 
the place to start was with the GNUe Class Definition (gcd) file 
formats. Daniel said a GEAS re-write was essential 
<quote who="Daniel Baumann">for a more fully intergated GNUe 
;)</quote> He thought gcd files should <quote who="Daniel Baumann">
look like ODL files</quote>.</p>

</section>

<section title="RedHat or Debian for GNU/Linux GNUe users" subject="[IRC] 19 Mar 2002" archive="http://www.gnuenterprise.org/irc-logs/gnue-public.log.19Mar2002" startdate="19 Mar 2002 00:00:00 -0800" enddate="19 Mar 2002 00:00:00 -0800">


<p>After spending the best part of two days helping a RedHat GNU/Linux
user get all the dependancies working for GNUe, Derek Neighbors
concluded <quote who="Derek Neighbors">
we need to find out how to make a rh7.2 install easier
- maybe i need to look at making rpms</quote>. These sorts of 
problems were why he liked Debian GNU/Linux - 
<quote who="Derek Neighbors">debian install of gnue literally takes 
longer to download than anything else</quote>.</p>

</section>

<section title="Argentinian ERP development using GNUe" subject="[Gnue-dev] Introducing proyect PAPO" archive="http://mail.gnu.org/pipermail/gnue-dev/2002-March/000050.html" posts="1" startdate="20 Mar 2002 00:00:00 -0800" enddate="20 Mar 2002 00:00:00 -0800">
<topic>Application Server</topic>


<p><a href="https://web.archive.org/web/20071111035621/http://www.gnuenterprise.org/irc-logs/gnue-public.log.20Mar2002">
On IRC</a>, 
John Lenton (Chipaca) asked <quote who="John Lenton">where are the 
databases created when not using GEAS?</quote>. James Thompson 
(jamest) said <quote who="James Thompson">anywhere you like</quote> - 
there was no code to do this. John asked <quote who="John Lenton">
could you send me a schema dump of the db so we can try the stuff 
out wo geas?</quote> He said <quote who="John Lenton">we're trying to 
get a hand on things like invoices and stuff like that</quote>. 
James said that <quote who="James Thompson">all that work is currently
geas only :(</quote>, although remembering 
<kcref title="GNUe on Slashdot" startdate="18 Dec 2001 00:00:00 -0800"/>,
he noted <quote who="James Thompson">
at one time I swore I heard dneighbo talk about using SQL*Ledger 
schema w/ a gnue front end as a sample - but I'm not sure if that 
</quote> ever happened. The standard schema for some (but not all) of 
the GNUe Applications had been defined <quote who="James Thompson">
in geas's gcd language - it's in the packages dir in cvs</quote>.</p>

<p>John tracked down the schemas, but didn't find them very readable. 
Derek Neighbors (dneighbo) emphasised <quote who="Derek Neighbors">
THE GCDS WERE WRITTEN TO BE READ BY OBJECTS - thusly the schemas are 
evil and not to be used without the objects</quote>. He asked for 
<quote who="Derek Neighbors">more information with what you guys are 
doing with gnue :) - so maybe we can help you guys out and in the 
process get some gnue packages released :)</quote>.</p>

<p>As requested, John sent an e-mail to gnue-dev, explaining 
the long term goal was <quote who="John Lenton">to build a complete 
replacement for 
<a href="https://web.archive.org/web/20071111035621/http://www.tangosoft.com.ar/">Tango</a></quote>, which was 
<quote who="John Lenton">an ERP system that tends to the argentine 
market.</quote> They wanted to use GNUe Enterprise as the basis 
<quote who="John Lenton">to build from</quote>, starting initially 
with <quote who="John Lenton">a simple invoicing system targeted at 
services</quote>, so that there were no issues around inventory. They 
would <quote who="John Lenton">grow from there, creating different 
invoicing front-ends for different kinds of bussinesses, adding 
management of customer data, provider data, inventory, bookkeeping, 
asset management... all one step at a time.</quote>. They would 
contribute back <quote who="John Lenton">where we'll probably be 
having to add features to for example GEAS</quote>.</p>

</section>

<section title="Installing GNUe to non-standard directories" subject="[IRC] 20 Mar 2002" archive="http://www.gnuenterprise.org/irc-logs/gnue-public.log.20Mar2002" startdate="20 Mar 2002 00:00:00 -0800" enddate="20 Mar 2002 00:00:00 -0800">


<mention>Marcos Dione</mention>

<p>Marcos Dione (StyXman) asked how to install GNUe as a non-root 
user. Arturas Kriukovas (Arturas) said the normal install 
<quote who="Arturas Kriukovas">tries to copy something in /usr
which you can't do unless you are root</quote>. Derek Neighbors 
(dneighbo) suggested <quote who="Derek Neighbors">
use cvs if you want to determine WHERE to isntall</quote> - 
<quote who="Derek Neighbors">it ASKS where you want to put 
things iirc - by default i believe it puts in ~/bin/ 
for the executables and ~/gnue/etc/ for the configuration 
files</quote>.</p>

</section>

<section title="Praefectus TEP and GNUe" subject="[IRC] 20 Mar 2002" archive="http://www.gnuenterprise.org/irc-logs/gnue-public.log.20Mar2002" startdate="20 Mar 2002 00:00:00 -0800" enddate="20 Mar 2002 00:00:00 -0800">
<topic>Why GNUe?</topic>
<topic>Application Server</topic>
<topic>Common</topic>


<mention>Neil Tiffin</mention>

<p>Marcus Wolf (klog) asked for comments on 
<a href="https://web.archive.org/web/20071111035621/http://www.praefect-sys.com/en/TEP/view/index.html">
Praefectus TEP</a>. James Thompson said <quote who="James Thompson">
quick read thru it makes me think it's somewhat like GNUe</quote>, 
except using java instead of python. Marcus had wondered 
<quote who="Marcus Wolf">maybe there's a way to interoperate with 
gnue - or even merge code 100%</quote>. Derek Neighbors (dneighbo)
said <quote who="Derek Neighbors">we are not java fans, but that 
doesnt rule interoperation or merging out</quote>.</p>

<p>However, <quote who="Derek Neighbors">we are all about 'free 
software' and thus on a whole we dont mesh with 'open source' 
ideology always</quote>. He explained <quote who="Derek Neighbors">
open source is a saying giving source code away is good for business 
and helps the business be more profitable - free software is saying 
sharing is good (giving source is part of sharing) and if that helps 
a busieness and profits great if not too bad</quote>. 
Marcus asked if <quote who="Marcus Wolf">free soft as opposed to 
open source not only implies obligation of providing source with 
software but also provide software at no cost?</quote>. Derek said 
<quote who="Derek Neighbors">we are not saying you cant make money 
with free software</quote> - it was about freedom rather than zero 
price, although in practice free software tended to be distributed 
at zero or nominal cost. Marcus thought this was splitting hairs - 
<quote who="Marcus Wolf">i want to code !</quote> Derek said 
<quote who="Derek Neighbors">honestly that is an acceptable
answer - in fact its the answer many people here have - and there isnt 
anything wrong with it</quote>.</p>

<p>Later, Derek said <quote who="Derek Neighbors">from the sounds of 
it we would love to have you work on geas v2 - as it seems this 
praefectus seems very similar to it</quote>. Alternatively, 
<quote who="Derek Neighbors">you could make our forms engine, 
reporting engine etc talk to praefectus</quote>. However, 
<quote who="Derek Neighbors">any time spent on interoperation
is time lost to bring products forward</quote>. Marcus agreed.</p>

<p>Derek said that the new GEAS would be in python, whereas the old 
one had been C. The main reason for this change was 
<quote who="Derek Neighbors">because we have somethign called 
gnue-common in python that handles rpc abstraction, database 
abstraction, xml parsing etc</quote> which the new GEAS would use.
Also, <quote who="Derek Neighbors">coding in python is MUCH more 
maintainable and quicker</quote> to write code in. Performance was 
<quote who="Derek Neighbors">as good as java's - no one tries to kid 
someone that its as fast as C</quote>. However, 
<quote who="Derek Neighbors">converting python code to C isnt a huge
jump - so if we start seeing bottlenecks we convert those pieces to 
C - for now maintainablity is more important than speed to us
(as is for java developers) - as in enterprise development speed of 
development and maintainability is much higher cost than the speed at
which it runs</quote>. In practice, GNUe Common was already in use 
in two-tier environments (i.e. without the caching of GEAS) and 
<quote who="Derek Neighors">regularly is pulling about 3million 
records off an OS/390 mainframe running IBM DB2</quote>.</p>

<p>Marcus asked <quote who="Marcus Wolf">is geas object management 
hierarchy based? would you have any interest for that, and strong 
security? really is about seeing where i could help. hierachy = tons 
of interesting things - it could bring authority spaces, common 
namespace between multiple object servers, etc.</quote>
Nick Rusnov (nickr) said Role Based Access Control 
<quote who="Nick Rusnov">is desired</quote>. Marcus suggested 
<quote who="Marcus Wolf">geas could be b2 graded ;)</quote>. 
Nick said <quote who="Nick Rusnov">only if the undelying OS is also 
b2, no?</quote> He thought <quote who="Nick Rusnov">It'd be nice to 
have OS-level RBAC - maybe the Hurd can have that.</quote></p>

<p>Derek said <quote who="Derek Neighbors">we are interested in 
security specifically RBAC</quote> but <quote who="Derek Neighbors">we
are NOT willing to dicate an OS one needs to run GNUe</quote>. He 
suggested <quote who="Derek Neighbors">klog you would have to read 
stan's proposal</quote> on security on the website. He said 
<quote who="Derek Neighbors">one of the philophies of gnue is we dont
try to impose things - even security wise - as while a bank wants 
rock hard security - someone in a small shop may not want the 
hassle</quote>. Marcus agreed - <quote who="Marcus Wolf">pluggable 
would be a good thing - pluggable authentication, access control and 
audit</quote>.</p>

<p>Derek thought Marcus would find learing python easy - 
<quote who="Derek Neighbors">if you know C/C++/Java its hardly called
'learning'</quote>. Marcus said <quote who="Marcus Wolf">i fear 
python</quote> as <quote who="Marcus Wolf">the day you introduce 
security - everything changes in terms of performance</quote>. 
Derek said <quote who="Derek Neighbors">we have had several C die 
hards in here - that went to python kicking and screaming - 
and almost every single one of them hasnt touched C since learning 
python</quote>. Python wouldn't be any slower than java. 
Marcus said <quote who="Marcus Wolf">actually i was thinking about a 
rewrite in C</quote> for his application server anyway. Derek said C 
wasn't ideal for security - <quote who="Derek Neighbors">C forces 
you to manage memory and such - and MUCH more susceptible to buffer 
overflows and such - and yes i know the argument that good C 
programming doesnt have htis issue - but i like to counter with well
bad java/python/etc dont have it</quote>. He said 
<quote who="Derek Neighbors">we think of python as a good prototyping
language that is suitable for real work as well - but we arent 
unwilling to drop to C when performance is an issue</quote>. 
In practice, bad C could be slower than good python. Nick said 
<quote who="Nick Rusnov">the hardest part of python is breaking C 
habits and structuring it like a python program.</quote></p>

<p>Marcus asked <quote who="Marcus Wolf">do you think there is a 
really opportunity to build businesses around gnue? that would 
provide gnue-related services?</quote> John Lenton (Chipaca) said 
<quote who="John Lenton">Well we certainly think so :)</quote> 
Marcus said <quote who="Marcus Wolf">with closed source software, 
i'm alone - most likely will never market the software since lack of
time and capital - free software, if there is a possibility to build
something real - with large network of people around it, than i'm in
 ;)</quote>. Nick said <quote who="Nick Rusnov">yea - nice community 
- very fuzzy</quote>. Marcus asked whether GNUe project members were
mainly coders or <quote who="Marcus">business people here? with 
studies in business?</quote> James Thompson (jamest) said Neil Tiffin
and Derek Neighbors were more focused on the business analyst side - 
<quote who="James Thompson">they are tech people turned managers or 
something - scary :)</quote> The thread degenerated into abuse about
the type of cheap aftershave that business-type people wore.</p>

<p>Derek said that <quote who="Derek Neighbors">typically a software 
house</quote> provided a wide range of services besides licensing 
software. <quote who="Derek Neighbors">for gnue because its complex 
there is money to be made in a. instaling the software
- b. in training people</quote>, but <quote who="Derek Neighbors">i think 
most of the money will be in customization(feature enhancement)
and consulting</quote>. He suggested that even proprietary ERP 
companies weren't <quote who="Derek Neighbors">making thier bank on 
licensing fees alone</quote>, as you could tell from their pricing 
structures. Jason Cater (jcater) suggested 
<quote who="Jason Cater">of course, to stay on the community's good 
side, we'd expect some code contributions back into our project if 
you're gonna profit off of our hard work :)</quote>. Derek said 
<quote who="Derek Neighbors">the ones that are good consultants and 
treat customers right will do just fine imho - i wouldnt expect a 
free software consultant using gnue to be a millionaire
- but i would suspect one day they could live comfortably
</quote>. Calum Morrell (drochaid) thought 
<quote who="Calum Morrell">you undervalue the 
potential for a product such as GNUe - I think the only limitation is
the continued developement it requires</quote>.</p>

</section>

<section title="PyXML dependancy removed" subject="[IRC] 20 Mar 2002" archive="http://www.gnuenterprise.org/irc-logs/gnue-public.log.20Mar2002" startdate="20 Mar 2002 00:00:00 -0800" enddate="20 Mar 2002 00:00:00 -0800">


<p>Jason Cater (jcater) announced <quote who="Jason Cater">
We've removed a dependency... PyXML is no longer required. We 
can use Python 2.0+'s built-in support now.</quote>. Derek 
Neighbors (dneighbo) feared <quote who="Derek Neighbors">this 
rendered all arturas work as dead</quote>. Jason said it was 
<quote who="Jason Cater">independent of arturas' stuff</quote>.
James Thompson (jamest) asked ironically 
<quote who="James Thompson">isn't the sign of kwalitee koding 
an increase in the number of lines of code and 
dependencies</quote>?</p>

</section>

<section title="Debian packages for GNUe" subject="[IRC] 20 Mar 2002" archive="http://www.gnuenterprise.org/irc-logs/gnue-public.log.20Mar2002" startdate="20 Mar 2002 00:00:00 -0800" enddate="20 Mar 2002 00:00:00 -0800">


<p>Further to 
<kcref title="Debian packages for GNUe" startdate="07 Mar 2002 00:00:00 -0800"/>, 
Jason Cater (jcater) noted that the Debian package for 
<quote who="Jason Cater">gnue-common is marked as 
Section: interpreters</quote>, which he didn't think was right. 
Daniel Baumann (chillywilly) wondered if it was
<quote who="Daniel Baumann">because it uses python?
(stupid reason)</quote>. Derek Neighbors (derek) said 
<quote who="Derek Neighbors">our debian stuff needs a LOT of work - 
better debconf stuff - and get it working - and do apache style packaging - 
as well as good descriptions, keywords etc :)</quote> 
He was pleased that the Debian GNU/Linux packages for 
GNUe had been started, however. Nick Rusnov (nickr) 
suggested <quote who="Nick Rusnov">filing bugs, lots of them</quote> - 
<quote who="Nick Rusnov">they are official packages, you send a well 
structured mail to submit@bugs.debian.org - read the website 
bugs.debian.org I think to figure out the format</quote>. Derek 
said he would also like <quote who="Derek Neighbors">
to get the source of the packages in our tree and learn how they work</quote>.
He felt GNUe <quote who="Derek Neighbors">really need someone 
highly involved in the project (um jbailey) 
to help us in a pinch and maybe stand up as the 'maintainer' - 
as maurizo does out of kindness</quote>.</p>

</section>

</kc><!--
     FILE ARCHIVED ON 03:56:21 Nov 11, 2007 AND RETRIEVED FROM THE
     INTERNET ARCHIVE ON 09:28:58 Dec 05, 2018.
     JAVASCRIPT APPENDED BY WAYBACK MACHINE, COPYRIGHT INTERNET ARCHIVE.

     ALL OTHER CONTENT MAY ALSO BE PROTECTED BY COPYRIGHT (17 U.S.C.
     SECTION 108(a)(3)).
-->
<!--
playback timings (ms):
  LoadShardBlock: 307.749 (3)
  esindex: 0.006
  captures_list: 320.871
  CDXLines.iter: 9.216 (3)
  PetaboxLoader3.datanode: 228.312 (4)
  exclusion.robots: 0.258
  exclusion.robots.policy: 0.248
  RedisCDXSource: 1.571
  PetaboxLoader3.resolve: 64.206
  load_resource: 198.911
-->