<?xml version="1.0" ?>

<script src="//archive.org/includes/analytics.js?v=cf34f82" type="text/javascript"></script>
<script type="text/javascript">window.addEventListener('DOMContentLoaded',function(){var v=archive_analytics.values;v.service='wb';v.server_name='wwwb-app102.us.archive.org';v.server_ms=344;archive_analytics.send_pageview({});});</script>
<script type="text/javascript" src="/static/js/ait-client-rewrite.js?v=1543384230.0" charset="utf-8"></script>
<script type="text/javascript">
WB_wombat_Init('https://web.archive.org/web', '20071111050819', 'www.kerneltraffic.org');
</script>
<script type="text/javascript" src="/static/js/wbhack.js?v=1543384230.0" charset="utf-8"></script>
<script type="text/javascript">
__wbhack.init('https://web.archive.org/web');
</script>
<link rel="stylesheet" type="text/css" href="/static/css/banner-styles.css?v=1543384230.0" />
<link rel="stylesheet" type="text/css" href="/static/css/iconochive.css?v=1543384230.0" />
<!-- End Wayback Rewrite JS Include -->
<!-- BEGIN WAYBACK TOOLBAR INSERT -->
<script type="text/javascript" src="/static/js/timestamp.js?v=1543384230.0" charset="utf-8"></script>
<script type="text/javascript" src="/static/js/graph-calc.js?v=1543384230.0" charset="utf-8"></script>
<script type="text/javascript" src="/static/js/auto-complete.js?v=1543384230.0" charset="utf-8"></script>
<script type="text/javascript" src="/static/js/toolbar.js?v=1543384230.0" charset="utf-8"></script>
<style type="text/css">
body {
  margin-top:0 !important;
  padding-top:0 !important;
  /*min-width:800px !important;*/
}
.wb-autocomplete-suggestions {
    text-align: left; cursor: default; border: 1px solid #ccc; border-top: 0; background: #fff; box-shadow: -1px 1px 3px rgba(0,0,0,.1);
    position: absolute; display: none; z-index: 2147483647; max-height: 254px; overflow: hidden; overflow-y: auto; box-sizing: border-box;
}
.wb-autocomplete-suggestion { position: relative; padding: 0 .6em; line-height: 23px; white-space: nowrap; overflow: hidden; text-overflow: ellipsis; font-size: 1.02em; color: #333; }
.wb-autocomplete-suggestion b { font-weight: bold; }
.wb-autocomplete-suggestion.selected { background: #f0f0f0; }
</style>
<div id="wm-ipp" lang="en" style="display:none;direction:ltr;">
<div style="position:fixed;left:0;top:0;right:0;">
<div id="wm-ipp-inside">
  <div style="position:relative;">
    <div id="wm-logo" style="float:left;width:130px;padding-top:10px;">
      <a href="/web/" title="Wayback Machine home page"><img src="/static/images/toolbar/wayback-toolbar-logo.png" alt="Wayback Machine" width="110" height="39" border="0" /></a>
    </div>
    <div class="r" style="float:right;">
      <div id="wm-btns" style="text-align:right;height:25px;">
                  <div id="wm-save-snapshot-success">success</div>
          <div id="wm-save-snapshot-fail">fail</div>
          <a href="#"
             onclick="__wm.saveSnapshot('http://www.kerneltraffic.org/GNUe/gnue20030505_79.xml', '20071111050819')"
             title="Share via My Web Archive"
             id="wm-save-snapshot-open"
          >
            <span class="iconochive-web"></span>
          </a>
          <a href="https://archive.org/account/login.php"
             title="Sign In"
             id="wm-sign-in"
          >
            <span class="iconochive-person"></span>
          </a>
          <span id="wm-save-snapshot-in-progress" class="iconochive-web"></span>
        	<a href="http://faq.web.archive.org/" title="Get some help using the Wayback Machine" style="top:-6px;"><span class="iconochive-question" style="color:rgb(87,186,244);font-size:160%;"></span></a>
	<a id="wm-tb-close" href="#close" onclick="__wm.h(event);return false;" style="top:-2px;" title="Close the toolbar"><span class="iconochive-remove-circle" style="color:#888888;font-size:240%;"></span></a>
      </div>
      <div id="wm-share" style="text-align:right;">
	<a href="#" onclick="window.open('https://www.facebook.com/sharer/sharer.php?u=https://web.archive.org/web/20071111050819/http://www.kerneltraffic.org/GNUe/gnue20030505_79.xml', '', 'height=400,width=600'); return false;" title="Share on Facebook" style="margin-right:5px;" target="_blank"><span class="iconochive-facebook" style="color:#3b5998;font-size:160%;"></span></a>
	<a href="#" onclick="window.open('https://twitter.com/intent/tweet?text=https://web.archive.org/web/20071111050819/http://www.kerneltraffic.org/GNUe/gnue20030505_79.xml&amp;via=internetarchive', '', 'height=400,width=600'); return false;" title="Share on Twitter" style="margin-right:5px;" target="_blank"><span class="iconochive-twitter" style="color:#1dcaff;font-size:160%;"></span></a>
      </div>
    </div>
    <table class="c" style="">
      <tbody>
	<tr>
	  <td class="u" colspan="2">
	    <form target="_top" method="get" action="/web/submit" name="wmtb" id="wmtb"><input type="text" name="url" id="wmtbURL" value="http://www.kerneltraffic.org/GNUe/gnue20030505_79.xml" onfocus="this.focus();this.select();" /><input type="hidden" name="type" value="replay" /><input type="hidden" name="date" value="20071111050819" /><input type="submit" value="Go" /></form>
	  </td>
	  <td class="n" rowspan="2" style="width:110px;">
	    <table>
	      <tbody>
		<!-- NEXT/PREV MONTH NAV AND MONTH INDICATOR -->
		<tr class="m">
		  <td class="b" nowrap="nowrap"><a href="https://web.archive.org/web/20050212040035/http://www.kerneltraffic.org:80/GNUe/gnue20030505_79.xml" title="12 Feb 2005"><strong>Feb</strong></a></td>
		  <td class="c" id="displayMonthEl" title="You are here: 05:08:19 Nov 11, 2007">NOV</td>
		  <td class="f" nowrap="nowrap"><a href="https://web.archive.org/web/20080829204649/http://www.kerneltraffic.org/GNUe/gnue20030505_79.xml" title="29 Aug 2008"><strong>Aug</strong></a></td>
		</tr>
		<!-- NEXT/PREV CAPTURE NAV AND DAY OF MONTH INDICATOR -->
		<tr class="d">
		  <td class="b" nowrap="nowrap"><a href="https://web.archive.org/web/20050212040035/http://www.kerneltraffic.org:80/GNUe/gnue20030505_79.xml" title="04:00:35 Feb 12, 2005"><img src="/static/images/toolbar/wm_tb_prv_on.png" alt="Previous capture" width="14" height="16" border="0" /></a></td>
		  <td class="c" id="displayDayEl" style="width:34px;font-size:24px;white-space:nowrap;" title="You are here: 05:08:19 Nov 11, 2007">11</td>
		  <td class="f" nowrap="nowrap"><a href="https://web.archive.org/web/20080829204649/http://www.kerneltraffic.org/GNUe/gnue20030505_79.xml" title="20:46:49 Aug 29, 2008"><img src="/static/images/toolbar/wm_tb_nxt_on.png" alt="Next capture" width="14" height="16" border="0" /></a></td>
		</tr>
		<!-- NEXT/PREV YEAR NAV AND YEAR INDICATOR -->
		<tr class="y">
		  <td class="b" nowrap="nowrap"><a href="https://web.archive.org/web/20050212040035/http://www.kerneltraffic.org:80/GNUe/gnue20030505_79.xml" title="12 Feb 2005"><strong>2005</strong></a></td>
		  <td class="c" id="displayYearEl" title="You are here: 05:08:19 Nov 11, 2007">2007</td>
		  <td class="f" nowrap="nowrap">2008</td>
		</tr>
	      </tbody>
	    </table>
	  </td>
	</tr>
	<tr>
	  <td class="s">
	    	    <div id="wm-nav-captures">
	      	      <a class="t" href="/web/20071111050819*/http://www.kerneltraffic.org/GNUe/gnue20030505_79.xml" title="See a list of every capture for this URL">5 captures</a>
	      <div class="r" title="Timespan for captures of this URL">13 Jun 2003 - 29 Aug 2008</div>
	      </div>
	  </td>
	  <td class="k">
	    <a href="" id="wm-graph-anchor">
	      <div id="wm-ipp-sparkline" title="Explore captures for this URL" style="position: relative">
		<canvas id="wm-sparkline-canvas" width="575" height="27" border="0"></canvas>
	      </div>
	    </a>
	  </td>
	</tr>
      </tbody>
    </table>
    <div style="position:absolute;bottom:0;right:2px;text-align:right;">
      <a id="wm-expand" class="wm-btn wm-closed" href="#expand" onclick="__wm.ex(event);return false;"><span id="wm-expand-icon" class="iconochive-down-solid"></span> <span style="font-size:80%">About this capture</span></a>
    </div>
  </div>
    <div id="wm-capinfo" style="border-top:1px solid #777;display:none; overflow: hidden">
            <div style="background-color:#666;color:#fff;font-weight:bold;text-align:center">COLLECTED BY</div>
    <div style="padding:3px;position:relative" id="wm-collected-by-content">
            <div style="display:inline-block;vertical-align:top;width:50%;">
			<span class="c-logo" style="background-image:url(https://archive.org/services/img/webwidecrawl);"></span>
		Organization: <a style="color:#33f;" href="https://archive.org/details/webwidecrawl" target="_new"><span class="wm-title">Internet Archive</span></a>
		<div style="max-height:75px;overflow:hidden;position:relative;">
	  <div style="position:absolute;top:0;left:0;width:100%;height:75px;background:linear-gradient(to bottom,rgba(255,255,255,0) 0%,rgba(255,255,255,0) 90%,rgba(255,255,255,255) 100%);"></div>
	  The Internet Archive discovers and captures web pages through many different web crawls.

At any given time several distinct crawls are running, some for months, and some every day or longer.

View the web archive through the <a href="http://archive.org/web/web.php">Wayback Machine</a>.
	</div>
	      </div>
      <div style="display:inline-block;vertical-align:top;width:49%;">
			<span class="c-logo" style="background-image:url(https://archive.org/services/img/aroundtheworldcrawl)"></span>
		<div>Collection: <a style="color:#33f;" href="https://archive.org/details/aroundtheworldcrawl" target="_new"><span class="wm-title">Around The World Crawl</span></a></div>
		<div style="max-height:75px;overflow:hidden;position:relative;">
	  <div style="position:absolute;top:0;left:0;width:100%;height:75px;background:linear-gradient(to bottom,rgba(255,255,255,0) 0%,rgba(255,255,255,0) 90%,rgba(255,255,255,255) 100%);"></div>
	  Data crawled by Sloan Foundation on behalf of Internet Archive
<br /><br />
	</div>
	      </div>
    </div>
    <div style="background-color:#666;color:#fff;font-weight:bold;text-align:center" title="Timestamps for the elements of this page">TIMESTAMPS</div>
    <div>
      <div id="wm-capresources" style="margin:0 5px 5px 5px;max-height:250px;overflow-y:scroll !important"></div>
      <div id="wm-capresources-loading" style="text-align:left;margin:0 20px 5px 5px;display:none"><img src="/static/images/loading.gif" alt="loading" /></div>
    </div>
  </div></div></div></div><script type="text/javascript">
__wm.bt(575,27,25,2,"web","http://www.kerneltraffic.org/GNUe/gnue20030505_79.xml","2007-11-11",1996);
</script>
<!-- END WAYBACK TOOLBAR INSERT --><kc>

<title>GNUe Traffic</title>

<editor contact="mailto:psu@burdonvale.co.uk">Peter Sullivan</editor>

<issue num="79" date="03 May 2003 00:00:00 -0800"/>

<intro>
  This covers the three main mailing lists for the 
  <a href="https://web.archive.org/web/20071111050819/http://www.gnuenterprise.org/">GNU Enterprise</a> 
  project, plus the #gnuenterprise IRC channel.
</intro>


<section title="Announcing the 0.5.0 releases" subject="[IRC] 26 Apr 2003" archive="http://www.gnuenterprise.org/irc-logs/gnue-public.log.26Apr2003" author="Arturas Kriukovas" contact="mailto:arturas@gsk.vtu.lt" startdate="26 Apr 2003 04:00:00 -0800" enddate="26 Apr 2003 04:00:00 -0800">

<p>James Thompson (jamest) asked Jeff Bailey (jbailey) what was the status 
of the <quote who="James Thompson">.debs for sid</quote>. Jeff said there 
was still some work needed <quote who="Jeff Bailey">to eliminate the noise 
that the debs make when they're being installed.</quote> (The one's from 
sources.list mentioned in the #gnuenterprise topic).</p>

<p>James also noticed that some release announcement was needed, because 
the current announcement procedure took too long.</p>

</section>


<section title="Using Parameters in Forms" subject="[IRC] 26 Apr 2003" archive="http://www.gnuenterprise.org/irc-logs/gnue-public.log.26Apr2003" author="Peter Sullivan" contact="mailto:psu@burdonvale.co.uk" startdate="26 Apr 2003 04:00:00 -0800" enddate="26 Apr 2003 04:00:00 -0800">

 <topic>Forms</topic>

<p>James Thompson (jamest) was trying to query back 
<quote who="James Thompson">incoming fax images that are not assigned to 
a customer</quote> (i.e. had a NULL customer ID), but could not get this 
to work properly <quote who="James Thompson">as the conditions rightfully filter 
that out - i don't want to change that behaviour as I use it to make several 
forms look like they're pulling from different tables though they are 
not</quote>. He wondered about using <quote who="James Thompson">a 
on-startup trigger</quote> to resolve his current problem, 
<quote who="James Thompson">but I don't know how i'd pass in the 
NULL</quote> value to the trigger. Jason Cater (jcater) came up with
<quote who="Jason Cater">some hackerish ways to do it</quote>, giving 
some sample code using the parameters dictionary, but added 
<quote who="Jason Cater">I don't consider it "good form" though</quote>. 
James was more impressed - <quote who="James Thompson">that's worth 
implementing just as a sample :) - as it's evil and something I'd not have 
thought about</quote> it, as he <quote who="James Thompson">associates the 
parameters dict w/ dialogs not the master form</quote>. Jason said parameters 
had never been intended for use with <quote who="Jason Cater">dialogs - though 
they've become a nice fit</quote>.</p>

<p>James asked <quote who="James Thompson">how do I use the parameters at the 
main form level - do I need to set catchNull</quote>? Jason said 
<quote who="Jason Cater">iirc there's a form-level setParameter</quote>. 
James knew this, but meant with respect to initialisation. Jason said 
<quote who="Jason Cater">I think you have to add a &lt;parameters&gt; 
section - that defines the parameter - if so, there you can set a 
"default"</quote>. James asked if this was documented in the developer's 
guide. Jason said it should be once he had finished it.</p>

</section>


<section title="Native Microsoft Windows UI for Forms" subject="[IRC] 26 Apr 2003" archive="http://www.gnuenterprise.org/irc-logs/gnue-public.log.26Apr2003" author="Arturas Kriukovas" contact="mailto:arturas@gsk.vtu.lt" startdate="26 Apr 2003 04:00:00 -0800" enddate="26 Apr 2003 04:00:00 -0800">

<topic>Forms</topic>
<topic>Common</topic>
<topic>Designer</topic>

<p>Bajusz Tam&#0225;s (btami) announced <quote who="Bajusz Tamás">the 
native win32 form client is functional now, so feel free to try and report 
bugs</quote>. It still lacked some features like picture support or 
tooltips, <quote who="Bajusz Tamás">but it has better dropdown and 
tabbed pages support than wx (on win32)</quote>.</p>

<p>James Thompson (jamest) smelled <quote who="James Thompson">a 0.5.1 
release RSN</quote>. Jason Cater (jcater) said outstanding bugs in designer 
need to be fixed first or <quote who="Jason Cater">maybe we can do forms 
0.5.1 without designer</quote>.</p>

</section>


<section title="Designer wizard to compile web forms" subject="[IRC] 29 Apr 2003" archive="http://www.gnuenterprise.org/irc-logs/gnue-public.log.29Apr2003" author="Peter Sullivan" contact="mailto:psu@burdonvale.co.uk" startdate="29 Apr 2003 04:00:00 -0800" enddate="29 Apr 2003 04:00:00 -0800">

<topic>Designer</topic>

<p>Jason Cater (jcater) asked <quote who="Jason Cater">what is that 
webform wizard that was added yesterday? on the surface, that seems 
quite counter to our goals of a ui-independent form definition</quote>.
Jan Ischebeck (siesel) explained <quote who="Jan Ischebeck">Its a short 
time solution to create html + javascript code out of a gnue-forms 
definition. In normal cases that code could/should be generated on 
the fly by an cgi script. At the moment it is more like a "compile" step. 
/me is planning to give the administrator the choice of doing the parsing 
of the gfd file 1. on the fly (by a cgi script) 2. direktly after a changing 
the gfd files 3. by the javascript client itself.</quote> James Thompson 
(jamest) asked <quote who="James Thompson">should a quick hack be part 
of designer?  or a seperate script altogther</quote> - 
<quote who="James Thompson">it sounds like it works nothing like the other 
wizards</quote>. Jan explained that <quote who="Jan Ischebeck">the reason 
for adding it to designer was, that its much more difficult to write a 
seperate script than writing a wizard</quote> - <quote who="Jan Ischebeck">In 
its form its  a bit similar to the "create Schema" Wizard, which is 
disabled</quote> as of time of writing <quote who="Jan Ischebeck">because 
of schema definition changes, I think.</quote> Later, he said he had 
<quote who="Jan Ischebeck">changed the name to "Compile for jsForms" and 
the entry in the menu to "Extras|Compile Form for GNUe JsForms' - hope 
that makes it more clear</quote>.</p>

</section>


</kc><!--
     FILE ARCHIVED ON 05:08:19 Nov 11, 2007 AND RETRIEVED FROM THE
     INTERNET ARCHIVE ON 09:24:36 Dec 05, 2018.
     JAVASCRIPT APPENDED BY WAYBACK MACHINE, COPYRIGHT INTERNET ARCHIVE.

     ALL OTHER CONTENT MAY ALSO BE PROTECTED BY COPYRIGHT (17 U.S.C.
     SECTION 108(a)(3)).
-->
<!--
playback timings (ms):
  LoadShardBlock: 198.994 (3)
  esindex: 0.006
  captures_list: 215.425
  CDXLines.iter: 11.766 (3)
  PetaboxLoader3.datanode: 116.837 (4)
  exclusion.robots: 0.317
  exclusion.robots.policy: 0.303
  RedisCDXSource: 1.703
  PetaboxLoader3.resolve: 148.609 (2)
  load_resource: 114.641
-->