<?xml version="1.0" ?>

<script src="//archive.org/includes/analytics.js?v=cf34f82" type="text/javascript"></script>
<script type="text/javascript">window.addEventListener('DOMContentLoaded',function(){var v=archive_analytics.values;v.service='wb';v.server_name='wwwb-app13.us.archive.org';v.server_ms=219;archive_analytics.send_pageview({});});</script>
<script type="text/javascript" src="/static/js/ait-client-rewrite.js?v=1543384230.0" charset="utf-8"></script>
<script type="text/javascript">
WB_wombat_Init('https://web.archive.org/web', '20071111061702', 'www.kerneltraffic.org');
</script>
<script type="text/javascript" src="/static/js/wbhack.js?v=1543384230.0" charset="utf-8"></script>
<script type="text/javascript">
__wbhack.init('https://web.archive.org/web');
</script>
<link rel="stylesheet" type="text/css" href="/static/css/banner-styles.css?v=1543384230.0" />
<link rel="stylesheet" type="text/css" href="/static/css/iconochive.css?v=1543384230.0" />
<!-- End Wayback Rewrite JS Include -->
<!-- BEGIN WAYBACK TOOLBAR INSERT -->
<script type="text/javascript" src="/static/js/timestamp.js?v=1543384230.0" charset="utf-8"></script>
<script type="text/javascript" src="/static/js/graph-calc.js?v=1543384230.0" charset="utf-8"></script>
<script type="text/javascript" src="/static/js/auto-complete.js?v=1543384230.0" charset="utf-8"></script>
<script type="text/javascript" src="/static/js/toolbar.js?v=1543384230.0" charset="utf-8"></script>
<style type="text/css">
body {
  margin-top:0 !important;
  padding-top:0 !important;
  /*min-width:800px !important;*/
}
.wb-autocomplete-suggestions {
    text-align: left; cursor: default; border: 1px solid #ccc; border-top: 0; background: #fff; box-shadow: -1px 1px 3px rgba(0,0,0,.1);
    position: absolute; display: none; z-index: 2147483647; max-height: 254px; overflow: hidden; overflow-y: auto; box-sizing: border-box;
}
.wb-autocomplete-suggestion { position: relative; padding: 0 .6em; line-height: 23px; white-space: nowrap; overflow: hidden; text-overflow: ellipsis; font-size: 1.02em; color: #333; }
.wb-autocomplete-suggestion b { font-weight: bold; }
.wb-autocomplete-suggestion.selected { background: #f0f0f0; }
</style>
<div id="wm-ipp" lang="en" style="display:none;direction:ltr;">
<div style="position:fixed;left:0;top:0;right:0;">
<div id="wm-ipp-inside">
  <div style="position:relative;">
    <div id="wm-logo" style="float:left;width:130px;padding-top:10px;">
      <a href="/web/" title="Wayback Machine home page"><img src="/static/images/toolbar/wayback-toolbar-logo.png" alt="Wayback Machine" width="110" height="39" border="0" /></a>
    </div>
    <div class="r" style="float:right;">
      <div id="wm-btns" style="text-align:right;height:25px;">
                  <div id="wm-save-snapshot-success">success</div>
          <div id="wm-save-snapshot-fail">fail</div>
          <a href="#"
             onclick="__wm.saveSnapshot('http://www.kerneltraffic.org/GNUe/gnue20031110_99.xml', '20071111061702')"
             title="Share via My Web Archive"
             id="wm-save-snapshot-open"
          >
            <span class="iconochive-web"></span>
          </a>
          <a href="https://archive.org/account/login.php"
             title="Sign In"
             id="wm-sign-in"
          >
            <span class="iconochive-person"></span>
          </a>
          <span id="wm-save-snapshot-in-progress" class="iconochive-web"></span>
        	<a href="http://faq.web.archive.org/" title="Get some help using the Wayback Machine" style="top:-6px;"><span class="iconochive-question" style="color:rgb(87,186,244);font-size:160%;"></span></a>
	<a id="wm-tb-close" href="#close" onclick="__wm.h(event);return false;" style="top:-2px;" title="Close the toolbar"><span class="iconochive-remove-circle" style="color:#888888;font-size:240%;"></span></a>
      </div>
      <div id="wm-share" style="text-align:right;">
	<a href="#" onclick="window.open('https://www.facebook.com/sharer/sharer.php?u=https://web.archive.org/web/20071111061702/http://www.kerneltraffic.org/GNUe/gnue20031110_99.xml', '', 'height=400,width=600'); return false;" title="Share on Facebook" style="margin-right:5px;" target="_blank"><span class="iconochive-facebook" style="color:#3b5998;font-size:160%;"></span></a>
	<a href="#" onclick="window.open('https://twitter.com/intent/tweet?text=https://web.archive.org/web/20071111061702/http://www.kerneltraffic.org/GNUe/gnue20031110_99.xml&amp;via=internetarchive', '', 'height=400,width=600'); return false;" title="Share on Twitter" style="margin-right:5px;" target="_blank"><span class="iconochive-twitter" style="color:#1dcaff;font-size:160%;"></span></a>
      </div>
    </div>
    <table class="c" style="">
      <tbody>
	<tr>
	  <td class="u" colspan="2">
	    <form target="_top" method="get" action="/web/submit" name="wmtb" id="wmtb"><input type="text" name="url" id="wmtbURL" value="http://www.kerneltraffic.org/GNUe/gnue20031110_99.xml" onfocus="this.focus();this.select();" /><input type="hidden" name="type" value="replay" /><input type="hidden" name="date" value="20071111061702" /><input type="submit" value="Go" /></form>
	  </td>
	  <td class="n" rowspan="2" style="width:110px;">
	    <table>
	      <tbody>
		<!-- NEXT/PREV MONTH NAV AND MONTH INDICATOR -->
		<tr class="m">
		  <td class="b" nowrap="nowrap"><a href="https://web.archive.org/web/20060322130412/http://www.kerneltraffic.org:80/GNUe/gnue20031110_99.xml" title="22 Mar 2006"><strong>Mar</strong></a></td>
		  <td class="c" id="displayMonthEl" title="You are here: 06:17:02 Nov 11, 2007">NOV</td>
		  <td class="f" nowrap="nowrap"><a href="https://web.archive.org/web/20080705034001/http://www.kerneltraffic.org/GNUe/gnue20031110_99.xml" title="05 Jul 2008"><strong>Jul</strong></a></td>
		</tr>
		<!-- NEXT/PREV CAPTURE NAV AND DAY OF MONTH INDICATOR -->
		<tr class="d">
		  <td class="b" nowrap="nowrap"><a href="https://web.archive.org/web/20060322130412/http://www.kerneltraffic.org:80/GNUe/gnue20031110_99.xml" title="13:04:12 Mar 22, 2006"><img src="/static/images/toolbar/wm_tb_prv_on.png" alt="Previous capture" width="14" height="16" border="0" /></a></td>
		  <td class="c" id="displayDayEl" style="width:34px;font-size:24px;white-space:nowrap;" title="You are here: 06:17:02 Nov 11, 2007">11</td>
		  <td class="f" nowrap="nowrap"><a href="https://web.archive.org/web/20080705034001/http://www.kerneltraffic.org/GNUe/gnue20031110_99.xml" title="03:40:01 Jul 05, 2008"><img src="/static/images/toolbar/wm_tb_nxt_on.png" alt="Next capture" width="14" height="16" border="0" /></a></td>
		</tr>
		<!-- NEXT/PREV YEAR NAV AND YEAR INDICATOR -->
		<tr class="y">
		  <td class="b" nowrap="nowrap"><a href="https://web.archive.org/web/20060322130412/http://www.kerneltraffic.org:80/GNUe/gnue20031110_99.xml" title="22 Mar 2006"><strong>2006</strong></a></td>
		  <td class="c" id="displayYearEl" title="You are here: 06:17:02 Nov 11, 2007">2007</td>
		  <td class="f" nowrap="nowrap">2008</td>
		</tr>
	      </tbody>
	    </table>
	  </td>
	</tr>
	<tr>
	  <td class="s">
	    	    <div id="wm-nav-captures">
	      	      <a class="t" href="/web/20071111061702*/http://www.kerneltraffic.org/GNUe/gnue20031110_99.xml" title="See a list of every capture for this URL">5 captures</a>
	      <div class="r" title="Timespan for captures of this URL">21 Jan 2005 - 05 Jul 2008</div>
	      </div>
	  </td>
	  <td class="k">
	    <a href="" id="wm-graph-anchor">
	      <div id="wm-ipp-sparkline" title="Explore captures for this URL" style="position: relative">
		<canvas id="wm-sparkline-canvas" width="575" height="27" border="0"></canvas>
	      </div>
	    </a>
	  </td>
	</tr>
      </tbody>
    </table>
    <div style="position:absolute;bottom:0;right:2px;text-align:right;">
      <a id="wm-expand" class="wm-btn wm-closed" href="#expand" onclick="__wm.ex(event);return false;"><span id="wm-expand-icon" class="iconochive-down-solid"></span> <span style="font-size:80%">About this capture</span></a>
    </div>
  </div>
    <div id="wm-capinfo" style="border-top:1px solid #777;display:none; overflow: hidden">
            <div style="background-color:#666;color:#fff;font-weight:bold;text-align:center">COLLECTED BY</div>
    <div style="padding:3px;position:relative" id="wm-collected-by-content">
            <div style="display:inline-block;vertical-align:top;width:50%;">
			<span class="c-logo" style="background-image:url(https://archive.org/services/img/webwidecrawl);"></span>
		Organization: <a style="color:#33f;" href="https://archive.org/details/webwidecrawl" target="_new"><span class="wm-title">Internet Archive</span></a>
		<div style="max-height:75px;overflow:hidden;position:relative;">
	  <div style="position:absolute;top:0;left:0;width:100%;height:75px;background:linear-gradient(to bottom,rgba(255,255,255,0) 0%,rgba(255,255,255,0) 90%,rgba(255,255,255,255) 100%);"></div>
	  The Internet Archive discovers and captures web pages through many different web crawls.

At any given time several distinct crawls are running, some for months, and some every day or longer.

View the web archive through the <a href="http://archive.org/web/web.php">Wayback Machine</a>.
	</div>
	      </div>
      <div style="display:inline-block;vertical-align:top;width:49%;">
			<span class="c-logo" style="background-image:url(https://archive.org/services/img/aroundtheworldcrawl)"></span>
		<div>Collection: <a style="color:#33f;" href="https://archive.org/details/aroundtheworldcrawl" target="_new"><span class="wm-title">Around The World Crawl</span></a></div>
		<div style="max-height:75px;overflow:hidden;position:relative;">
	  <div style="position:absolute;top:0;left:0;width:100%;height:75px;background:linear-gradient(to bottom,rgba(255,255,255,0) 0%,rgba(255,255,255,0) 90%,rgba(255,255,255,255) 100%);"></div>
	  Data crawled by Sloan Foundation on behalf of Internet Archive
<br /><br />
	</div>
	      </div>
    </div>
    <div style="background-color:#666;color:#fff;font-weight:bold;text-align:center" title="Timestamps for the elements of this page">TIMESTAMPS</div>
    <div>
      <div id="wm-capresources" style="margin:0 5px 5px 5px;max-height:250px;overflow-y:scroll !important"></div>
      <div id="wm-capresources-loading" style="text-align:left;margin:0 20px 5px 5px;display:none"><img src="/static/images/loading.gif" alt="loading" /></div>
    </div>
  </div></div></div></div><script type="text/javascript">
__wm.bt(575,27,25,2,"web","http://www.kerneltraffic.org/GNUe/gnue20031110_99.xml","2007-11-11",1996);
</script>
<!-- END WAYBACK TOOLBAR INSERT --><kc>

<title>GNUe Traffic</title>

<author contact="mailto:arturas@gsk.vtu.lt">Arturas Kriukovas</author>

<issue num="99" date="10 Nov 2003 00:00:00 -0800"/>


<intro>
  This covers the three main mailing lists for the <a href="https://web.archive.org/web/20071111061702/http://www.gnuenterprise.org/">GNU Enterprise</a> project, plus the #gnuenterprise IRC channel.
</intro>



<section title="Unicode (UTF-8) printing" subject="[IRC] 04 Nov 2003" archive="http://www.gnuenterprise.org/irc-logs/gnue-public.log.04Nov2003" author="Arturas Kriukovas" contact="mailto:arturas@gsk.vtu.lt" startdate="04 Nov 2003 04:00:00 -0800" enddate="04 Nov 2003 04:00:00 -0800">

   <p>Chan Min Wai (dcmwai) asked how to <quote who="Chan Min Wai">print the UTF-8 grd and the utf-8 db</quote>(<quote who="Chan Min Wai">printing on an html files or PDF files</quote>). He was talking <quote who="Chan Min Wai">about the month2.grd which all unicode is UTF-8 when using grcvs to get and html /pdf</quote> <quote who="Chan Min Wai">the output isn't utf-8</quote>. Jan Ischebeck (siesel) solved the problem by correcting pdf.py for pdfs and setting <quote who="Jan Ischebeck">textEncoding=utf-8 in gnue.conf [common] section</quote>.</p>


</section>



<section title="GNUe on Debian" subject="[IRC] 04 Nov 2003" archive="http://www.gnuenterprise.org/irc-logs/gnue-public.log.04Nov2003" author="Arturas Kriukovas" contact="mailto:arturas@gsk.vtu.lt" startdate="04 Nov 2003 04:00:00 -0800" enddate="04 Nov 2003 04:00:00 -0800">

   <mention>Jeff Bailey</mention>

<p>Reinhard M&#252;ller (reinhard) announced that <quote who="Reinhard Müller">common, forms, designer, and reports have made it into sarge, appserver and navigator have entered sid</quote>. Thanks to Jeff Bailey!!!</p>

</section>



<section title="GTrigger splits" subject="[IRC] 05 Nov 2003" archive="http://www.gnuenterprise.org/irc-logs/gnue-public.log.05Nov2003" author="Arturas Kriukovas" contact="mailto:arturas@gsk.vtu.lt" startdate="05 Nov 2003 04:00:00 -0800" enddate="05 Nov 2003 04:00:00 -0800">


   <p>Jan Ischebeck (siesel) announced he was <quote who="Jan Ischebeck">beginning to split the GTrigger code into language specific and trigger specific parts</quote> to achieve <quote who="Jan Ischebeck">two goals: 1. make it easy to reuse from appserver 2. add new trigger languages</quote>. He of course has faced some problems - a naming issue: what about putting <quote who="Jan Ischebeck">the language specific stuff in subdirectorys of gnue/common/logic/connector like gnue/common/logic/connector/python/</quote>. The "connector" was chosen as "language connector". James Thompson (jamest) noticed that <quote who="James Thompson">connector makes me think of networking for some reason, same could be said for logic/interface</quote>. Jan <quote who="Jan Ischebeck">thought of adding a "remote connector" which calls the trigger on the application server</quote>. Nothing application specific should go in there. James liked the split idea.</p>
   <p>Another problem - namespace issue - <quote who="James Thompson">the namespace stuff is very python specific</quote>. <quote who="James Thompson">So we'd end up with a generic trigger system that manages triggers</quote>.</p>
<p>On mailing list Jan announced available support for ECMAscript triggers, support for C# is planned.</p>

</section>


<section title="TriggerError renamed to LangIfError" subject="[IRC] 07 Nov 2003" archive="http://www.gnuenterprise.org/irc-logs/gnue-public.log.07Nov2003" author="Arturas Kriukovas" contact="mailto:arturas@gsk.vtu.lt" startdate="07 Nov 2003 04:00:00 -0800" enddate="07 Nov 2003 04:00:00 -0800">


   <p>Jan Ischebeck (siesel) said he had stopped using TriggerError, <quote who="Jan Ischebeck">as it would be "Trigger" specific</quote>. He had named it to <quote who="Jan Ischebeck">LangIfError, like Language Interface Error</quote>. <quote who="Jan Ischebeck">if an error in a trigger /procedure occurs it raises an XXX Error, which is catched by the Language Interface and replaced with a LangIfError. Depending on the time the error occurs its an LangIfRuntime or an LangIfCompileError which are both inheriting LangIfError, so you just have to name it in an except statement</quote>.</p>

</section>

</kc>
<!--
     FILE ARCHIVED ON 06:17:02 Nov 11, 2007 AND RETRIEVED FROM THE
     INTERNET ARCHIVE ON 09:23:17 Dec 05, 2018.
     JAVASCRIPT APPENDED BY WAYBACK MACHINE, COPYRIGHT INTERNET ARCHIVE.

     ALL OTHER CONTENT MAY ALSO BE PROTECTED BY COPYRIGHT (17 U.S.C.
     SECTION 108(a)(3)).
-->
<!--
playback timings (ms):
  LoadShardBlock: 133.481 (3)
  esindex: 0.006
  captures_list: 148.839
  CDXLines.iter: 9.962 (3)
  PetaboxLoader3.datanode: 141.795 (4)
  exclusion.robots: 0.285
  exclusion.robots.policy: 0.272
  RedisCDXSource: 1.199
  PetaboxLoader3.resolve: 22.264
  load_resource: 59.258
-->