<?xml version="1.0" ?>

<script src="//archive.org/includes/analytics.js?v=cf34f82" type="text/javascript"></script>
<script type="text/javascript">window.addEventListener('DOMContentLoaded',function(){var v=archive_analytics.values;v.service='wb';v.server_name='wwwb-app57.us.archive.org';v.server_ms=305;archive_analytics.send_pageview({});});</script>
<script type="text/javascript" src="/static/js/ait-client-rewrite.js?v=1543384230.0" charset="utf-8"></script>
<script type="text/javascript">
WB_wombat_Init('https://web.archive.org/web', '20071111061319', 'www.kerneltraffic.org');
</script>
<script type="text/javascript" src="/static/js/wbhack.js?v=1543384230.0" charset="utf-8"></script>
<script type="text/javascript">
__wbhack.init('https://web.archive.org/web');
</script>
<link rel="stylesheet" type="text/css" href="/static/css/banner-styles.css?v=1543384230.0" />
<link rel="stylesheet" type="text/css" href="/static/css/iconochive.css?v=1543384230.0" />
<!-- End Wayback Rewrite JS Include -->
<!-- BEGIN WAYBACK TOOLBAR INSERT -->
<script type="text/javascript" src="/static/js/timestamp.js?v=1543384230.0" charset="utf-8"></script>
<script type="text/javascript" src="/static/js/graph-calc.js?v=1543384230.0" charset="utf-8"></script>
<script type="text/javascript" src="/static/js/auto-complete.js?v=1543384230.0" charset="utf-8"></script>
<script type="text/javascript" src="/static/js/toolbar.js?v=1543384230.0" charset="utf-8"></script>
<style type="text/css">
body {
  margin-top:0 !important;
  padding-top:0 !important;
  /*min-width:800px !important;*/
}
.wb-autocomplete-suggestions {
    text-align: left; cursor: default; border: 1px solid #ccc; border-top: 0; background: #fff; box-shadow: -1px 1px 3px rgba(0,0,0,.1);
    position: absolute; display: none; z-index: 2147483647; max-height: 254px; overflow: hidden; overflow-y: auto; box-sizing: border-box;
}
.wb-autocomplete-suggestion { position: relative; padding: 0 .6em; line-height: 23px; white-space: nowrap; overflow: hidden; text-overflow: ellipsis; font-size: 1.02em; color: #333; }
.wb-autocomplete-suggestion b { font-weight: bold; }
.wb-autocomplete-suggestion.selected { background: #f0f0f0; }
</style>
<div id="wm-ipp" lang="en" style="display:none;direction:ltr;">
<div style="position:fixed;left:0;top:0;right:0;">
<div id="wm-ipp-inside">
  <div style="position:relative;">
    <div id="wm-logo" style="float:left;width:130px;padding-top:10px;">
      <a href="/web/" title="Wayback Machine home page"><img src="/static/images/toolbar/wayback-toolbar-logo.png" alt="Wayback Machine" width="110" height="39" border="0" /></a>
    </div>
    <div class="r" style="float:right;">
      <div id="wm-btns" style="text-align:right;height:25px;">
                  <div id="wm-save-snapshot-success">success</div>
          <div id="wm-save-snapshot-fail">fail</div>
          <a href="#"
             onclick="__wm.saveSnapshot('http://www.kerneltraffic.org/GNUe/gnue20060515_116.xml', '20071111061319')"
             title="Share via My Web Archive"
             id="wm-save-snapshot-open"
          >
            <span class="iconochive-web"></span>
          </a>
          <a href="https://archive.org/account/login.php"
             title="Sign In"
             id="wm-sign-in"
          >
            <span class="iconochive-person"></span>
          </a>
          <span id="wm-save-snapshot-in-progress" class="iconochive-web"></span>
        	<a href="http://faq.web.archive.org/" title="Get some help using the Wayback Machine" style="top:-6px;"><span class="iconochive-question" style="color:rgb(87,186,244);font-size:160%;"></span></a>
	<a id="wm-tb-close" href="#close" onclick="__wm.h(event);return false;" style="top:-2px;" title="Close the toolbar"><span class="iconochive-remove-circle" style="color:#888888;font-size:240%;"></span></a>
      </div>
      <div id="wm-share" style="text-align:right;">
	<a href="#" onclick="window.open('https://www.facebook.com/sharer/sharer.php?u=https://web.archive.org/web/20071111061319/http://www.kerneltraffic.org/GNUe/gnue20060515_116.xml', '', 'height=400,width=600'); return false;" title="Share on Facebook" style="margin-right:5px;" target="_blank"><span class="iconochive-facebook" style="color:#3b5998;font-size:160%;"></span></a>
	<a href="#" onclick="window.open('https://twitter.com/intent/tweet?text=https://web.archive.org/web/20071111061319/http://www.kerneltraffic.org/GNUe/gnue20060515_116.xml&amp;via=internetarchive', '', 'height=400,width=600'); return false;" title="Share on Twitter" style="margin-right:5px;" target="_blank"><span class="iconochive-twitter" style="color:#1dcaff;font-size:160%;"></span></a>
      </div>
    </div>
    <table class="c" style="">
      <tbody>
	<tr>
	  <td class="u" colspan="2">
	    <form target="_top" method="get" action="/web/submit" name="wmtb" id="wmtb"><input type="text" name="url" id="wmtbURL" value="http://www.kerneltraffic.org/GNUe/gnue20060515_116.xml" onfocus="this.focus();this.select();" /><input type="hidden" name="type" value="replay" /><input type="hidden" name="date" value="20071111061319" /><input type="submit" value="Go" /></form>
	  </td>
	  <td class="n" rowspan="2" style="width:110px;">
	    <table>
	      <tbody>
		<!-- NEXT/PREV MONTH NAV AND MONTH INDICATOR -->
		<tr class="m">
		  <td class="b" nowrap="nowrap"><a href="https://web.archive.org/web/20061014092330/http://www.kerneltraffic.org/GNUe/gnue20060515_116.xml" title="14 Oct 2006"><strong>Oct</strong></a></td>
		  <td class="c" id="displayMonthEl" title="You are here: 06:13:19 Nov 11, 2007">NOV</td>
		  <td class="f" nowrap="nowrap"><a href="https://web.archive.org/web/20080517111207/http://www.kerneltraffic.org/GNUe/gnue20060515_116.xml" title="17 May 2008"><strong>May</strong></a></td>
		</tr>
		<!-- NEXT/PREV CAPTURE NAV AND DAY OF MONTH INDICATOR -->
		<tr class="d">
		  <td class="b" nowrap="nowrap"><a href="https://web.archive.org/web/20061014092330/http://www.kerneltraffic.org/GNUe/gnue20060515_116.xml" title="09:23:30 Oct 14, 2006"><img src="/static/images/toolbar/wm_tb_prv_on.png" alt="Previous capture" width="14" height="16" border="0" /></a></td>
		  <td class="c" id="displayDayEl" style="width:34px;font-size:24px;white-space:nowrap;" title="You are here: 06:13:19 Nov 11, 2007">11</td>
		  <td class="f" nowrap="nowrap"><a href="https://web.archive.org/web/20080517111207/http://www.kerneltraffic.org/GNUe/gnue20060515_116.xml" title="11:12:07 May 17, 2008"><img src="/static/images/toolbar/wm_tb_nxt_on.png" alt="Next capture" width="14" height="16" border="0" /></a></td>
		</tr>
		<!-- NEXT/PREV YEAR NAV AND YEAR INDICATOR -->
		<tr class="y">
		  <td class="b" nowrap="nowrap"><a href="https://web.archive.org/web/20061014092330/http://www.kerneltraffic.org/GNUe/gnue20060515_116.xml" title="14 Oct 2006"><strong>2006</strong></a></td>
		  <td class="c" id="displayYearEl" title="You are here: 06:13:19 Nov 11, 2007">2007</td>
		  <td class="f" nowrap="nowrap"><a href="https://web.archive.org/web/20170404091429/http://kerneltraffic.org/GNUe/gnue20060515_116.xml" title="04 Apr 2017"><strong>2017</strong></a></td>
		</tr>
	      </tbody>
	    </table>
	  </td>
	</tr>
	<tr>
	  <td class="s">
	    	    <div id="wm-nav-captures">
	      	      <a class="t" href="/web/20071111061319*/http://www.kerneltraffic.org/GNUe/gnue20060515_116.xml" title="See a list of every capture for this URL">6 captures</a>
	      <div class="r" title="Timespan for captures of this URL">14 Oct 2006 - 20 Oct 2017</div>
	      </div>
	  </td>
	  <td class="k">
	    <a href="" id="wm-graph-anchor">
	      <div id="wm-ipp-sparkline" title="Explore captures for this URL" style="position: relative">
		<canvas id="wm-sparkline-canvas" width="575" height="27" border="0"></canvas>
	      </div>
	    </a>
	  </td>
	</tr>
      </tbody>
    </table>
    <div style="position:absolute;bottom:0;right:2px;text-align:right;">
      <a id="wm-expand" class="wm-btn wm-closed" href="#expand" onclick="__wm.ex(event);return false;"><span id="wm-expand-icon" class="iconochive-down-solid"></span> <span style="font-size:80%">About this capture</span></a>
    </div>
  </div>
    <div id="wm-capinfo" style="border-top:1px solid #777;display:none; overflow: hidden">
            <div style="background-color:#666;color:#fff;font-weight:bold;text-align:center">COLLECTED BY</div>
    <div style="padding:3px;position:relative" id="wm-collected-by-content">
            <div style="display:inline-block;vertical-align:top;width:50%;">
			<span class="c-logo" style="background-image:url(https://archive.org/services/img/webwidecrawl);"></span>
		Organization: <a style="color:#33f;" href="https://archive.org/details/webwidecrawl" target="_new"><span class="wm-title">Internet Archive</span></a>
		<div style="max-height:75px;overflow:hidden;position:relative;">
	  <div style="position:absolute;top:0;left:0;width:100%;height:75px;background:linear-gradient(to bottom,rgba(255,255,255,0) 0%,rgba(255,255,255,0) 90%,rgba(255,255,255,255) 100%);"></div>
	  The Internet Archive discovers and captures web pages through many different web crawls.

At any given time several distinct crawls are running, some for months, and some every day or longer.

View the web archive through the <a href="http://archive.org/web/web.php">Wayback Machine</a>.
	</div>
	      </div>
      <div style="display:inline-block;vertical-align:top;width:49%;">
			<span class="c-logo" style="background-image:url(https://archive.org/services/img/aroundtheworldcrawl)"></span>
		<div>Collection: <a style="color:#33f;" href="https://archive.org/details/aroundtheworldcrawl" target="_new"><span class="wm-title">Around The World Crawl</span></a></div>
		<div style="max-height:75px;overflow:hidden;position:relative;">
	  <div style="position:absolute;top:0;left:0;width:100%;height:75px;background:linear-gradient(to bottom,rgba(255,255,255,0) 0%,rgba(255,255,255,0) 90%,rgba(255,255,255,255) 100%);"></div>
	  Data crawled by Sloan Foundation on behalf of Internet Archive
<br /><br />
	</div>
	      </div>
    </div>
    <div style="background-color:#666;color:#fff;font-weight:bold;text-align:center" title="Timestamps for the elements of this page">TIMESTAMPS</div>
    <div>
      <div id="wm-capresources" style="margin:0 5px 5px 5px;max-height:250px;overflow-y:scroll !important"></div>
      <div id="wm-capresources-loading" style="text-align:left;margin:0 20px 5px 5px;display:none"><img src="/static/images/loading.gif" alt="loading" /></div>
    </div>
  </div></div></div></div><script type="text/javascript">
__wm.bt(575,27,25,2,"web","http://www.kerneltraffic.org/GNUe/gnue20060515_116.xml","2007-11-11",1996);
</script>
<!-- END WAYBACK TOOLBAR INSERT --><kc>

<title>GNUe Traffic</title>

<editor contact="mailto:psu@burdonvale.co.uk">Peter Sullivan</editor>

<issue num="116" date="15 May 2006 12:00:00 -0800"/>

<intro>
  This newsletter mainly covers the the #gnuenterprise IRC channel, 
  with occasional coverage of the three main mailing lists 
  (gnue-announce, gnue and gnue-dev) for the 
  <a href="https://web.archive.org/web/20071111061319/http://www.gnuenterprise.org/">GNU Enterprise</a> 
  project.
</intro>


<section title="GNUe status" subject="[IRC] 09 May 2006" archive="http://www.gnuenterprise.org/irc-logs/gnue-public.log.2006-05-09" author="Peter Sullivan" contact="mailto:psu@burdonvale.co.uk" startdate="09 May 2006 12:00:00 -0800" enddate="09 May 2006 12:00:00 -0800">

<topic>Financials (Accounting)</topic>
<topic>Forms</topic>
<topic>Designer</topic>

<p>It was asked how feasible it would be to put a GNUe implementation 
into production. Nick Rusnov (nickr) noted that 
<quote who="Nick Rusnov">People are using it in production - well 
components of it</quote>. Jason Cater (jcater) explained 
<quote who="Jason Cater">most gnue implementations right now are using 
the form builder/interface components</quote>. 
<quote who="Jason Cater">if you are looking for a complete financials 
package, then GNUe is not ready for you</quote> as of time of writing. 
However, <quote who="Jason Cater">if you were looking for tools to 
easily build an interface to your own database, then gnue</quote> 
might be suitable. It was more a framework for business/database 
application development rather than a shrink-wrapped package of 
applications as of time of writing.</p>

</section>


<section title="Performance issues with Application Server and XML-RPC" subject="[IRC] 10 May 2006" archive="http://www.gnuenterprise.org/irc-logs/gnue-public.log.2006-05-10" author="Peter Sullivan" contact="mailto:psu@burdonvale.co.uk" startdate="10 May 2006 12:00:00 -0800" enddate="12 May 2006 12:00:00 -0800">

<topic>Application Server</topic>

<p>Malek Hadj-Ali (lekma) reported <quote who="Malek Hadj-Ali">after 
benchmarking a little bit the appserver, i got some ugly 
results</quote>. The bottleneck appeared to be in the XML-RPC (remote 
procedure call) code rather than in the application server itself. So 
Malek had <quote who="Malek Hadj-Ali">searched for an alternative to 
xmlrpc</quote> and <quote who="Malek Hadj-Ali">finally found a spec 
for a binary rpc protocol, that was partly implemented in 
python</quote>, called <a href="https://web.archive.org/web/20071111061319/http://caucho.com/hessian/">hessian</a>. 
He <quote who="Malek Hadj-Ali">re implemented it in python</quote> 
taking care <quote who="Malek Hadj-Ali">to keep the api</quote> 
the same as for the existing XML-RPC used by GNUe. The 
<quote who="Malek Hadj-Ali">results are: the encoding part is 
slightly slower than xmlrpc - the decoding is way faster than xmlrpc
- so on the overall hessian is faster</quote>. However, Reinhard 
M&#252;ller (reinhard) was still concerned about the loss in performance 
compared to just running a query directly against the database - 
<quote who="Reinhard Müller">xmlrpc adds an overhead of 20000% - 
and hessian adds an overhead of 6000% - which both are disgusting 
numbers :(</quote>.</p>

<p>In any case, <quote who="Reinhard Müller">the simple fact that 
appserver itself (without the rpc protocol) adds 4000 % overhead 
is not nice</quote> - <quote who="Reinhard Müller">what strikes me 
odd is that I think we did performance tests and they were 
acceptable</quote>. Johannes Vetter (johannesV) wondered if 
<quote who="Johannes Vetter">maybe the number of records was too 
low then</quote>, noting that the GNUe Schema Definition (.gsd)
format <quote who="Johannes Vetter">has shown to be not very well 
suited for large files</quote>. Malek confirmed that generating 
the gsd file seemed to be the bottleneck.</p>

<p>Malek sent his sample data and code to Johannes, who ran them 
himself, and got even more extreme results - just over a second 
for running a query directly against the database, and almost 18 
minutes going via Application Server and XML-RPC. Malek said that 
he had dug into the code enough to determine that 
<quote who="Malek Hadj-Ali">the for loop in fetch is the 
killer</quote>, but did not understand the GNUe code internals 
enough to progress any further. Reinhard said that the data 
from the database should only be being fetched once and then 
cached before being processed to XML-RPC - 
<quote who="Reinhard Müller">it might be a good idea to check 
postgresql logs to see if the sql statements against the db are 
those that we would expect - acually finding out that a bug 
somewhere causes a new sql statement to be issued for every 
record would be an easy eplanation of the bad performance, 
and should be fixable - but i fear it's not that 
easy...</quote>. Johannes confirmed from the database 
logs that only one SQL statement was being generated.</p>

<p>Johannes did some testing with hotshot, a high performance 
logging profiler for python, and was able to produce some 
statistics on what parts of the code were taking the most 
time to run.</p>

<p><a href="https://web.archive.org/web/20071111061319/http://www.gnuenterprise.org/irc-logs/gnue-public.log.2006-05-11">The
next day</a>, Malek reported <quote who="Malek Hadj-Ali">my hessian 
impl seems to be now faster than xmlrpc in decoding and encoding 
(after a bit of tuning on unicode)</quote> - also 
<quote who="Malek Hadj-Ali">it generates smaler messages which 
is good for network</quote>. He confirmed there were no new 
external dependencies in the code - he had implemented the 
hessian protocol directly within the existing GNUe code base.</p>

<p><a href="https://web.archive.org/web/20071111061319/http://www.gnuenterprise.org/irc-logs/gnue-public.log.2006-05-12">The
next day</a>, Reinhard developed further optimisation improvements. 
Previously, GNUe had been <quote who="Reinhard Müller">using 
the same datasources library for forms and appserver</quote> 
but this <quote who="Reinhard Müller">had a lot of overhead 
that was only for forms - like tracking dirty records, caching, 
etc</quote>. For Application Server, these sorts of issues 
were <quote who="Reinhard Müller">anyway done in appserver 
itself</quote>. So he had written a more 'raw' ResultSet 
function, removing this overhead, which Application Server 
could then use directly. He added <quote who="Reinhard Müller">as 
a side effect, it should also greatly reduce the memory 
footprint</quote>.</p>

<p>Also, he wondered if these optimisations 
<quote who="Reinhard Müller">might also be interesting for 
reports, as AFAICT reports should also be able 
to work without that overhead</quote> - except possibly 
<quote who="Reinhard Müller">the missing master/detail ability 
might be a problem...</quote>.</p>

<p>However, this was still <quote who="Reinhard Müller">only 
a part of the performance loss in appserver</quote>, which was 
still significantly slower than accessing the data directly using 
the psycopg database driver. Although GNUe Application Server was 
already faster, as of time of writing, than some other, slower, 
database drivers!</p>

<p>Reinhard said he would change Application Server's data 
access code to use <quote who="Reinhard Müller">the new 
ResultSet.raw() function</quote> he had written. He also made 
various other optimisations, not all of which yielded the 
expected results - <quote who="Reinhard Müller">python profiling 
is full of surprises - changing a single</quote> assignment statement 
into a simpler form <quote who="Reinhard Müller">increased 
overall appserver performance by  &gt; 5%</quote>!</p>

</section>

</kc><!--
     FILE ARCHIVED ON 06:13:19 Nov 11, 2007 AND RETRIEVED FROM THE
     INTERNET ARCHIVE ON 09:22:19 Dec 05, 2018.
     JAVASCRIPT APPENDED BY WAYBACK MACHINE, COPYRIGHT INTERNET ARCHIVE.

     ALL OTHER CONTENT MAY ALSO BE PROTECTED BY COPYRIGHT (17 U.S.C.
     SECTION 108(a)(3)).
-->
<!--
playback timings (ms):
  LoadShardBlock: 214.294 (3)
  esindex: 0.015
  captures_list: 231.274
  CDXLines.iter: 12.315 (3)
  PetaboxLoader3.datanode: 221.091 (4)
  exclusion.robots: 0.297
  exclusion.robots.policy: 0.286
  RedisCDXSource: 1.637
  PetaboxLoader3.resolve: 17.776
  load_resource: 55.819
-->